{
    "elapsed_time": 0.749649333069101,
    "num_requests": 128,
    "total_num_tokens": 32896,
    "requests_per_second": 170.74650020158325,
    "tokens_per_second": 43881.85055180689
}