{
    "elapsed_time": 0.7180862949462608,
    "num_requests": 128,
    "total_num_tokens": 16512,
    "requests_per_second": 178.25155681265176,
    "tokens_per_second": 22994.450828832076
}