{
    "elapsed_time": 0.6715338230133057,
    "num_requests": 128,
    "total_num_tokens": 2176,
    "requests_per_second": 190.6084185389778,
    "tokens_per_second": 3240.3431151626223
}