{
    "elapsed_time": 0.8083800299791619,
    "num_requests": 128,
    "total_num_tokens": 32896,
    "requests_per_second": 158.3413682340712,
    "tokens_per_second": 40693.7316361563
}