{
    "elapsed_time": 0.6737689879955724,
    "num_requests": 128,
    "total_num_tokens": 16512,
    "requests_per_second": 189.9760931128536,
    "tokens_per_second": 24506.916011558114
}