{
    "elapsed_time": 0.6476934690726921,
    "num_requests": 128,
    "total_num_tokens": 2176,
    "requests_per_second": 197.6243487266571,
    "tokens_per_second": 3359.6139283531706
}