{
    "elapsed_time": 8.528773686150089,
    "num_requests": 512,
    "total_num_tokens": 524800,
    "requests_per_second": 60.03207715916286,
    "tokens_per_second": 61532.87908814193
}