{
    "elapsed_time": 18.176319116028026,
    "num_requests": 1024,
    "total_num_tokens": 1049600,
    "requests_per_second": 56.337039059631635,
    "tokens_per_second": 57745.46503612243
}