{
    "elapsed_time": 74.6675344069954,
    "num_requests": 4096,
    "total_num_tokens": 4198400,
    "requests_per_second": 54.85650534104494,
    "tokens_per_second": 56227.917974571064
}