{
    "elapsed_time": 4.215989554068074,
    "num_requests": 256,
    "total_num_tokens": 262400,
    "requests_per_second": 60.72121306680697,
    "tokens_per_second": 62239.24339347715
}