{
    "elapsed_time": 37.19429622287862,
    "num_requests": 2048,
    "total_num_tokens": 2099200,
    "requests_per_second": 55.062205982546665,
    "tokens_per_second": 56438.76113211033
}