{
    "elapsed_time": 2.314455398125574,
    "num_requests": 128,
    "total_num_tokens": 65664,
    "requests_per_second": 55.304587033158796,
    "tokens_per_second": 28371.253148010463
}