{
    "elapsed_time": 2.4075733739882708,
    "num_requests": 128,
    "total_num_tokens": 131200,
    "requests_per_second": 53.16556553703754,
    "tokens_per_second": 54494.70467546348
}