{
    "elapsed_time": 2.050575730856508,
    "num_requests": 128,
    "total_num_tokens": 2176,
    "requests_per_second": 62.42149366828578,
    "tokens_per_second": 1061.1653923608583
}