{
    "elapsed_time": 178.650794737041,
    "num_requests": 8192,
    "total_num_tokens": 8396800,
    "requests_per_second": 45.854819801154186,
    "tokens_per_second": 47001.19029618304
}