{
    "elapsed_time": 10.631977437064052,
    "num_requests": 512,
    "total_num_tokens": 524800,
    "requests_per_second": 48.1566108497485,
    "tokens_per_second": 49360.52612099222
}