{
    "elapsed_time": 2.5833189389668405,
    "num_requests": 128,
    "total_num_tokens": 65664,
    "requests_per_second": 49.54866318256145,
    "tokens_per_second": 25418.464212654024
}