{
    "elapsed_time": 1.9897609141189605,
    "num_requests": 128,
    "total_num_tokens": 131200,
    "requests_per_second": 64.32933680209348,
    "tokens_per_second": 65937.5702221458
}