{
    "elapsed_time": 22.070372747955844,
    "num_requests": 1024,
    "total_num_tokens": 1049600,
    "requests_per_second": 46.3970414860729,
    "tokens_per_second": 47556.96752322472
}