{
    "elapsed_time": 3.1238561409991235,
    "num_requests": 128,
    "total_num_tokens": 131200,
    "requests_per_second": 40.974998278589396,
    "tokens_per_second": 41999.37323555413
}