{
    "elapsed_time": 89.56614019791596,
    "num_requests": 4096,
    "total_num_tokens": 4198400,
    "requests_per_second": 45.7315676543501,
    "tokens_per_second": 46874.856845708855
}