{
    "elapsed_time": 2.504460796015337,
    "num_requests": 256,
    "total_num_tokens": 262400,
    "requests_per_second": 102.21761123484254,
    "tokens_per_second": 104773.0515157136
}