{
    "elapsed_time": 38.29925311310217,
    "num_requests": 4096,
    "total_num_tokens": 4198400,
    "requests_per_second": 106.94725528730373,
    "tokens_per_second": 109620.93666948633
}