{
    "elapsed_time": 5.193708639126271,
    "num_requests": 256,
    "total_num_tokens": 262400,
    "requests_per_second": 49.290404562060004,
    "tokens_per_second": 50522.664676111504
}