{
    "elapsed_time": 2.094086681958288,
    "num_requests": 128,
    "total_num_tokens": 32896,
    "requests_per_second": 61.12449933557699,
    "tokens_per_second": 15708.996329243288
}