{
    "elapsed_time": 44.68702148506418,
    "num_requests": 2048,
    "total_num_tokens": 2099200,
    "requests_per_second": 45.829861376742386,
    "tokens_per_second": 46975.60791116094
}