{
    "elapsed_time": 1.9997187780681998,
    "num_requests": 128,
    "total_num_tokens": 65664,
    "requests_per_second": 64.00900036736796,
    "tokens_per_second": 32836.617188459764
}