{
    "elapsed_time": 2.084288311889395,
    "num_requests": 128,
    "total_num_tokens": 16512,
    "requests_per_second": 61.411849440334265,
    "tokens_per_second": 7922.128577803121
}