{
    "elapsed_time": 9.2987699508667,
    "num_requests": 1024,
    "total_num_tokens": 1049600,
    "requests_per_second": 110.12209199826019,
    "tokens_per_second": 112875.14429821669
}