{
    "elapsed_time": 76.19920276105404,
    "num_requests": 8192,
    "total_num_tokens": 8396800,
    "requests_per_second": 107.5076864739455,
    "tokens_per_second": 110195.37863579414
}