{
    "elapsed_time": 2.176343464059755,
    "num_requests": 128,
    "total_num_tokens": 2176,
    "requests_per_second": 58.81424605711295,
    "tokens_per_second": 999.8421829709201
}