{
    "elapsed_time": 2.029880799120292,
    "num_requests": 128,
    "total_num_tokens": 32896,
    "requests_per_second": 63.05788992904043,
    "tokens_per_second": 16205.877711763389
}