{
    "elapsed_time": 4.559332384960726,
    "num_requests": 512,
    "total_num_tokens": 524800,
    "requests_per_second": 112.29714282048563,
    "tokens_per_second": 115104.57139099776
}