{
    "elapsed_time": 19.0373338740319,
    "num_requests": 2048,
    "total_num_tokens": 2099200,
    "requests_per_second": 107.57808911433752,
    "tokens_per_second": 110267.54134219595
}