{
    "elapsed_time": 2.117948300903663,
    "num_requests": 128,
    "total_num_tokens": 16512,
    "requests_per_second": 60.43584725150579,
    "tokens_per_second": 7796.224295444247
}