{
    "elapsed_time": 5.550059956964105,
    "num_requests": 128,
    "total_num_tokens": 131200,
    "requests_per_second": 23.062813914179095,
    "tokens_per_second": 23639.38426203357
}