{
    "elapsed_time": 1.0379673200659454,
    "num_requests": 128,
    "total_num_tokens": 2176,
    "requests_per_second": 123.31794799846661,
    "tokens_per_second": 2096.4051159739324
}