{
    "elapsed_time": 10.231797924032435,
    "num_requests": 256,
    "total_num_tokens": 262400,
    "requests_per_second": 25.02004065177123,
    "tokens_per_second": 25645.54166806551
}