{
    "elapsed_time": 3.2730111689306796,
    "num_requests": 128,
    "total_num_tokens": 65664,
    "requests_per_second": 39.10771867051669,
    "tokens_per_second": 20062.259677975064
}