{
    "elapsed_time": 1.083734710002318,
    "num_requests": 128,
    "total_num_tokens": 16512,
    "requests_per_second": 118.11008618495408,
    "tokens_per_second": 15236.201117859076
}