{
    "elapsed_time": 41.8911792950239,
    "num_requests": 1024,
    "total_num_tokens": 1049600,
    "requests_per_second": 24.444286774271767,
    "tokens_per_second": 25055.39394362856
}