{
    "elapsed_time": 20.70632677501999,
    "num_requests": 512,
    "total_num_tokens": 524800,
    "requests_per_second": 24.726742003206205,
    "tokens_per_second": 25344.910553286358
}