{
    "elapsed_time": 1.121621689060703,
    "num_requests": 128,
    "total_num_tokens": 32896,
    "requests_per_second": 114.12047506605639,
    "tokens_per_second": 29328.962091976493
}