{
    "elapsed_time": 83.68249575793743,
    "num_requests": 2048,
    "total_num_tokens": 2099200,
    "requests_per_second": 24.473457459061784,
    "tokens_per_second": 25085.29389553833
}