{
    "elapsed_time": 2.3878317259950563,
    "num_requests": 256,
    "total_num_tokens": 69632,
    "requests_per_second": 107.21023479714417,
    "tokens_per_second": 29161.18386482321
}