{
    "elapsed_time": 1.7257354179746471,
    "num_requests": 128,
    "total_num_tokens": 34816,
    "requests_per_second": 74.17127716496832,
    "tokens_per_second": 20174.587388871383
}