{
    "elapsed_time": 3.9770770209725015,
    "num_requests": 512,
    "total_num_tokens": 139264,
    "requests_per_second": 128.73776326182445,
    "tokens_per_second": 35016.67160721625
}