{
    "elapsed_time": 1.5398906210321002,
    "num_requests": 64,
    "total_num_tokens": 17408,
    "requests_per_second": 41.56139346904034,
    "tokens_per_second": 11304.699023578973
}