{
    "elapsed_time": 0.9901269850088283,
    "num_requests": 64,
    "total_num_tokens": 17408,
    "requests_per_second": 64.63817365752269,
    "tokens_per_second": 17581.58323484617
}