{
    "elapsed_time": 2.903674208035227,
    "num_requests": 512,
    "total_num_tokens": 139264,
    "requests_per_second": 176.32832174600097,
    "tokens_per_second": 47961.30351491226
}