{
    "elapsed_time": 1.7765278529841453,
    "num_requests": 256,
    "total_num_tokens": 69632,
    "requests_per_second": 144.1013151412069,
    "tokens_per_second": 39195.55771840828
}