{
    "elapsed_time": 1.7049363079713657,
    "num_requests": 128,
    "total_num_tokens": 34816,
    "requests_per_second": 75.076118328609,
    "tokens_per_second": 20420.704185381644
}