{
    "elapsed_time": 1.236131192999892,
    "num_requests": 128,
    "total_num_tokens": 34816,
    "requests_per_second": 103.54887954033791,
    "tokens_per_second": 28165.295234971913
}