{
    "elapsed_time": 2.28877497499343,
    "num_requests": 256,
    "total_num_tokens": 69632,
    "requests_per_second": 111.85022677938657,
    "tokens_per_second": 30423.26168399315
}