{
    "elapsed_time": 1.3840517420321703,
    "num_requests": 64,
    "total_num_tokens": 17408,
    "requests_per_second": 46.24104580514477,
    "tokens_per_second": 12577.564458999377
}