{
    "elapsed_time": 4.073352865991183,
    "num_requests": 512,
    "total_num_tokens": 139264,
    "requests_per_second": 125.6949782756946,
    "tokens_per_second": 34189.03409098893
}