{
    "elapsed_time": 2.2745951620163396,
    "num_requests": 64,
    "total_num_tokens": 17408,
    "requests_per_second": 28.136875110235664,
    "tokens_per_second": 7653.2300299841
}