{
    "elapsed_time": 4.07959158095764,
    "num_requests": 256,
    "total_num_tokens": 69632,
    "requests_per_second": 62.75137962215001,
    "tokens_per_second": 17068.375257224805
}