{
    "elapsed_time": 1.8804588309722021,
    "num_requests": 128,
    "total_num_tokens": 34816,
    "requests_per_second": 68.0684936525963,
    "tokens_per_second": 18514.630273506194
}