{
    "elapsed_time": 2.559001170040574,
    "num_requests": 256,
    "total_num_tokens": 69632,
    "requests_per_second": 100.03903202433511,
    "tokens_per_second": 27210.61671061915
}