{
    "elapsed_time": 1.4603210190543905,
    "num_requests": 64,
    "total_num_tokens": 17408,
    "requests_per_second": 43.82598015431036,
    "tokens_per_second": 11920.666601972418
}