{
    "elapsed_time": 7.146843880997039,
    "num_requests": 512,
    "total_num_tokens": 139264,
    "requests_per_second": 71.64001460300153,
    "tokens_per_second": 19486.083972016415
}