{
    "elapsed_time": 2.8872087199706584,
    "num_requests": 128,
    "total_num_tokens": 34816,
    "requests_per_second": 44.3334765216769,
    "tokens_per_second": 12058.705613896116
}