{
    "elapsed_time": 4.633956580015365,
    "num_requests": 512,
    "total_num_tokens": 139264,
    "requests_per_second": 110.48873487681715,
    "tokens_per_second": 30052.935886494266
}