{
    "elapsed_time": 24.87113393796608,
    "num_requests": 512,
    "total_num_tokens": 139264,
    "requests_per_second": 20.58611405804968,
    "tokens_per_second": 5599.4230237895135
}