{
    "elapsed_time": 5.772286523133516,
    "num_requests": 64,
    "total_num_tokens": 17408,
    "requests_per_second": 11.087460704438016,
    "tokens_per_second": 3015.78931160714
}