{
    "elapsed_time": 7.931241899263114,
    "num_requests": 128,
    "total_num_tokens": 34816,
    "requests_per_second": 16.13870836695731,
    "tokens_per_second": 4389.728675812388
}