{
    "elapsed_time": 12.763345199637115,
    "num_requests": 256,
    "total_num_tokens": 69632,
    "requests_per_second": 20.057437607131284,
    "tokens_per_second": 5455.623029139709
}