{
    "elapsed_time": 15.623377627227455,
    "num_requests": 256,
    "total_num_tokens": 69632,
    "requests_per_second": 16.385701357807484,
    "tokens_per_second": 4456.910769323636
}