{
    "elapsed_time": 3.5548404259607196,
    "num_requests": 64,
    "total_num_tokens": 17408,
    "requests_per_second": 18.00362107188076,
    "tokens_per_second": 4896.984931551568
}