{
    "elapsed_time": 7.172129356767982,
    "num_requests": 64,
    "total_num_tokens": 17408,
    "requests_per_second": 8.923430799474689,
    "tokens_per_second": 2427.1731774571153
}