{
    "elapsed_time": 7.949046088848263,
    "num_requests": 256,
    "total_num_tokens": 69632,
    "requests_per_second": 32.205122116368536,
    "tokens_per_second": 8759.793215652242
}