{
    "elapsed_time": 4.733913341071457,
    "num_requests": 128,
    "total_num_tokens": 34816,
    "requests_per_second": 27.038940254666542,
    "tokens_per_second": 7354.5917492693
}