{
    "elapsed_time": 15.448805573862046,
    "num_requests": 512,
    "total_num_tokens": 139264,
    "requests_per_second": 33.14172073381885,
    "tokens_per_second": 9014.548039598727
}