{
    "elapsed_time": 2.4135675108991563,
    "num_requests": 16,
    "total_num_tokens": 4352,
    "requests_per_second": 6.6291909912390725,
    "tokens_per_second": 1803.139949617028
}