{
    "elapsed_time": 9.373074430972338,
    "num_requests": 128,
    "total_num_tokens": 34816,
    "requests_per_second": 13.656138222591883,
    "tokens_per_second": 3714.469596544992
}