{
    "elapsed_time": 30.129140103701502,
    "num_requests": 512,
    "total_num_tokens": 139264,
    "requests_per_second": 16.993515189538996,
    "tokens_per_second": 4622.236131554607
}