{
    "elapsed_time": 24.344163060653955,
    "num_requests": 128,
    "total_num_tokens": 34816,
    "requests_per_second": 5.257933890809288,
    "tokens_per_second": 1430.1580183001265
}