{
    "elapsed_time": 38.24223253596574,
    "num_requests": 256,
    "total_num_tokens": 69632,
    "requests_per_second": 6.694169848981469,
    "tokens_per_second": 1820.8141989229596
}