{
    "elapsed_time": 20.01349152205512,
    "num_requests": 256,
    "total_num_tokens": 69632,
    "requests_per_second": 12.79137124663554,
    "tokens_per_second": 3479.2529790848666
}