{
    "elapsed_time": 40.219371461775154,
    "num_requests": 512,
    "total_num_tokens": 139264,
    "requests_per_second": 12.730184023054893,
    "tokens_per_second": 3462.610054270931
}