{
    "elapsed_time": 12.949053902644664,
    "num_requests": 128,
    "total_num_tokens": 34816,
    "requests_per_second": 9.884892051755054,
    "tokens_per_second": 2688.690638077375
}