{
    "elapsed_time": 11.26346572022885,
    "num_requests": 64,
    "total_num_tokens": 17408,
    "requests_per_second": 5.682087697488873,
    "tokens_per_second": 1545.5278537169734
}