{
    "elapsed_time": 75.14170279586688,
    "num_requests": 512,
    "total_num_tokens": 139264,
    "requests_per_second": 6.813792886633416,
    "tokens_per_second": 1853.3516651642892
}