{
    "elapsed_time": 19.934897569939494,
    "num_requests": 64,
    "total_num_tokens": 17408,
    "requests_per_second": 3.21045040615146,
    "tokens_per_second": 873.2425104731971
}