{
    "elapsed_time": 4.254516815009993,
    "num_requests": 1024,
    "total_num_tokens": 1049600,
    "requests_per_second": 240.68538086095094,
    "tokens_per_second": 246702.5153824747
}