{
    "elapsed_time": 3.8490694349748082,
    "num_requests": 512,
    "total_num_tokens": 524800,
    "requests_per_second": 133.01916441093013,
    "tokens_per_second": 136344.6435212034
}