{
    "elapsed_time": 7.51794988301117,
    "num_requests": 2048,
    "total_num_tokens": 2099200,
    "requests_per_second": 272.4146917536664,
    "tokens_per_second": 279225.05904750805
}