{
    "elapsed_time": 3.8774819359532557,
    "num_requests": 256,
    "total_num_tokens": 262400,
    "requests_per_second": 66.02222891776385,
    "tokens_per_second": 67672.78464070795
}