{
    "elapsed_time": 3.890953944006469,
    "num_requests": 128,
    "total_num_tokens": 65664,
    "requests_per_second": 32.89681703818882,
    "tokens_per_second": 16876.067140590865
}