{
    "elapsed_time": 3.8825869729625992,
    "num_requests": 128,
    "total_num_tokens": 131200,
    "requests_per_second": 32.967709646006945,
    "tokens_per_second": 33791.90238715712
}