{
    "elapsed_time": 14.16632836801,
    "num_requests": 4096,
    "total_num_tokens": 4198400,
    "requests_per_second": 289.1363163125225,
    "tokens_per_second": 296364.7242203356
}