{
    "elapsed_time": 2.865204542002175,
    "num_requests": 128,
    "total_num_tokens": 2176,
    "requests_per_second": 44.67394844716913,
    "tokens_per_second": 759.4571236018752
}