{
    "elapsed_time": 3.120328161981888,
    "num_requests": 128,
    "total_num_tokens": 16512,
    "requests_per_second": 41.021326397509526,
    "tokens_per_second": 5291.751105278729
}