{
    "elapsed_time": 3.8094327020226046,
    "num_requests": 512,
    "total_num_tokens": 524800,
    "requests_per_second": 134.403214349516,
    "tokens_per_second": 137763.29470825387
}