{
    "elapsed_time": 3.7381240769755095,
    "num_requests": 128,
    "total_num_tokens": 65664,
    "requests_per_second": 34.24177404607819,
    "tokens_per_second": 17566.03008563811
}