{
    "elapsed_time": 3.08609867998166,
    "num_requests": 256,
    "total_num_tokens": 262400,
    "requests_per_second": 82.95262937007618,
    "tokens_per_second": 85026.44510432809
}