{
    "elapsed_time": 17.413277975050732,
    "num_requests": 8192,
    "total_num_tokens": 8396800,
    "requests_per_second": 470.4455997163356,
    "tokens_per_second": 482206.739709244
}