{
    "elapsed_time": 8.352520307991654,
    "num_requests": 2048,
    "total_num_tokens": 2099200,
    "requests_per_second": 245.19545292700252,
    "tokens_per_second": 251325.33925017758
}