{
    "elapsed_time": 16.019594061013777,
    "num_requests": 4096,
    "total_num_tokens": 4198400,
    "requests_per_second": 255.68687848141332,
    "tokens_per_second": 262079.05044344865
}