{
    "elapsed_time": 2.9494816260412335,
    "num_requests": 128,
    "total_num_tokens": 65664,
    "requests_per_second": 43.39745630889059,
    "tokens_per_second": 22262.89508646087
}