{
    "elapsed_time": 3.1841306829592213,
    "num_requests": 512,
    "total_num_tokens": 524800,
    "requests_per_second": 160.79742038858933,
    "tokens_per_second": 164817.3558983041
}