{
    "elapsed_time": 3.224653421959374,
    "num_requests": 128,
    "total_num_tokens": 32896,
    "requests_per_second": 39.69418825860183,
    "tokens_per_second": 10201.406382460671
}