{
    "elapsed_time": 3.7365953200496733,
    "num_requests": 256,
    "total_num_tokens": 262400,
    "requests_per_second": 68.51156683368023,
    "tokens_per_second": 70224.35600452224
}