{
    "elapsed_time": 4.618677108956035,
    "num_requests": 1024,
    "total_num_tokens": 1049600,
    "requests_per_second": 221.70850567024286,
    "tokens_per_second": 227251.21831199893
}