{
    "elapsed_time": 3.6323278850177303,
    "num_requests": 128,
    "total_num_tokens": 131200,
    "requests_per_second": 35.23910947796366,
    "tokens_per_second": 36120.08721491275
}