{
    "elapsed_time": 3.4113812259747647,
    "num_requests": 1024,
    "total_num_tokens": 1049600,
    "requests_per_second": 300.17167011505825,
    "tokens_per_second": 307675.9618679347
}