{
    "elapsed_time": 31.315407073998358,
    "num_requests": 8192,
    "total_num_tokens": 8396800,
    "requests_per_second": 261.5964716869971,
    "tokens_per_second": 268136.383479172
}