{
    "elapsed_time": 4.439609140972607,
    "num_requests": 2048,
    "total_num_tokens": 2099200,
    "requests_per_second": 461.3018702703488,
    "tokens_per_second": 472834.4170271075
}