{
    "elapsed_time": 8.775867844989989,
    "num_requests": 4096,
    "total_num_tokens": 4198400,
    "requests_per_second": 466.73446687535807,
    "tokens_per_second": 478402.82854724204
}