{
    "elapsed_time": 3.1397225109976716,
    "num_requests": 128,
    "total_num_tokens": 131200,
    "requests_per_second": 40.767933966026504,
    "tokens_per_second": 41787.132315177165
}