{
    "elapsed_time": 55.13802526902873,
    "num_requests": 4096,
    "total_num_tokens": 4198400,
    "requests_per_second": 74.28630205769703,
    "tokens_per_second": 76143.45960913946
}