{
    "elapsed_time": 106.89961351500824,
    "num_requests": 8192,
    "total_num_tokens": 8396800,
    "requests_per_second": 76.63264375459953,
    "tokens_per_second": 78548.45984846452
}