{
    "elapsed_time": 29.294890427961946,
    "num_requests": 4096,
    "total_num_tokens": 4198400,
    "requests_per_second": 139.8196047215924,
    "tokens_per_second": 143315.09483963222
}