{
    "elapsed_time": 5.397225055028684,
    "num_requests": 256,
    "total_num_tokens": 262400,
    "requests_per_second": 47.43178158959307,
    "tokens_per_second": 48617.5761293329
}