{
    "elapsed_time": 3.4207689029863104,
    "num_requests": 128,
    "total_num_tokens": 65664,
    "requests_per_second": 37.41848795697855,
    "tokens_per_second": 19195.68432193
}