{
    "elapsed_time": 3.2900932100019418,
    "num_requests": 128,
    "total_num_tokens": 131200,
    "requests_per_second": 38.90467285573482,
    "tokens_per_second": 39877.289677128196
}