{
    "elapsed_time": 14.83196650800528,
    "num_requests": 1024,
    "total_num_tokens": 1049600,
    "requests_per_second": 69.04006959881652,
    "tokens_per_second": 70766.07133878692
}