{
    "elapsed_time": 5.6309620550018735,
    "num_requests": 128,
    "total_num_tokens": 131200,
    "requests_per_second": 22.73146200413482,
    "tokens_per_second": 23299.748554238187
}