{
    "elapsed_time": 3.284246733994223,
    "num_requests": 256,
    "total_num_tokens": 262400,
    "requests_per_second": 77.94785859120239,
    "tokens_per_second": 79896.55505598245
}