{
    "elapsed_time": 7.69043848401634,
    "num_requests": 512,
    "total_num_tokens": 524800,
    "requests_per_second": 66.57617781666559,
    "tokens_per_second": 68240.58226208223
}