{
    "elapsed_time": 28.03547967801569,
    "num_requests": 2048,
    "total_num_tokens": 2099200,
    "requests_per_second": 73.05029282612776,
    "tokens_per_second": 74876.55014678095
}