{
    "elapsed_time": 15.226371349999681,
    "num_requests": 2048,
    "total_num_tokens": 2099200,
    "requests_per_second": 134.50348431177878,
    "tokens_per_second": 137866.07141957324
}