{
    "elapsed_time": 5.634660576994065,
    "num_requests": 128,
    "total_num_tokens": 65664,
    "requests_per_second": 22.716541351685898,
    "tokens_per_second": 11653.585713414865
}