{
    "elapsed_time": 7.970324320020154,
    "num_requests": 1024,
    "total_num_tokens": 1049600,
    "requests_per_second": 128.47657872940994,
    "tokens_per_second": 131688.49319764518
}