{
    "elapsed_time": 4.283096927974839,
    "num_requests": 512,
    "total_num_tokens": 524800,
    "requests_per_second": 119.53967155305241,
    "tokens_per_second": 122528.16334187872
}