{
    "elapsed_time": 1.6673992420001014,
    "num_requests": 128,
    "total_num_tokens": 32896,
    "requests_per_second": 76.76625775987502,
    "tokens_per_second": 19728.92824428788
}