{
    "elapsed_time": 1.6503846809991956,
    "num_requests": 128,
    "total_num_tokens": 2176,
    "requests_per_second": 77.55767577926422,
    "tokens_per_second": 1318.4804882474916
}