{
    "elapsed_time": 1.6721402630009834,
    "num_requests": 128,
    "total_num_tokens": 16512,
    "requests_per_second": 76.54860231059739,
    "tokens_per_second": 9874.769698067063
}