{
    "elapsed_time": 8.062574230134487,
    "num_requests": 512,
    "total_num_tokens": 139264,
    "requests_per_second": 63.503291304452226,
    "tokens_per_second": 17272.895234811007
}