{
    "elapsed_time": 4.168953876011074,
    "num_requests": 256,
    "total_num_tokens": 69632,
    "requests_per_second": 61.40629222910597,
    "tokens_per_second": 16702.511486316824
}