{
    "elapsed_time": 3.043892794987187,
    "num_requests": 128,
    "total_num_tokens": 34816,
    "requests_per_second": 42.05141528334897,
    "tokens_per_second": 11437.98495707092
}