{
    "elapsed_time": 2.2292835868429393,
    "num_requests": 64,
    "total_num_tokens": 17408,
    "requests_per_second": 28.708774593651114,
    "tokens_per_second": 7808.786689473103
}