{
    "elapsed_time": 2.999272341025062,
    "num_requests": 256,
    "total_num_tokens": 69632,
    "requests_per_second": 85.35403621016518,
    "tokens_per_second": 23216.297849164926
}