{
    "elapsed_time": 9.170852110022679,
    "num_requests": 512,
    "total_num_tokens": 139264,
    "requests_per_second": 55.829054253360304,
    "tokens_per_second": 15185.502756914004
}