{
    "elapsed_time": 4.658173011033796,
    "num_requests": 256,
    "total_num_tokens": 69632,
    "requests_per_second": 54.95716869974856,
    "tokens_per_second": 14948.349886331607
}