{
    "elapsed_time": 2.1910691619850695,
    "num_requests": 128,
    "total_num_tokens": 34816,
    "requests_per_second": 58.41896833782932,
    "tokens_per_second": 15889.959387889576
}