{
    "elapsed_time": 1.6983102220110595,
    "num_requests": 64,
    "total_num_tokens": 17408,
    "requests_per_second": 37.684516745247045,
    "tokens_per_second": 10250.188554707196
}