{
    "elapsed_time": 5.758782309945673,
    "num_requests": 512,
    "total_num_tokens": 139264,
    "requests_per_second": 88.90768437552384,
    "tokens_per_second": 24182.890150142484
}