{
    "elapsed_time": 2.582439122023061,
    "num_requests": 64,
    "total_num_tokens": 17408,
    "requests_per_second": 24.782772013561715,
    "tokens_per_second": 6740.913987688787
}