{
    "elapsed_time": 3.2413882749387994,
    "num_requests": 128,
    "total_num_tokens": 34816,
    "requests_per_second": 39.48925248778373,
    "tokens_per_second": 10741.076676677174
}