{
    "elapsed_time": 5.113315709982999,
    "num_requests": 64,
    "total_num_tokens": 17408,
    "requests_per_second": 12.516340400231769,
    "tokens_per_second": 3404.444588863041
}