{
    "elapsed_time": 4.046844689990394,
    "num_requests": 128,
    "total_num_tokens": 34816,
    "requests_per_second": 31.629580526428317,
    "tokens_per_second": 8603.245903188503
}