{
    "elapsed_time": 12.648251981008798,
    "num_requests": 512,
    "total_num_tokens": 139264,
    "requests_per_second": 40.4799019476179,
    "tokens_per_second": 11010.533329752068
}