{
    "elapsed_time": 6.225005730055273,
    "num_requests": 256,
    "total_num_tokens": 69632,
    "requests_per_second": 41.12446013728038,
    "tokens_per_second": 11185.853157340263
}