{
    "elapsed_time": 22.131872244994156,
    "num_requests": 512,
    "total_num_tokens": 139264,
    "requests_per_second": 23.134057269637704,
    "tokens_per_second": 6292.463577341456
}