{
    "elapsed_time": 6.5946877570822835,
    "num_requests": 128,
    "total_num_tokens": 34816,
    "requests_per_second": 19.40956186478063,
    "tokens_per_second": 5279.400827220332
}