{
    "elapsed_time": 3.1178770299302414,
    "num_requests": 64,
    "total_num_tokens": 17408,
    "requests_per_second": 20.526787742309363,
    "tokens_per_second": 5583.286265908147
}