{
    "elapsed_time": 10.68012088292744,
    "num_requests": 256,
    "total_num_tokens": 69632,
    "requests_per_second": 23.96976614836123,
    "tokens_per_second": 6519.776392354254
}