{
    "elapsed_time": 0.6819096809485927,
    "num_requests": 128,
    "total_num_tokens": 32896,
    "requests_per_second": 187.70814313992642,
    "tokens_per_second": 48240.99278696109
}