{
    "elapsed_time": 0.6167130470275879,
    "num_requests": 128,
    "total_num_tokens": 8320,
    "requests_per_second": 207.5519572950985,
    "tokens_per_second": 13490.877224181402
}