{
    "elapsed_time": 0.6341131930239499,
    "num_requests": 128,
    "total_num_tokens": 16512,
    "requests_per_second": 201.85670540869123,
    "tokens_per_second": 26039.514997721166
}