{
    "elapsed_time": 8.15421358589083,
    "num_requests": 128,
    "total_num_tokens": 131200,
    "requests_per_second": 15.697405844443095,
    "tokens_per_second": 16089.840990554172
}