{
    "elapsed_time": 256.33741649985313,
    "num_requests": 4096,
    "total_num_tokens": 4198400,
    "requests_per_second": 15.97893922755653,
    "tokens_per_second": 16378.412708245443
}