{
    "elapsed_time": 64.99605718906969,
    "num_requests": 1024,
    "total_num_tokens": 1049600,
    "requests_per_second": 15.754801818535615,
    "tokens_per_second": 16148.671863999007
}