{
    "elapsed_time": 15.380406280048192,
    "num_requests": 256,
    "total_num_tokens": 262400,
    "requests_per_second": 16.644553813385862,
    "tokens_per_second": 17060.66765872051
}