{
    "elapsed_time": 129.10021908814088,
    "num_requests": 2048,
    "total_num_tokens": 2099200,
    "requests_per_second": 15.863644651150937,
    "tokens_per_second": 16260.235767429709
}