{
    "elapsed_time": 4.7061929241754115,
    "num_requests": 128,
    "total_num_tokens": 65664,
    "requests_per_second": 27.198205016728533,
    "tokens_per_second": 13952.679173581737
}