{
    "elapsed_time": 31.67115615401417,
    "num_requests": 512,
    "total_num_tokens": 524800,
    "requests_per_second": 16.166129127404982,
    "tokens_per_second": 16570.282355590105
}