{
    "elapsed_time": 33.58304445492104,
    "num_requests": 1024,
    "total_num_tokens": 1049600,
    "requests_per_second": 30.49157742010343,
    "tokens_per_second": 31253.866855606015
}