{
    "elapsed_time": 18.869246697053313,
    "num_requests": 256,
    "total_num_tokens": 262400,
    "requests_per_second": 13.567049289783139,
    "tokens_per_second": 13906.225522027718
}