{
    "elapsed_time": 310.8322086739354,
    "num_requests": 4096,
    "total_num_tokens": 4198400,
    "requests_per_second": 13.177527571786248,
    "tokens_per_second": 13506.965761080904
}