{
    "elapsed_time": 1.5155439409427345,
    "num_requests": 128,
    "total_num_tokens": 2176,
    "requests_per_second": 84.45812525922436,
    "tokens_per_second": 1435.7881294068143
}