{
    "elapsed_time": 1.8598240190185606,
    "num_requests": 128,
    "total_num_tokens": 32896,
    "requests_per_second": 68.8237159489672,
    "tokens_per_second": 17687.694998884574
}