{
    "elapsed_time": 67.17389313830063,
    "num_requests": 2048,
    "total_num_tokens": 2099200,
    "requests_per_second": 30.488034924274608,
    "tokens_per_second": 31250.235797381472
}