{
    "elapsed_time": 2.433608349878341,
    "num_requests": 128,
    "total_num_tokens": 65664,
    "requests_per_second": 52.59679521004227,
    "tokens_per_second": 26982.155942751684
}