{
    "elapsed_time": 259.4367555351928,
    "num_requests": 8192,
    "total_num_tokens": 8396800,
    "requests_per_second": 31.576096390431267,
    "tokens_per_second": 32365.49880019205
}