{
    "elapsed_time": 16.469494103454053,
    "num_requests": 512,
    "total_num_tokens": 524800,
    "requests_per_second": 31.087779429279564,
    "tokens_per_second": 31864.973915011553
}