{
    "elapsed_time": 77.892252671998,
    "num_requests": 1024,
    "total_num_tokens": 1049600,
    "requests_per_second": 13.146365201582167,
    "tokens_per_second": 13475.024331621722
}