{
    "elapsed_time": 38.61707290774211,
    "num_requests": 512,
    "total_num_tokens": 524800,
    "requests_per_second": 13.258384477331841,
    "tokens_per_second": 13589.844089265136
}