{
    "elapsed_time": 5.4823215417563915,
    "num_requests": 128,
    "total_num_tokens": 65664,
    "requests_per_second": 23.347773206128323,
    "tokens_per_second": 11977.40765474383
}