{
    "elapsed_time": 154.1023496617563,
    "num_requests": 2048,
    "total_num_tokens": 2099200,
    "requests_per_second": 13.289868743047814,
    "tokens_per_second": 13622.11546162401
}