{
    "elapsed_time": 1.6053539630956948,
    "num_requests": 128,
    "total_num_tokens": 16512,
    "requests_per_second": 79.73319463650893,
    "tokens_per_second": 10285.582108109651
}