{
    "elapsed_time": 9.414868869353086,
    "num_requests": 128,
    "total_num_tokens": 131200,
    "requests_per_second": 13.595515962698176,
    "tokens_per_second": 13935.40386176563
}