{
    "elapsed_time": 8.13543658098206,
    "num_requests": 256,
    "total_num_tokens": 262400,
    "requests_per_second": 31.46727252455544,
    "tokens_per_second": 32253.954337669325
}