{
    "elapsed_time": 620.0275252130814,
    "num_requests": 8192,
    "total_num_tokens": 8396800,
    "requests_per_second": 13.212316658336581,
    "tokens_per_second": 13542.624574794996
}