{
    "elapsed_time": 4.277445152867585,
    "num_requests": 128,
    "total_num_tokens": 131200,
    "requests_per_second": 29.924404738232404,
    "tokens_per_second": 30672.514856688213
}