{
    "elapsed_time": 131.6427458957769,
    "num_requests": 4096,
    "total_num_tokens": 4198400,
    "requests_per_second": 31.114513542909922,
    "tokens_per_second": 31892.37638148267
}