{
    "elapsed_time": 2389.4824472628534,
    "num_requests": 8192,
    "total_num_tokens": 8396800,
    "requests_per_second": 3.4283574710431193,
    "tokens_per_second": 3514.0664078191976
}