{
    "elapsed_time": 283.0007965937257,
    "num_requests": 1024,
    "total_num_tokens": 1049600,
    "requests_per_second": 3.6183643732637565,
    "tokens_per_second": 3708.82348259535
}