{
    "elapsed_time": 616.7579098208807,
    "num_requests": 4096,
    "total_num_tokens": 4198400,
    "requests_per_second": 6.6411795208099775,
    "tokens_per_second": 6807.209008830227
}