{
    "elapsed_time": 154.5553938820958,
    "num_requests": 1024,
    "total_num_tokens": 1049600,
    "requests_per_second": 6.625456247623225,
    "tokens_per_second": 6791.092653813806
}