{
    "elapsed_time": 11.263760572765023,
    "num_requests": 128,
    "total_num_tokens": 65664,
    "requests_per_second": 11.363877913873184,
    "tokens_per_second": 5829.669369816943
}