{
    "elapsed_time": 308.6105289491825,
    "num_requests": 2048,
    "total_num_tokens": 2099200,
    "requests_per_second": 6.636196136837687,
    "tokens_per_second": 6802.101040258629
}