{
    "elapsed_time": 1134.5311177168041,
    "num_requests": 4096,
    "total_num_tokens": 4198400,
    "requests_per_second": 3.610302032299499,
    "tokens_per_second": 3700.5595831069863
}