{
    "elapsed_time": 74.35347732016817,
    "num_requests": 512,
    "total_num_tokens": 524800,
    "requests_per_second": 6.8860262956541165,
    "tokens_per_second": 7058.176953045469
}