{
    "elapsed_time": 37.971128556877375,
    "num_requests": 256,
    "total_num_tokens": 262400,
    "requests_per_second": 6.741964480105846,
    "tokens_per_second": 6910.513592108492
}