{
    "elapsed_time": 140.6234574848786,
    "num_requests": 512,
    "total_num_tokens": 524800,
    "requests_per_second": 3.640928826224145,
    "tokens_per_second": 3731.9520468797487
}