{
    "elapsed_time": 19.34493224369362,
    "num_requests": 128,
    "total_num_tokens": 131200,
    "requests_per_second": 6.61671999609756,
    "tokens_per_second": 6782.137995999999
}