{
    "elapsed_time": 35.00169141590595,
    "num_requests": 128,
    "total_num_tokens": 131200,
    "requests_per_second": 3.6569661299805776,
    "tokens_per_second": 3748.3902832300923
}