{
    "elapsed_time": 71.59881668770686,
    "num_requests": 256,
    "total_num_tokens": 262400,
    "requests_per_second": 3.575478085295701,
    "tokens_per_second": 3664.8650374280937
}