{
    "elapsed_time": 20.700342809781432,
    "num_requests": 128,
    "total_num_tokens": 65664,
    "requests_per_second": 6.1834724756112145,
    "tokens_per_second": 3172.121379988553
}