{
    "elapsed_time": 1904.4270228217356,
    "num_requests": 2048,
    "total_num_tokens": 2099200,
    "requests_per_second": 1.0753890673980966,
    "tokens_per_second": 1102.273794083049
}