{
    "elapsed_time": 13.026337207993492,
    "num_requests": 512,
    "total_num_tokens": 524800,
    "requests_per_second": 39.30498587782726,
    "tokens_per_second": 40287.61052477294
}