{
    "elapsed_time": 27.201966712949798,
    "num_requests": 1024,
    "total_num_tokens": 1049600,
    "requests_per_second": 37.644336926289725,
    "tokens_per_second": 38585.44534944697
}