{
    "elapsed_time": 6.477300721220672,
    "num_requests": 256,
    "total_num_tokens": 262400,
    "requests_per_second": 39.522636205742785,
    "tokens_per_second": 40510.702110886356
}