{
    "elapsed_time": 55.40453995997086,
    "num_requests": 2048,
    "total_num_tokens": 2099200,
    "requests_per_second": 36.96447983287392,
    "tokens_per_second": 37888.59182869577
}