{
    "elapsed_time": 3.5588807980529964,
    "num_requests": 128,
    "total_num_tokens": 131200,
    "requests_per_second": 35.96636337750527,
    "tokens_per_second": 36865.5224619429
}