{
    "elapsed_time": 110.76526802405715,
    "num_requests": 4096,
    "total_num_tokens": 4198400,
    "requests_per_second": 36.979100697073996,
    "tokens_per_second": 37903.57821450085
}