{
    "elapsed_time": 2.261743033770472,
    "num_requests": 128,
    "total_num_tokens": 65664,
    "requests_per_second": 56.59352016953744,
    "tokens_per_second": 29032.47584697271
}