{
    "elapsed_time": 1.928687629988417,
    "num_requests": 128,
    "total_num_tokens": 131200,
    "requests_per_second": 66.3663716248176,
    "tokens_per_second": 68025.53091543805
}