{
    "elapsed_time": 1.8746685120277107,
    "num_requests": 128,
    "total_num_tokens": 65664,
    "requests_per_second": 68.27873790953606,
    "tokens_per_second": 35026.992547591995
}