{
    "elapsed_time": 27.523982036858797,
    "num_requests": 2048,
    "total_num_tokens": 2099200,
    "requests_per_second": 74.40783812667138,
    "tokens_per_second": 76268.03407983815
}