{
    "elapsed_time": 8.182618982857093,
    "num_requests": 256,
    "total_num_tokens": 262400,
    "requests_per_second": 31.285826767240415,
    "tokens_per_second": 32067.972436421427
}