{
    "elapsed_time": 34.20258152997121,
    "num_requests": 1024,
    "total_num_tokens": 1049600,
    "requests_per_second": 29.939260552677407,
    "tokens_per_second": 30687.742066494342
}