{
    "elapsed_time": 16.721632278058678,
    "num_requests": 512,
    "total_num_tokens": 524800,
    "requests_per_second": 30.619020409378443,
    "tokens_per_second": 31384.495919612902
}