{
    "elapsed_time": 3.3959415070712566,
    "num_requests": 256,
    "total_num_tokens": 262400,
    "requests_per_second": 75.38410171875448,
    "tokens_per_second": 77268.70426172334
}