{
    "elapsed_time": 6.708291198126972,
    "num_requests": 512,
    "total_num_tokens": 524800,
    "requests_per_second": 76.32346075599044,
    "tokens_per_second": 78231.5472748902
}