{
    "elapsed_time": 4.396660916972905,
    "num_requests": 128,
    "total_num_tokens": 131200,
    "requests_per_second": 29.113002439161903,
    "tokens_per_second": 29840.82750014095
}