{
    "elapsed_time": 55.08686246816069,
    "num_requests": 4096,
    "total_num_tokens": 4198400,
    "requests_per_second": 74.35529664386715,
    "tokens_per_second": 76214.17905996383
}