{
    "elapsed_time": 13.556173311080784,
    "num_requests": 1024,
    "total_num_tokens": 1049600,
    "requests_per_second": 75.53754119999225,
    "tokens_per_second": 77425.97972999205
}