{
    "elapsed_time": 273.6774118631147,
    "num_requests": 8192,
    "total_num_tokens": 8396800,
    "requests_per_second": 29.93305126729785,
    "tokens_per_second": 30681.377548980294
}