{
    "elapsed_time": 109.68630909221247,
    "num_requests": 8192,
    "total_num_tokens": 8396800,
    "requests_per_second": 74.68571116850187,
    "tokens_per_second": 76552.85394771441
}