{
    "elapsed_time": 2.5363993488717824,
    "num_requests": 128,
    "total_num_tokens": 65664,
    "requests_per_second": 50.46523926010932,
    "tokens_per_second": 25888.66774043608
}