{
    "elapsed_time": 68.74199817609042,
    "num_requests": 2048,
    "total_num_tokens": 2099200,
    "requests_per_second": 29.792558469915523,
    "tokens_per_second": 30537.37243166341
}