{
    "elapsed_time": 137.60172713687643,
    "num_requests": 4096,
    "total_num_tokens": 4198400,
    "requests_per_second": 29.767068228188663,
    "tokens_per_second": 30511.244933893377
}