{
    "elapsed_time": 139.85276183811948,
    "num_requests": 2048,
    "total_num_tokens": 2099200,
    "requests_per_second": 14.643972511394333,
    "tokens_per_second": 15010.071824179191
}