{
    "elapsed_time": 0.9743369261268526,
    "num_requests": 128,
    "total_num_tokens": 2176,
    "requests_per_second": 131.37139378348388,
    "tokens_per_second": 2233.3136943192258
}