{
    "elapsed_time": 34.54135923017748,
    "num_requests": 512,
    "total_num_tokens": 524800,
    "requests_per_second": 14.822809854937178,
    "tokens_per_second": 15193.38010131061
}