{
    "elapsed_time": 1.854890633141622,
    "num_requests": 128,
    "total_num_tokens": 16512,
    "requests_per_second": 69.00676390995993,
    "tokens_per_second": 8901.87254438483
}