{
    "elapsed_time": 1.763324978062883,
    "num_requests": 128,
    "total_num_tokens": 32896,
    "requests_per_second": 72.59013601713711,
    "tokens_per_second": 18655.66495640424
}