{
    "elapsed_time": 69.73349565686658,
    "num_requests": 1024,
    "total_num_tokens": 1049600,
    "requests_per_second": 14.684478246132034,
    "tokens_per_second": 15051.590202285335
}