{
    "elapsed_time": 0.9646349749527872,
    "num_requests": 128,
    "total_num_tokens": 16512,
    "requests_per_second": 132.69267995001405,
    "tokens_per_second": 17117.355713551813
}