{
    "elapsed_time": 8.737803135998547,
    "num_requests": 128,
    "total_num_tokens": 131200,
    "requests_per_second": 14.648991057335408,
    "tokens_per_second": 15015.215833768792
}