{
    "elapsed_time": 1.8471447478514165,
    "num_requests": 128,
    "total_num_tokens": 2176,
    "requests_per_second": 69.29613943297544,
    "tokens_per_second": 1178.0343703605822
}