{
    "elapsed_time": 0.9848201831337065,
    "num_requests": 128,
    "total_num_tokens": 32896,
    "requests_per_second": 129.97296581869685,
    "tokens_per_second": 33403.05221540509
}