{
    "elapsed_time": 17.16614687605761,
    "num_requests": 256,
    "total_num_tokens": 262400,
    "requests_per_second": 14.9130729131215,
    "tokens_per_second": 15285.899735949537
}