{
    "elapsed_time": 4.607478933874518,
    "num_requests": 128,
    "total_num_tokens": 65664,
    "requests_per_second": 27.78091920484644,
    "tokens_per_second": 14251.611552086226
}