{
    "elapsed_time": 76.93894744990394,
    "num_requests": 4096,
    "total_num_tokens": 4198400,
    "requests_per_second": 53.237016306558715,
    "tokens_per_second": 54567.94171422268
}