{
    "elapsed_time": 38.66305850306526,
    "num_requests": 2048,
    "total_num_tokens": 2099200,
    "requests_per_second": 52.97046015740405,
    "tokens_per_second": 54294.72166133915
}