{
    "elapsed_time": 7.042340220883489,
    "num_requests": 256,
    "total_num_tokens": 262400,
    "requests_per_second": 36.35155246275276,
    "tokens_per_second": 37260.34127432158
}