{
    "elapsed_time": 10.313909593969584,
    "num_requests": 512,
    "total_num_tokens": 524800,
    "requests_per_second": 49.641699428833476,
    "tokens_per_second": 50882.74191455432
}