{
    "elapsed_time": 19.694271801039577,
    "num_requests": 1024,
    "total_num_tokens": 1049600,
    "requests_per_second": 51.99481404262672,
    "tokens_per_second": 53294.68439369239
}