{
    "elapsed_time": 7.1594843519851565,
    "num_requests": 128,
    "total_num_tokens": 131200,
    "requests_per_second": 17.878382535260183,
    "tokens_per_second": 18325.34209864169
}