{
    "elapsed_time": 7.107163062086329,
    "num_requests": 128,
    "total_num_tokens": 65664,
    "requests_per_second": 18.00999905051077,
    "tokens_per_second": 9239.129512912024
}