{
    "elapsed_time": 196.73948611004744,
    "num_requests": 8192,
    "total_num_tokens": 8396800,
    "requests_per_second": 41.638819750793466,
    "tokens_per_second": 42679.7902445633
}