{
    "elapsed_time": 5.4388265300076455,
    "num_requests": 128,
    "total_num_tokens": 2176,
    "requests_per_second": 23.534488422049392,
    "tokens_per_second": 400.08630317483966
}