{
    "elapsed_time": 6.472218273906037,
    "num_requests": 128,
    "total_num_tokens": 131200,
    "requests_per_second": 19.776836099001176,
    "tokens_per_second": 20271.257001476206
}