{
    "elapsed_time": 39.354955567047,
    "num_requests": 4096,
    "total_num_tokens": 4198400,
    "requests_per_second": 104.07837948188906,
    "tokens_per_second": 106680.33896893628
}