{
    "elapsed_time": 5.812507397029549,
    "num_requests": 512,
    "total_num_tokens": 524800,
    "requests_per_second": 88.0859094066108,
    "tokens_per_second": 90288.05714177607
}