{
    "elapsed_time": 5.480573153006844,
    "num_requests": 256,
    "total_num_tokens": 262400,
    "requests_per_second": 46.71044302356387,
    "tokens_per_second": 47878.20409915297
}