{
    "elapsed_time": 5.49645854299888,
    "num_requests": 128,
    "total_num_tokens": 65664,
    "requests_per_second": 23.287722266738488,
    "tokens_per_second": 11946.601522836843
}