{
    "elapsed_time": 5.399349143030122,
    "num_requests": 128,
    "total_num_tokens": 32896,
    "requests_per_second": 23.706561033422304,
    "tokens_per_second": 6092.586185589532
}