{
    "elapsed_time": 19.896118480945006,
    "num_requests": 2048,
    "total_num_tokens": 2099200,
    "requests_per_second": 102.93465039230738,
    "tokens_per_second": 105508.01665211507
}