{
    "elapsed_time": 49.189091106993146,
    "num_requests": 2048,
    "total_num_tokens": 2099200,
    "requests_per_second": 41.63524785496268,
    "tokens_per_second": 42676.12905133674
}