{
    "elapsed_time": 98.07119839405641,
    "num_requests": 4096,
    "total_num_tokens": 4198400,
    "requests_per_second": 41.76557508293115,
    "tokens_per_second": 42809.714460004434
}