{
    "elapsed_time": 6.762322823982686,
    "num_requests": 128,
    "total_num_tokens": 65664,
    "requests_per_second": 18.928407195534344,
    "tokens_per_second": 9710.27289130912
}