{
    "elapsed_time": 10.235649807029404,
    "num_requests": 1024,
    "total_num_tokens": 1049600,
    "requests_per_second": 100.0425004084021,
    "tokens_per_second": 102543.56291861215
}