{
    "elapsed_time": 78.61745721998159,
    "num_requests": 8192,
    "total_num_tokens": 8396800,
    "requests_per_second": 104.20077537076463,
    "tokens_per_second": 106805.79475503376
}