{
    "elapsed_time": 12.838717699050903,
    "num_requests": 512,
    "total_num_tokens": 524800,
    "requests_per_second": 39.87937206827512,
    "tokens_per_second": 40876.356369982
}