{
    "elapsed_time": 5.331400632043369,
    "num_requests": 128,
    "total_num_tokens": 131200,
    "requests_per_second": 24.008700308635664,
    "tokens_per_second": 24608.917816351553
}