{
    "elapsed_time": 5.360370513983071,
    "num_requests": 128,
    "total_num_tokens": 16512,
    "requests_per_second": 23.878946365013203,
    "tokens_per_second": 3080.384081086703
}