{
    "elapsed_time": 6.96716119395569,
    "num_requests": 256,
    "total_num_tokens": 262400,
    "requests_per_second": 36.743803232526176,
    "tokens_per_second": 37662.39831333933
}