{
    "elapsed_time": 24.920583814033307,
    "num_requests": 1024,
    "total_num_tokens": 1049600,
    "requests_per_second": 41.09053012728233,
    "tokens_per_second": 42117.79338046439
}