{
    "elapsed_time": 7.285366341937333,
    "num_requests": 128,
    "total_num_tokens": 131200,
    "requests_per_second": 17.56946651579941,
    "tokens_per_second": 18008.70317869439
}