{
    "elapsed_time": 49.91323942702729,
    "num_requests": 512,
    "total_num_tokens": 524800,
    "requests_per_second": 10.25779945115643,
    "tokens_per_second": 10514.24443743534
}