{
    "elapsed_time": 13.555397358024493,
    "num_requests": 128,
    "total_num_tokens": 131200,
    "requests_per_second": 9.442733150439656,
    "tokens_per_second": 9678.801479200647
}