{
    "elapsed_time": 6.459838379989378,
    "num_requests": 128,
    "total_num_tokens": 65664,
    "requests_per_second": 19.814737222606873,
    "tokens_per_second": 10164.960195197325
}