{
    "elapsed_time": 98.58523158694152,
    "num_requests": 1024,
    "total_num_tokens": 1049600,
    "requests_per_second": 10.386951306159308,
    "tokens_per_second": 10646.62508881329
}