{
    "elapsed_time": 25.521285959053785,
    "num_requests": 512,
    "total_num_tokens": 524800,
    "requests_per_second": 20.06168501154096,
    "tokens_per_second": 20563.227136829482
}