{
    "elapsed_time": 786.0914353989065,
    "num_requests": 8192,
    "total_num_tokens": 8396800,
    "requests_per_second": 10.421179561437308,
    "tokens_per_second": 10681.70905047324
}