{
    "elapsed_time": 25.541346498997882,
    "num_requests": 256,
    "total_num_tokens": 262400,
    "requests_per_second": 10.022964138168838,
    "tokens_per_second": 10273.53824162306
}