{
    "elapsed_time": 100.66514680196997,
    "num_requests": 2048,
    "total_num_tokens": 2099200,
    "requests_per_second": 20.344678024747306,
    "tokens_per_second": 20853.29497536599
}