{
    "elapsed_time": 197.18038021295797,
    "num_requests": 2048,
    "total_num_tokens": 2099200,
    "requests_per_second": 10.38642890224741,
    "tokens_per_second": 10646.089624803595
}