{
    "elapsed_time": 202.18233078089543,
    "num_requests": 4096,
    "total_num_tokens": 4198400,
    "requests_per_second": 20.25894144250828,
    "tokens_per_second": 20765.41497857099
}