{
    "elapsed_time": 393.4269088009605,
    "num_requests": 4096,
    "total_num_tokens": 4198400,
    "requests_per_second": 10.411082486663911,
    "tokens_per_second": 10671.359548830509
}