{
    "elapsed_time": 13.232513819937594,
    "num_requests": 256,
    "total_num_tokens": 262400,
    "requests_per_second": 19.34628623733471,
    "tokens_per_second": 19829.943393268077
}