{
    "elapsed_time": 50.449446582002565,
    "num_requests": 1024,
    "total_num_tokens": 1049600,
    "requests_per_second": 20.297546739894344,
    "tokens_per_second": 20804.9854083917
}