{
    "elapsed_time": 10.22385040204972,
    "num_requests": 128,
    "total_num_tokens": 65664,
    "requests_per_second": 12.51974500471349,
    "tokens_per_second": 6422.629187418021
}