{
    "elapsed_time": 25.37940905895084,
    "num_requests": 512,
    "total_num_tokens": 139264,
    "requests_per_second": 20.173834576318757,
    "tokens_per_second": 5487.283004758702
}