{
    "elapsed_time": 5.98529832623899,
    "num_requests": 64,
    "total_num_tokens": 17408,
    "requests_per_second": 10.692867174127306,
    "tokens_per_second": 2908.4598713626274
}