{
    "elapsed_time": 12.687712622340769,
    "num_requests": 256,
    "total_num_tokens": 69632,
    "requests_per_second": 20.177001766987555,
    "tokens_per_second": 5488.1444806206155
}