{
    "elapsed_time": 7.74080394487828,
    "num_requests": 128,
    "total_num_tokens": 34816,
    "requests_per_second": 16.535750150950598,
    "tokens_per_second": 4497.724041058563
}