{
    "elapsed_time": 15.558360930997878,
    "num_requests": 256,
    "total_num_tokens": 69632,
    "requests_per_second": 16.454175419594197,
    "tokens_per_second": 4475.535714129622
}