{
    "elapsed_time": 15.864091283176094,
    "num_requests": 512,
    "total_num_tokens": 139264,
    "requests_per_second": 32.274146111537895,
    "tokens_per_second": 8778.567742338308
}