{
    "elapsed_time": 8.047796928789467,
    "num_requests": 256,
    "total_num_tokens": 69632,
    "requests_per_second": 31.809947773931594,
    "tokens_per_second": 8652.305794509393
}