{
    "elapsed_time": 9.454618921037763,
    "num_requests": 128,
    "total_num_tokens": 34816,
    "requests_per_second": 13.53835633873971,
    "tokens_per_second": 3682.432924137201
}