{
    "elapsed_time": 30.71179950190708,
    "num_requests": 512,
    "total_num_tokens": 139264,
    "requests_per_second": 16.67111690958411,
    "tokens_per_second": 4534.543799406878
}