{
    "elapsed_time": 4.9698329460807145,
    "num_requests": 128,
    "total_num_tokens": 34816,
    "requests_per_second": 25.755392865054496,
    "tokens_per_second": 7005.466859294823
}