{
    "elapsed_time": 3.50463561527431,
    "num_requests": 64,
    "total_num_tokens": 17408,
    "requests_per_second": 18.26152759535621,
    "tokens_per_second": 4967.135505936889
}