{
    "elapsed_time": 2.4569403980858624,
    "num_requests": 16,
    "total_num_tokens": 4352,
    "requests_per_second": 6.512164484114136,
    "tokens_per_second": 1771.308739679045
}