{
    "elapsed_time": 7.0015818336978555,
    "num_requests": 64,
    "total_num_tokens": 17408,
    "requests_per_second": 9.140791541130739,
    "tokens_per_second": 2486.295299187561
}