{
    "elapsed_time": 10.385307708755136,
    "num_requests": 64,
    "total_num_tokens": 17408,
    "requests_per_second": 6.162552116394782,
    "tokens_per_second": 1676.2141756593805
}