{
    "elapsed_time": 12.791482284199446,
    "num_requests": 128,
    "total_num_tokens": 34816,
    "requests_per_second": 10.006658896608938,
    "tokens_per_second": 2721.8112198776307
}