{
    "elapsed_time": 23.562651976943016,
    "num_requests": 128,
    "total_num_tokens": 34816,
    "requests_per_second": 5.432325704477282,
    "tokens_per_second": 1477.5925916178207
}