{
    "elapsed_time": 39.67506105359644,
    "num_requests": 512,
    "total_num_tokens": 139264,
    "requests_per_second": 12.904832063354533,
    "tokens_per_second": 3510.114321232433
}