{
    "elapsed_time": 19.959465832915157,
    "num_requests": 64,
    "total_num_tokens": 17408,
    "requests_per_second": 3.2064986375766424,
    "tokens_per_second": 872.1676294208468
}