{
    "elapsed_time": 19.919665009714663,
    "num_requests": 256,
    "total_num_tokens": 69632,
    "requests_per_second": 12.85162174540339,
    "tokens_per_second": 3495.641114749722
}