{
    "elapsed_time": 37.58382952399552,
    "num_requests": 256,
    "total_num_tokens": 69632,
    "requests_per_second": 6.8114400060418525,
    "tokens_per_second": 1852.711681643384
}