{
    "elapsed_time": 74.67204958433285,
    "num_requests": 512,
    "total_num_tokens": 139264,
    "requests_per_second": 6.85664854319767,
    "tokens_per_second": 1865.008403749766
}