{
    "elapsed_time": 8.946064142975956,
    "num_requests": 128,
    "total_num_tokens": 34816,
    "requests_per_second": 14.30796805771841,
    "tokens_per_second": 3891.7673116994074
}