{
    "elapsed_time": 27.148481430951506,
    "num_requests": 512,
    "total_num_tokens": 139264,
    "requests_per_second": 18.8592500579527,
    "tokens_per_second": 5129.716015763134
}