{
    "elapsed_time": 14.085898320190609,
    "num_requests": 256,
    "total_num_tokens": 69632,
    "requests_per_second": 18.174204738724526,
    "tokens_per_second": 4943.383688933071
}