{
    "elapsed_time": 7.138377547264099,
    "num_requests": 64,
    "total_num_tokens": 17408,
    "requests_per_second": 8.965622730970436,
    "tokens_per_second": 2438.6493828239586
}