{
    "elapsed_time": 2.9219561289064586,
    "num_requests": 16,
    "total_num_tokens": 4352,
    "requests_per_second": 5.475783788029698,
    "tokens_per_second": 1489.4131903440777
}