{
    "elapsed_time": 16.72454102523625,
    "num_requests": 512,
    "total_num_tokens": 139264,
    "requests_per_second": 30.61369512188258,
    "tokens_per_second": 8326.92507315206
}