{
    "elapsed_time": 4.110777543857694,
    "num_requests": 64,
    "total_num_tokens": 17408,
    "requests_per_second": 15.56883079105765,
    "tokens_per_second": 4234.721975167681
}