{
    "elapsed_time": 10.376581966876984,
    "num_requests": 128,
    "total_num_tokens": 34816,
    "requests_per_second": 12.335468500956088,
    "tokens_per_second": 3355.247432260056
}