{
    "elapsed_time": 7.857164014130831,
    "num_requests": 64,
    "total_num_tokens": 17408,
    "requests_per_second": 8.14543261218657,
    "tokens_per_second": 2215.557670514747
}