{
    "elapsed_time": 16.65223727794364,
    "num_requests": 256,
    "total_num_tokens": 69632,
    "requests_per_second": 15.373309647651924,
    "tokens_per_second": 4181.540224161324
}