{
    "elapsed_time": 8.838974493090063,
    "num_requests": 256,
    "total_num_tokens": 69632,
    "requests_per_second": 28.96263590308242,
    "tokens_per_second": 7877.836965638418
}