{
    "elapsed_time": 32.55367974564433,
    "num_requests": 512,
    "total_num_tokens": 139264,
    "requests_per_second": 15.727868677227047,
    "tokens_per_second": 4277.980280205757
}