{
    "elapsed_time": 5.377967628650367,
    "num_requests": 128,
    "total_num_tokens": 34816,
    "requests_per_second": 23.80081265608554,
    "tokens_per_second": 6473.821042455267
}