{
    "elapsed_time": 17.010013974737376,
    "num_requests": 128,
    "total_num_tokens": 34816,
    "requests_per_second": 7.524979120540449,
    "tokens_per_second": 2046.794320787002
}