{
    "elapsed_time": 48.95194824738428,
    "num_requests": 512,
    "total_num_tokens": 139264,
    "requests_per_second": 10.459236421246185,
    "tokens_per_second": 2844.912306578962
}