{
    "elapsed_time": 26.984745361376554,
    "num_requests": 64,
    "total_num_tokens": 17408,
    "requests_per_second": 2.3717103549772096,
    "tokens_per_second": 645.105216553801
}