{
    "elapsed_time": 14.117833890020847,
    "num_requests": 64,
    "total_num_tokens": 17408,
    "requests_per_second": 4.533273340553909,
    "tokens_per_second": 1233.0503486306634
}