{
    "elapsed_time": 47.56197832617909,
    "num_requests": 256,
    "total_num_tokens": 69632,
    "requests_per_second": 5.382450625673246,
    "tokens_per_second": 1464.0265701831229
}