{
    "elapsed_time": 32.13206219300628,
    "num_requests": 128,
    "total_num_tokens": 34816,
    "requests_per_second": 3.983560072526559,
    "tokens_per_second": 1083.5283397272242
}