{
    "elapsed_time": 25.76175210112706,
    "num_requests": 256,
    "total_num_tokens": 69632,
    "requests_per_second": 9.937212305866424,
    "tokens_per_second": 2702.921747195667
}