{
    "elapsed_time": 93.36904929019511,
    "num_requests": 512,
    "total_num_tokens": 139264,
    "requests_per_second": 5.48361586513194,
    "tokens_per_second": 1491.5435153158876
}