{
    "elapsed_time": 7.1789972530677915,
    "num_requests": 64,
    "total_num_tokens": 17408,
    "requests_per_second": 8.914894064439286,
    "tokens_per_second": 2424.851185527486
}