{
    "elapsed_time": 9.124820625875145,
    "num_requests": 128,
    "total_num_tokens": 34816,
    "requests_per_second": 14.027673008391192,
    "tokens_per_second": 3815.527058282404
}