{
    "elapsed_time": 14.203688809182495,
    "num_requests": 256,
    "total_num_tokens": 69632,
    "requests_per_second": 18.023486957451464,
    "tokens_per_second": 4902.388452426798
}