{
    "elapsed_time": 27.444022099953145,
    "num_requests": 512,
    "total_num_tokens": 139264,
    "requests_per_second": 18.65615754626849,
    "tokens_per_second": 5074.474852585028
}