{
    "elapsed_time": 9.336528811603785,
    "num_requests": 64,
    "total_num_tokens": 17408,
    "requests_per_second": 6.8547959623343555,
    "tokens_per_second": 1864.5045017549446
}