{
    "elapsed_time": 35.58579125907272,
    "num_requests": 512,
    "total_num_tokens": 139264,
    "requests_per_second": 14.387764944511774,
    "tokens_per_second": 3913.4720649072024
}