{
    "elapsed_time": 5.552129177842289,
    "num_requests": 128,
    "total_num_tokens": 34816,
    "requests_per_second": 23.054218642971907,
    "tokens_per_second": 6270.747470888359
}