{
    "elapsed_time": 9.154936128295958,
    "num_requests": 256,
    "total_num_tokens": 69632,
    "requests_per_second": 27.963056914046458,
    "tokens_per_second": 7605.951480620636
}