{
    "elapsed_time": 17.54355647508055,
    "num_requests": 512,
    "total_num_tokens": 139264,
    "requests_per_second": 29.18450433509658,
    "tokens_per_second": 7938.1851791462705
}