{
    "elapsed_time": 4.330383460968733,
    "num_requests": 64,
    "total_num_tokens": 17408,
    "requests_per_second": 14.779291620904818,
    "tokens_per_second": 4019.9673208861104
}