{
    "elapsed_time": 18.361184787005186,
    "num_requests": 256,
    "total_num_tokens": 69632,
    "requests_per_second": 13.942455400872586,
    "tokens_per_second": 3792.347869037343
}