{
    "elapsed_time": 11.84472929732874,
    "num_requests": 128,
    "total_num_tokens": 34816,
    "requests_per_second": 10.806494330678115,
    "tokens_per_second": 2939.366457944447
}