{
    "elapsed_time": 3.161663272883743,
    "num_requests": 16,
    "total_num_tokens": 4352,
    "requests_per_second": 5.060627466949208,
    "tokens_per_second": 1376.4906710101845
}