{
    "elapsed_time": 14.197223735041916,
    "num_requests": 64,
    "total_num_tokens": 17408,
    "requests_per_second": 4.507923604953391,
    "tokens_per_second": 1226.1552205473224
}