{
    "elapsed_time": 95.04931516712531,
    "num_requests": 512,
    "total_num_tokens": 139264,
    "requests_per_second": 5.386677422133445,
    "tokens_per_second": 1465.176258820297
}