{
    "elapsed_time": 50.055195595137775,
    "num_requests": 256,
    "total_num_tokens": 69632,
    "requests_per_second": 5.114354203519827,
    "tokens_per_second": 1391.104343357393
}