{
    "elapsed_time": 32.86149092717096,
    "num_requests": 128,
    "total_num_tokens": 34816,
    "requests_per_second": 3.8951367204756187,
    "tokens_per_second": 1059.4771879693683
}