{
    "elapsed_time": 16.650533876847476,
    "num_requests": 128,
    "total_num_tokens": 34816,
    "requests_per_second": 7.687441192380244,
    "tokens_per_second": 2090.984004327426
}