{
    "elapsed_time": 25.124942418187857,
    "num_requests": 256,
    "total_num_tokens": 69632,
    "requests_per_second": 10.189078077834022,
    "tokens_per_second": 2771.429237170854
}