{
    "elapsed_time": 27.61091336235404,
    "num_requests": 64,
    "total_num_tokens": 17408,
    "requests_per_second": 2.3179240454703853,
    "tokens_per_second": 630.4753403679448
}