{
    "elapsed_time": 51.91085722343996,
    "num_requests": 512,
    "total_num_tokens": 139264,
    "requests_per_second": 9.863061937047155,
    "tokens_per_second": 2682.752846876826
}