{
    "elapsed_time": 74.74003240885213,
    "num_requests": 1024,
    "total_num_tokens": 1049600,
    "requests_per_second": 13.700823601445462,
    "tokens_per_second": 14043.3441914816
}