{
    "elapsed_time": 37.124241589102894,
    "num_requests": 512,
    "total_num_tokens": 524800,
    "requests_per_second": 13.791527532519014,
    "tokens_per_second": 14136.31572083199
}