{
    "elapsed_time": 17.841024564113468,
    "num_requests": 256,
    "total_num_tokens": 262400,
    "requests_per_second": 14.348951714069948,
    "tokens_per_second": 14707.675506921698
}