{
    "elapsed_time": 8.993889181409031,
    "num_requests": 128,
    "total_num_tokens": 131200,
    "requests_per_second": 14.231885385533161,
    "tokens_per_second": 14587.682520171491
}