{
    "elapsed_time": 292.64348857617006,
    "num_requests": 4096,
    "total_num_tokens": 4198400,
    "requests_per_second": 13.996552665253926,
    "tokens_per_second": 14346.466481885274
}