{
    "elapsed_time": 4.934372138697654,
    "num_requests": 128,
    "total_num_tokens": 65664,
    "requests_per_second": 25.94048369318644,
    "tokens_per_second": 13307.468134604644
}