{
    "elapsed_time": 148.12613691296428,
    "num_requests": 2048,
    "total_num_tokens": 2099200,
    "requests_per_second": 13.826054217584575,
    "tokens_per_second": 14171.705573024188
}