{
    "elapsed_time": 10.978848640806973,
    "num_requests": 128,
    "total_num_tokens": 131200,
    "requests_per_second": 11.658781734565537,
    "tokens_per_second": 11950.251277929674
}