{
    "elapsed_time": 9.432683732826263,
    "num_requests": 256,
    "total_num_tokens": 262400,
    "requests_per_second": 27.139678086428976,
    "tokens_per_second": 27818.170038589702
}