{
    "elapsed_time": 1.6568413637578487,
    "num_requests": 128,
    "total_num_tokens": 2176,
    "requests_per_second": 77.25543482912919,
    "tokens_per_second": 1313.3423920951961
}