{
    "elapsed_time": 5.728500228840858,
    "num_requests": 128,
    "total_num_tokens": 65664,
    "requests_per_second": 22.344417366969427,
    "tokens_per_second": 11462.686109255315
}