{
    "elapsed_time": 89.7758482308127,
    "num_requests": 1024,
    "total_num_tokens": 1049600,
    "requests_per_second": 11.406185741262032,
    "tokens_per_second": 11691.340384793582
}