{
    "elapsed_time": 4.996022510807961,
    "num_requests": 128,
    "total_num_tokens": 131200,
    "requests_per_second": 25.62038095767101,
    "tokens_per_second": 26260.890481612787
}