{
    "elapsed_time": 705.3000486390665,
    "num_requests": 8192,
    "total_num_tokens": 8396800,
    "requests_per_second": 11.614914837744768,
    "tokens_per_second": 11905.287708688387
}