{
    "elapsed_time": 21.99418339598924,
    "num_requests": 256,
    "total_num_tokens": 262400,
    "requests_per_second": 11.639441000873122,
    "tokens_per_second": 11930.427025894951
}