{
    "elapsed_time": 2.633324267808348,
    "num_requests": 128,
    "total_num_tokens": 65664,
    "requests_per_second": 48.60776227400635,
    "tokens_per_second": 24935.782046565255
}