{
    "elapsed_time": 353.47885435819626,
    "num_requests": 4096,
    "total_num_tokens": 4198400,
    "requests_per_second": 11.58768042132822,
    "tokens_per_second": 11877.372431861426
}