{
    "elapsed_time": 75.20128561090678,
    "num_requests": 2048,
    "total_num_tokens": 2099200,
    "requests_per_second": 27.23357697096297,
    "tokens_per_second": 27914.416395237047
}