{
    "elapsed_time": 38.48770540300757,
    "num_requests": 1024,
    "total_num_tokens": 1049600,
    "requests_per_second": 26.60589892999911,
    "tokens_per_second": 27271.04640324909
}