{
    "elapsed_time": 177.08384894486517,
    "num_requests": 2048,
    "total_num_tokens": 2099200,
    "requests_per_second": 11.565142796493214,
    "tokens_per_second": 11854.271366405545
}