{
    "elapsed_time": 2.0851536579430103,
    "num_requests": 128,
    "total_num_tokens": 32896,
    "requests_per_second": 61.38636330824229,
    "tokens_per_second": 15776.295370218268
}