{
    "elapsed_time": 148.74411120591685,
    "num_requests": 4096,
    "total_num_tokens": 4198400,
    "requests_per_second": 27.53722461206966,
    "tokens_per_second": 28225.6552273714
}