{
    "elapsed_time": 1.8573005399666727,
    "num_requests": 128,
    "total_num_tokens": 16512,
    "requests_per_second": 68.91722542776886,
    "tokens_per_second": 8890.322080182183
}