{
    "elapsed_time": 19.268054430373013,
    "num_requests": 512,
    "total_num_tokens": 524800,
    "requests_per_second": 26.572480467613467,
    "tokens_per_second": 27236.792479303804
}