{
    "elapsed_time": 294.41371021186933,
    "num_requests": 8192,
    "total_num_tokens": 8396800,
    "requests_per_second": 27.824791155631917,
    "tokens_per_second": 28520.410934522715
}