{
    "elapsed_time": 45.3295569177717,
    "num_requests": 512,
    "total_num_tokens": 524800,
    "requests_per_second": 11.295058562535113,
    "tokens_per_second": 11577.435026598492
}