{
    "elapsed_time": 1387.2091082204133,
    "num_requests": 4096,
    "total_num_tokens": 4198400,
    "requests_per_second": 2.9526911088801673,
    "tokens_per_second": 3026.5083866021714
}