{
    "elapsed_time": 682.680169462692,
    "num_requests": 2048,
    "total_num_tokens": 2099200,
    "requests_per_second": 2.9999406627145655,
    "tokens_per_second": 3074.9391792824294
}