{
    "elapsed_time": 93.82528695184737,
    "num_requests": 512,
    "total_num_tokens": 524800,
    "requests_per_second": 5.45695106973418,
    "tokens_per_second": 5593.374846477535
}