{
    "elapsed_time": 45.72418500483036,
    "num_requests": 256,
    "total_num_tokens": 262400,
    "requests_per_second": 5.59878759944996,
    "tokens_per_second": 5738.757289436208
}