{
    "elapsed_time": 8118.086921583861,
    "num_requests": 8192,
    "total_num_tokens": 8396800,
    "requests_per_second": 1.0091047409482181,
    "tokens_per_second": 1034.3323594719236
}