{
    "elapsed_time": 21.389631326775998,
    "num_requests": 128,
    "total_num_tokens": 65664,
    "requests_per_second": 5.984207864292026,
    "tokens_per_second": 3069.898634381809
}