{
    "elapsed_time": 182.28040647506714,
    "num_requests": 1024,
    "total_num_tokens": 1049600,
    "requests_per_second": 5.617718436128602,
    "tokens_per_second": 5758.161397031817
}