{
    "elapsed_time": 42.02519993297756,
    "num_requests": 128,
    "total_num_tokens": 131200,
    "requests_per_second": 3.0457915775329183,
    "tokens_per_second": 3121.936366971241
}