{
    "elapsed_time": 22.757186600007117,
    "num_requests": 128,
    "total_num_tokens": 131200,
    "requests_per_second": 5.624596847132236,
    "tokens_per_second": 5765.211768310542
}