{
    "elapsed_time": 338.2902386407368,
    "num_requests": 1024,
    "total_num_tokens": 1049600,
    "requests_per_second": 3.0269865430184195,
    "tokens_per_second": 3102.66120659388
}