{
    "elapsed_time": 727.2836652379483,
    "num_requests": 4096,
    "total_num_tokens": 4198400,
    "requests_per_second": 5.631915297671227,
    "tokens_per_second": 5772.713180113007
}