{
    "elapsed_time": 85.50885180477053,
    "num_requests": 256,
    "total_num_tokens": 262400,
    "requests_per_second": 2.993842094669757,
    "tokens_per_second": 3068.6881470365006
}