{
    "elapsed_time": 365.2032941649668,
    "num_requests": 2048,
    "total_num_tokens": 2099200,
    "requests_per_second": 5.607835506201358,
    "tokens_per_second": 5748.031393856392
}