{
    "elapsed_time": 170.03456279588863,
    "num_requests": 512,
    "total_num_tokens": 524800,
    "requests_per_second": 3.011152506767759,
    "tokens_per_second": 3086.431319436953
}