{
    "elapsed_time": 12.555080492049456,
    "num_requests": 128,
    "total_num_tokens": 65664,
    "requests_per_second": 10.195076015725778,
    "tokens_per_second": 5230.073996067324
}