{
    "elapsed_time": 0.9107241969904862,
    "num_requests": 128,
    "total_num_tokens": 34816,
    "requests_per_second": 140.54749003373317,
    "tokens_per_second": 38228.91728917542
}