{
    "elapsed_time": 0.48129629099275917,
    "num_requests": 16,
    "total_num_tokens": 4352,
    "requests_per_second": 33.24355557986361,
    "tokens_per_second": 9042.247117722902
}