{
    "elapsed_time": 1.4214953989721835,
    "num_requests": 256,
    "total_num_tokens": 69632,
    "requests_per_second": 180.09203560215641,
    "tokens_per_second": 48985.03368378655
}