{
    "elapsed_time": 3.3328581310342997,
    "num_requests": 256,
    "total_num_tokens": 69632,
    "requests_per_second": 76.81095022204094,
    "tokens_per_second": 20892.578460395136
}