{
    "elapsed_time": 6.249043124960735,
    "num_requests": 512,
    "total_num_tokens": 139264,
    "requests_per_second": 81.93254387298168,
    "tokens_per_second": 22285.651933451016
}