{
    "elapsed_time": 2.423302434850484,
    "num_requests": 128,
    "total_num_tokens": 34816,
    "requests_per_second": 52.82048091033982,
    "tokens_per_second": 14367.17080761243
}