{
    "elapsed_time": 1.9799040788784623,
    "num_requests": 64,
    "total_num_tokens": 17408,
    "requests_per_second": 32.32479829843751,
    "tokens_per_second": 8792.345137175002
}