{
    "elapsed_time": 7.222833964973688,
    "num_requests": 512,
    "total_num_tokens": 139264,
    "requests_per_second": 70.88630342091287,
    "tokens_per_second": 19281.0745304883
}