{
    "elapsed_time": 2.1371704750927165,
    "num_requests": 64,
    "total_num_tokens": 17408,
    "requests_per_second": 29.946137075107917,
    "tokens_per_second": 8145.349284429353
}