{
    "elapsed_time": 3.9091796099673957,
    "num_requests": 256,
    "total_num_tokens": 69632,
    "requests_per_second": 65.48688613520501,
    "tokens_per_second": 17812.433028775766
}