{
    "elapsed_time": 4.425119492923841,
    "num_requests": 512,
    "total_num_tokens": 139264,
    "requests_per_second": 115.70309023716388,
    "tokens_per_second": 31471.240544508575
}