{
    "elapsed_time": 2.364428536966443,
    "num_requests": 256,
    "total_num_tokens": 69632,
    "requests_per_second": 108.27140511865395,
    "tokens_per_second": 29449.822192273874
}