{
    "elapsed_time": 2.6251589170424268,
    "num_requests": 128,
    "total_num_tokens": 34816,
    "requests_per_second": 48.75895290339534,
    "tokens_per_second": 13262.435189723532
}