{
    "elapsed_time": 1.7892409679479897,
    "num_requests": 128,
    "total_num_tokens": 34816,
    "requests_per_second": 71.53871518311934,
    "tokens_per_second": 19458.53052980846
}