{
    "elapsed_time": 1.3545697290683165,
    "num_requests": 64,
    "total_num_tokens": 17408,
    "requests_per_second": 47.247475435627585,
    "tokens_per_second": 12851.313318490704
}