{
    "elapsed_time": 2.6456146219279617,
    "num_requests": 64,
    "total_num_tokens": 17408,
    "requests_per_second": 24.190976066408616,
    "tokens_per_second": 6579.945490063144
}