{
    "elapsed_time": 4.695499440073036,
    "num_requests": 256,
    "total_num_tokens": 69632,
    "requests_per_second": 54.5202918810311,
    "tokens_per_second": 14829.519391640459
}