{
    "elapsed_time": 4.123968611937016,
    "num_requests": 64,
    "total_num_tokens": 17408,
    "requests_per_second": 15.519031792518756,
    "tokens_per_second": 4221.176647565102
}