{
    "elapsed_time": 8.881693304050714,
    "num_requests": 512,
    "total_num_tokens": 139264,
    "requests_per_second": 57.64666516535646,
    "tokens_per_second": 15679.892924976957
}