{
    "elapsed_time": 8.107122302986681,
    "num_requests": 256,
    "total_num_tokens": 69632,
    "requests_per_second": 31.577172569074115,
    "tokens_per_second": 8588.99093878816
}