{
    "elapsed_time": 3.1253398640546948,
    "num_requests": 128,
    "total_num_tokens": 34816,
    "requests_per_second": 40.955545818283504,
    "tokens_per_second": 11139.908462573114
}