{
    "elapsed_time": 5.303103028098121,
    "num_requests": 128,
    "total_num_tokens": 34816,
    "requests_per_second": 24.136811848044612,
    "tokens_per_second": 6565.212822668135
}