{
    "elapsed_time": 15.723771857912652,
    "num_requests": 512,
    "total_num_tokens": 139264,
    "requests_per_second": 32.56216158735138,
    "tokens_per_second": 8856.907951759575
}