{
    "elapsed_time": 30.436870678999867,
    "num_requests": 2048,
    "total_num_tokens": 2099200,
    "requests_per_second": 67.28681215618634,
    "tokens_per_second": 68968.982460091
}