{
    "elapsed_time": 7.773682394999923,
    "num_requests": 512,
    "total_num_tokens": 524800,
    "requests_per_second": 65.86325167199027,
    "tokens_per_second": 67509.83296379002
}