{
    "elapsed_time": 58.72999763400003,
    "num_requests": 4096,
    "total_num_tokens": 4198400,
    "requests_per_second": 69.74289400666925,
    "tokens_per_second": 71486.46635683598
}