{
    "elapsed_time": 7.387283648999983,
    "num_requests": 128,
    "total_num_tokens": 131200,
    "requests_per_second": 17.327072586055007,
    "tokens_per_second": 17760.249400706383
}