{
    "elapsed_time": 7.469622405999985,
    "num_requests": 256,
    "total_num_tokens": 262400,
    "requests_per_second": 34.272147383831296,
    "tokens_per_second": 35128.95106842708
}