{
    "elapsed_time": 14.93041855399997,
    "num_requests": 1024,
    "total_num_tokens": 1049600,
    "requests_per_second": 68.58481537516326,
    "tokens_per_second": 70299.43575954234
}