{
    "elapsed_time": 7.597453849999965,
    "num_requests": 128,
    "total_num_tokens": 65664,
    "requests_per_second": 16.847749591792596,
    "tokens_per_second": 8642.895540589601
}