{
    "elapsed_time": 78.7023119000005,
    "num_requests": 4096,
    "total_num_tokens": 4198400,
    "requests_per_second": 52.044214472433744,
    "tokens_per_second": 53345.31983424458
}