{
    "elapsed_time": 69.67565619900051,
    "num_requests": 8192,
    "total_num_tokens": 8396800,
    "requests_per_second": 117.57334551113296,
    "tokens_per_second": 120512.67914891128
}