{
    "elapsed_time": 8.140234963999319,
    "num_requests": 512,
    "total_num_tokens": 524800,
    "requests_per_second": 62.897447342042454,
    "tokens_per_second": 64469.88352559351
}