{
    "elapsed_time": 19.79691128400009,
    "num_requests": 1024,
    "total_num_tokens": 1049600,
    "requests_per_second": 51.725240635270175,
    "tokens_per_second": 53018.37165115192
}