{
    "elapsed_time": 17.73908365399984,
    "num_requests": 2048,
    "total_num_tokens": 2099200,
    "requests_per_second": 115.45128485474012,
    "tokens_per_second": 118337.56697610863
}