{
    "elapsed_time": 9.390272149999873,
    "num_requests": 128,
    "total_num_tokens": 2176,
    "requests_per_second": 13.631127826258126,
    "tokens_per_second": 231.72917304638815
}