{
    "elapsed_time": 9.322844435000661,
    "num_requests": 128,
    "total_num_tokens": 16512,
    "requests_per_second": 13.729715313005855,
    "tokens_per_second": 1771.1332753777554
}