{
    "elapsed_time": 9.288248982000368,
    "num_requests": 1024,
    "total_num_tokens": 1049600,
    "requests_per_second": 110.2468292984396,
    "tokens_per_second": 113003.00003090058
}