{
    "elapsed_time": 7.87881852099963,
    "num_requests": 128,
    "total_num_tokens": 65664,
    "requests_per_second": 16.246090661796323,
    "tokens_per_second": 8334.244509501514
}