{
    "elapsed_time": 8.233926449000137,
    "num_requests": 128,
    "total_num_tokens": 131200,
    "requests_per_second": 15.545438836843546,
    "tokens_per_second": 15934.074807764635
}