{
    "elapsed_time": 8.994927260999248,
    "num_requests": 128,
    "total_num_tokens": 32896,
    "requests_per_second": 14.230242923140711,
    "tokens_per_second": 3657.1724312471624
}