{
    "elapsed_time": 9.370085756003391,
    "num_requests": 128,
    "total_num_tokens": 131200,
    "requests_per_second": 13.660493973386606,
    "tokens_per_second": 14002.00632272127
}