{
    "elapsed_time": 9.994164250001631,
    "num_requests": 512,
    "total_num_tokens": 524800,
    "requests_per_second": 51.229896486833944,
    "tokens_per_second": 52510.6438990048
}