{
    "elapsed_time": 35.07134691799911,
    "num_requests": 4096,
    "total_num_tokens": 4198400,
    "requests_per_second": 116.79049594465035,
    "tokens_per_second": 119710.2583432666
}