{
    "elapsed_time": 9.18136879099984,
    "num_requests": 128,
    "total_num_tokens": 65664,
    "requests_per_second": 13.9412763950266,
    "tokens_per_second": 7151.874790648646
}