{
    "elapsed_time": 8.64938232500208,
    "num_requests": 256,
    "total_num_tokens": 262400,
    "requests_per_second": 29.5974892056744,
    "tokens_per_second": 30337.42643581626
}