{
    "elapsed_time": 346.778531846001,
    "num_requests": 8192,
    "total_num_tokens": 8396800,
    "requests_per_second": 23.623146324519134,
    "tokens_per_second": 24213.724982632113
}