{
    "elapsed_time": 39.56776904099752,
    "num_requests": 2048,
    "total_num_tokens": 2099200,
    "requests_per_second": 51.75929928922697,
    "tokens_per_second": 53053.28177145765
}