{
    "elapsed_time": 7.853685481000866,
    "num_requests": 256,
    "total_num_tokens": 262400,
    "requests_per_second": 32.59616146066695,
    "tokens_per_second": 33411.06549718362
}