{
    "elapsed_time": 132.69358228700003,
    "num_requests": 2048,
    "total_num_tokens": 2099200,
    "requests_per_second": 15.43405464456017,
    "tokens_per_second": 15819.906010674174
}