{
    "elapsed_time": 35.68553629899998,
    "num_requests": 1024,
    "total_num_tokens": 1049600,
    "requests_per_second": 28.695099084967254,
    "tokens_per_second": 29412.476562091437
}