{
    "elapsed_time": 71.22853697799997,
    "num_requests": 2048,
    "total_num_tokens": 2099200,
    "requests_per_second": 28.752520926164138,
    "tokens_per_second": 29471.33394931824
}