{
    "elapsed_time": 16.57902737800032,
    "num_requests": 256,
    "total_num_tokens": 262400,
    "requests_per_second": 15.441195322453074,
    "tokens_per_second": 15827.225205514402
}