{
    "elapsed_time": 13.903789342000891,
    "num_requests": 128,
    "total_num_tokens": 131200,
    "requests_per_second": 9.20612337050696,
    "tokens_per_second": 9436.276454769635
}