{
    "elapsed_time": 65.98994696599948,
    "num_requests": 1024,
    "total_num_tokens": 1049600,
    "requests_per_second": 15.517515122835356,
    "tokens_per_second": 15905.45300090624
}