{
    "elapsed_time": 264.2163170599997,
    "num_requests": 4096,
    "total_num_tokens": 4198400,
    "requests_per_second": 15.502449074974646,
    "tokens_per_second": 15890.010301849012
}