{
    "elapsed_time": 13.823736055999689,
    "num_requests": 128,
    "total_num_tokens": 65664,
    "requests_per_second": 9.2594360512581,
    "tokens_per_second": 4750.090694295406
}