{
    "elapsed_time": 32.748438290000195,
    "num_requests": 512,
    "total_num_tokens": 524800,
    "requests_per_second": 15.634333321975243,
    "tokens_per_second": 16025.191655024624
}