{
    "elapsed_time": 9.521179993999795,
    "num_requests": 256,
    "total_num_tokens": 262400,
    "requests_per_second": 26.88742363460517,
    "tokens_per_second": 27559.6092254703
}