{
    "elapsed_time": 479.649097942,
    "num_requests": 4096,
    "total_num_tokens": 4198400,
    "requests_per_second": 8.539576155932425,
    "tokens_per_second": 8753.065559830737
}