{
    "elapsed_time": 7.478249172000005,
    "num_requests": 128,
    "total_num_tokens": 65664,
    "requests_per_second": 17.116305843252253,
    "tokens_per_second": 8780.664897588405
}