{
    "elapsed_time": 17.851246818000163,
    "num_requests": 512,
    "total_num_tokens": 524800,
    "requests_per_second": 28.681469995906888,
    "tokens_per_second": 29398.50674580456
}