{
    "elapsed_time": 7.496202154000002,
    "num_requests": 128,
    "total_num_tokens": 131200,
    "requests_per_second": 17.075313254685735,
    "tokens_per_second": 17502.196086052878
}