{
    "elapsed_time": 4.159706230973825,
    "num_requests": 256,
    "total_num_tokens": 262400,
    "requests_per_second": 61.54280754101909,
    "tokens_per_second": 63081.37772954457
}