{
    "elapsed_time": 40.95945491991006,
    "num_requests": 4096,
    "total_num_tokens": 4198400,
    "requests_per_second": 100.00133077964784,
    "tokens_per_second": 102501.36404913904
}