{
    "elapsed_time": 6.002506121061742,
    "num_requests": 512,
    "total_num_tokens": 524800,
    "requests_per_second": 85.2977056039113,
    "tokens_per_second": 87430.14824400908
}