{
    "elapsed_time": 4.127768920967355,
    "num_requests": 128,
    "total_num_tokens": 131200,
    "requests_per_second": 31.009487800979617,
    "tokens_per_second": 31784.724996004108
}