{
    "elapsed_time": 21.105562899960205,
    "num_requests": 2048,
    "total_num_tokens": 2099200,
    "requests_per_second": 97.03602835458426,
    "tokens_per_second": 99461.92906344886
}