{
    "elapsed_time": 10.957116544013843,
    "num_requests": 1024,
    "total_num_tokens": 1049600,
    "requests_per_second": 93.45524398564855,
    "tokens_per_second": 95791.62508528976
}