{
    "elapsed_time": 4.212933541974053,
    "num_requests": 128,
    "total_num_tokens": 65664,
    "requests_per_second": 30.382629757796533,
    "tokens_per_second": 15586.289065749621
}