{
    "elapsed_time": 51.98942192597315,
    "num_requests": 4096,
    "total_num_tokens": 4198400,
    "requests_per_second": 78.78525762091036,
    "tokens_per_second": 80754.88906143312
}