{
    "elapsed_time": 26.39589797798544,
    "num_requests": 2048,
    "total_num_tokens": 2099200,
    "requests_per_second": 77.58781314081686,
    "tokens_per_second": 79527.50846933728
}