{
    "elapsed_time": 6.165266451891512,
    "num_requests": 1024,
    "total_num_tokens": 1049600,
    "requests_per_second": 166.09176715887688,
    "tokens_per_second": 170244.0613378488
}