{
    "elapsed_time": 3.350014886003919,
    "num_requests": 128,
    "total_num_tokens": 131200,
    "requests_per_second": 38.208785439961254,
    "tokens_per_second": 39164.00507596029
}