{
    "elapsed_time": 3.566974633024074,
    "num_requests": 256,
    "total_num_tokens": 262400,
    "requests_per_second": 71.76950394597107,
    "tokens_per_second": 73563.74154462035
}