{
    "elapsed_time": 7.016384233953431,
    "num_requests": 512,
    "total_num_tokens": 524800,
    "requests_per_second": 72.97205838904149,
    "tokens_per_second": 74796.35984876753
}