{
    "elapsed_time": 3.7573691268917173,
    "num_requests": 128,
    "total_num_tokens": 65664,
    "requests_per_second": 34.06638945423176,
    "tokens_per_second": 17476.057790020892
}