{
    "elapsed_time": 3.4405596900032833,
    "num_requests": 128,
    "total_num_tokens": 2176,
    "requests_per_second": 37.20324933524925,
    "tokens_per_second": 632.4552386992372
}