{
    "elapsed_time": 3.882020603050478,
    "num_requests": 512,
    "total_num_tokens": 524800,
    "requests_per_second": 131.89007796549876,
    "tokens_per_second": 135187.3299146362
}