{
    "elapsed_time": 3.1169384160311893,
    "num_requests": 128,
    "total_num_tokens": 16512,
    "requests_per_second": 41.065938082595466,
    "tokens_per_second": 5297.506012654815
}