{
    "elapsed_time": 3.273457591072656,
    "num_requests": 128,
    "total_num_tokens": 32896,
    "requests_per_second": 39.10238530325868,
    "tokens_per_second": 10049.313022937482
}