{
    "elapsed_time": 102.79152374295518,
    "num_requests": 8192,
    "total_num_tokens": 8396800,
    "requests_per_second": 79.69528713753928,
    "tokens_per_second": 81687.66931597776
}