{
    "elapsed_time": 3.2566238270374015,
    "num_requests": 128,
    "total_num_tokens": 65664,
    "requests_per_second": 39.304508840507836,
    "tokens_per_second": 20163.213035180517
}