{
    "elapsed_time": 11.033652386977337,
    "num_requests": 2048,
    "total_num_tokens": 2099200,
    "requests_per_second": 185.61396790215977,
    "tokens_per_second": 190254.31709971375
}