{
    "elapsed_time": 13.365281156031415,
    "num_requests": 1024,
    "total_num_tokens": 1049600,
    "requests_per_second": 76.61642041386422,
    "tokens_per_second": 78531.83092421082
}