{
    "elapsed_time": 3.32212336093653,
    "num_requests": 128,
    "total_num_tokens": 2176,
    "requests_per_second": 38.52957464045402,
    "tokens_per_second": 655.0027688877184
}