{
    "elapsed_time": 21.34763265296351,
    "num_requests": 4096,
    "total_num_tokens": 4198400,
    "requests_per_second": 191.8713923265579,
    "tokens_per_second": 196668.17713472186
}