{
    "elapsed_time": 3.289533169940114,
    "num_requests": 128,
    "total_num_tokens": 16512,
    "requests_per_second": 38.91129634127697,
    "tokens_per_second": 5019.55722802473
}