{
    "elapsed_time": 3.244298993027769,
    "num_requests": 128,
    "total_num_tokens": 32896,
    "requests_per_second": 39.45382354557369,
    "tokens_per_second": 10139.632651212438
}