{
    "elapsed_time": 4.059763506986201,
    "num_requests": 256,
    "total_num_tokens": 262400,
    "requests_per_second": 63.057860281630965,
    "tokens_per_second": 64634.30678867174
}