{
    "elapsed_time": 42.30370144802146,
    "num_requests": 8192,
    "total_num_tokens": 8396800,
    "requests_per_second": 193.6473575501545,
    "tokens_per_second": 198488.54148890838
}