{
    "elapsed_time": 3.762685872032307,
    "num_requests": 128,
    "total_num_tokens": 131200,
    "requests_per_second": 34.01825301214009,
    "tokens_per_second": 34868.70933744359
}