{
    "elapsed_time": 13.414085213909857,
    "num_requests": 512,
    "total_num_tokens": 524800,
    "requests_per_second": 38.168834611925455,
    "tokens_per_second": 39123.05547722359
}