{
    "elapsed_time": 52.8016831119312,
    "num_requests": 2048,
    "total_num_tokens": 2099200,
    "requests_per_second": 38.78664238142873,
    "tokens_per_second": 39756.30844096444
}