{
    "elapsed_time": 25.883247471996583,
    "num_requests": 512,
    "total_num_tokens": 524800,
    "requests_per_second": 19.781134517758613,
    "tokens_per_second": 20275.66288070258
}