{
    "elapsed_time": 50.57307356595993,
    "num_requests": 1024,
    "total_num_tokens": 1049600,
    "requests_per_second": 20.247928943144974,
    "tokens_per_second": 20754.127166723596
}