{
    "elapsed_time": 198.95462729106657,
    "num_requests": 4096,
    "total_num_tokens": 4198400,
    "requests_per_second": 20.587608620972837,
    "tokens_per_second": 21102.298836497157
}