{
    "elapsed_time": 401.964038909995,
    "num_requests": 8192,
    "total_num_tokens": 8396800,
    "requests_per_second": 20.37993254872806,
    "tokens_per_second": 20889.430862446265
}