{
    "elapsed_time": 3.877528139972128,
    "num_requests": 128,
    "total_num_tokens": 131200,
    "requests_per_second": 33.01072110360496,
    "tokens_per_second": 33835.98913119508
}