{
    "elapsed_time": 103.26017390796915,
    "num_requests": 4096,
    "total_num_tokens": 4198400,
    "requests_per_second": 39.66679354666368,
    "tokens_per_second": 40658.46338533027
}