{
    "elapsed_time": 26.534950767992996,
    "num_requests": 1024,
    "total_num_tokens": 1049600,
    "requests_per_second": 38.59061239469756,
    "tokens_per_second": 39555.377704565
}