{
    "elapsed_time": 3.568265281035565,
    "num_requests": 128,
    "total_num_tokens": 65664,
    "requests_per_second": 35.87177239323766,
    "tokens_per_second": 18402.219237730922
}