{
    "elapsed_time": 13.286510351928882,
    "num_requests": 256,
    "total_num_tokens": 262400,
    "requests_per_second": 19.267662705944073,
    "tokens_per_second": 19749.354273592675
}