{
    "elapsed_time": 7.082458955002949,
    "num_requests": 128,
    "total_num_tokens": 131200,
    "requests_per_second": 18.072819173852412,
    "tokens_per_second": 18524.639653198723
}