{
    "elapsed_time": 5.689882011036389,
    "num_requests": 128,
    "total_num_tokens": 65664,
    "requests_per_second": 22.49607280989739,
    "tokens_per_second": 11540.485351477362
}