{
    "elapsed_time": 7.217994831968099,
    "num_requests": 256,
    "total_num_tokens": 262400,
    "requests_per_second": 35.46691372875334,
    "tokens_per_second": 36353.58657197217
}