{
    "elapsed_time": 100.61757892894093,
    "num_requests": 2048,
    "total_num_tokens": 2099200,
    "requests_per_second": 20.3542961558075,
    "tokens_per_second": 20863.153559702685
}