{
    "elapsed_time": 43.66620236611925,
    "num_requests": 4096,
    "total_num_tokens": 4198400,
    "requests_per_second": 93.80252410450284,
    "tokens_per_second": 96147.58720711542
}