{
    "elapsed_time": 4.019133375957608,
    "num_requests": 128,
    "total_num_tokens": 65664,
    "requests_per_second": 31.847661678931573,
    "tokens_per_second": 16337.850441291897
}