{
    "elapsed_time": 22.167388488072902,
    "num_requests": 2048,
    "total_num_tokens": 2099200,
    "requests_per_second": 92.38796897983362,
    "tokens_per_second": 94697.66820432946
}