{
    "elapsed_time": 6.310418148059398,
    "num_requests": 512,
    "total_num_tokens": 524800,
    "requests_per_second": 81.13566929910216,
    "tokens_per_second": 83164.06103157971
}