{
    "elapsed_time": 3.9072409998625517,
    "num_requests": 128,
    "total_num_tokens": 131200,
    "requests_per_second": 32.7596889990924,
    "tokens_per_second": 33578.6812240697
}