{
    "elapsed_time": 11.583955695154145,
    "num_requests": 1024,
    "total_num_tokens": 1049600,
    "requests_per_second": 88.39812814791449,
    "tokens_per_second": 90608.08135161235
}