{
    "elapsed_time": 3.991137480130419,
    "num_requests": 256,
    "total_num_tokens": 262400,
    "requests_per_second": 64.14211519259283,
    "tokens_per_second": 65745.66807240764
}