{
    "elapsed_time": 3.9840533500537276,
    "num_requests": 128,
    "total_num_tokens": 65664,
    "requests_per_second": 32.12808382655665,
    "tokens_per_second": 16481.70700302356
}