{
    "elapsed_time": 54.27256962098181,
    "num_requests": 4096,
    "total_num_tokens": 4198400,
    "requests_per_second": 75.47090599551203,
    "tokens_per_second": 77357.67864539982
}