{
    "elapsed_time": 4.157073903013952,
    "num_requests": 128,
    "total_num_tokens": 2176,
    "requests_per_second": 30.79088873238403,
    "tokens_per_second": 523.4451084505286
}