{
    "elapsed_time": 4.196063935989514,
    "num_requests": 256,
    "total_num_tokens": 262400,
    "requests_per_second": 61.009556552343184,
    "tokens_per_second": 62534.795466151765
}