{
    "elapsed_time": 4.365741396904923,
    "num_requests": 128,
    "total_num_tokens": 16512,
    "requests_per_second": 29.319189654876293,
    "tokens_per_second": 3782.175465479042
}