{
    "elapsed_time": 4.258668173104525,
    "num_requests": 128,
    "total_num_tokens": 2176,
    "requests_per_second": 30.05634503490544,
    "tokens_per_second": 510.95786559339246
}