{
    "elapsed_time": 7.488491316093132,
    "num_requests": 512,
    "total_num_tokens": 524800,
    "requests_per_second": 68.37158225712129,
    "tokens_per_second": 70080.87181354931
}