{
    "elapsed_time": 23.15955139696598,
    "num_requests": 4096,
    "total_num_tokens": 4198400,
    "requests_per_second": 176.86007512807856,
    "tokens_per_second": 181281.5770062805
}