{
    "elapsed_time": 12.223135077976622,
    "num_requests": 2048,
    "total_num_tokens": 2099200,
    "requests_per_second": 167.55112227222637,
    "tokens_per_second": 171739.900329032
}