{
    "elapsed_time": 14.098314200993627,
    "num_requests": 1024,
    "total_num_tokens": 1049600,
    "requests_per_second": 72.63279746792918,
    "tokens_per_second": 74448.61740462741
}