{
    "elapsed_time": 4.137129100039601,
    "num_requests": 256,
    "total_num_tokens": 262400,
    "requests_per_second": 61.87865880171579,
    "tokens_per_second": 63425.62527175868
}