{
    "elapsed_time": 3.898855088977143,
    "num_requests": 128,
    "total_num_tokens": 65664,
    "requests_per_second": 32.830150667020696,
    "tokens_per_second": 16841.867292181618
}