{
    "elapsed_time": 27.528935989015736,
    "num_requests": 2048,
    "total_num_tokens": 2099200,
    "requests_per_second": 74.39444811151321,
    "tokens_per_second": 76254.30931430105
}