{
    "elapsed_time": 4.0432024609763175,
    "num_requests": 128,
    "total_num_tokens": 16512,
    "requests_per_second": 31.658073330587474,
    "tokens_per_second": 4083.891459645784
}