{
    "elapsed_time": 108.35066879505757,
    "num_requests": 8192,
    "total_num_tokens": 8396800,
    "requests_per_second": 75.60636303496152,
    "tokens_per_second": 77496.52211083556
}