{
    "elapsed_time": 4.2173736279364675,
    "num_requests": 128,
    "total_num_tokens": 32896,
    "requests_per_second": 30.350642672992088,
    "tokens_per_second": 7800.115166958966
}