{
    "elapsed_time": 3.9841677939984947,
    "num_requests": 128,
    "total_num_tokens": 32896,
    "requests_per_second": 32.12716095763118,
    "tokens_per_second": 8256.680366111214
}