{
    "elapsed_time": 3.686581877991557,
    "num_requests": 128,
    "total_num_tokens": 131200,
    "requests_per_second": 34.72050919691879,
    "tokens_per_second": 35588.52192684176
}