{
    "elapsed_time": 4.078046830021776,
    "num_requests": 128,
    "total_num_tokens": 131200,
    "requests_per_second": 31.387574820791475,
    "tokens_per_second": 32172.264191311264
}