{
    "elapsed_time": 4.655577138997614,
    "num_requests": 512,
    "total_num_tokens": 524800,
    "requests_per_second": 109.97562379779147,
    "tokens_per_second": 112725.01439273627
}