{
    "elapsed_time": 45.79847688798327,
    "num_requests": 8192,
    "total_num_tokens": 8396800,
    "requests_per_second": 178.8705772909544,
    "tokens_per_second": 183342.34172322825
}