{
    "elapsed_time": 6.897386925993487,
    "num_requests": 1024,
    "total_num_tokens": 1049600,
    "requests_per_second": 148.46202061551082,
    "tokens_per_second": 152173.5711308986
}