{
    "elapsed_time": 25.585028205998242,
    "num_requests": 512,
    "total_num_tokens": 524800,
    "requests_per_second": 20.011703558722868,
    "tokens_per_second": 20511.99614769094
}