{
    "elapsed_time": 105.14822188206017,
    "num_requests": 4096,
    "total_num_tokens": 4198400,
    "requests_per_second": 38.95453414889214,
    "tokens_per_second": 39928.39750261444
}