{
    "elapsed_time": 51.806223013903946,
    "num_requests": 2048,
    "total_num_tokens": 2099200,
    "requests_per_second": 39.53193035227351,
    "tokens_per_second": 40520.228611080354
}