{
    "elapsed_time": 7.174890322959982,
    "num_requests": 256,
    "total_num_tokens": 262400,
    "requests_per_second": 35.6799879129564,
    "tokens_per_second": 36571.987610780314
}