{
    "elapsed_time": 393.458753039944,
    "num_requests": 8192,
    "total_num_tokens": 8396800,
    "requests_per_second": 20.820479749673652,
    "tokens_per_second": 21340.991743415492
}