{
    "elapsed_time": 13.70993932406418,
    "num_requests": 512,
    "total_num_tokens": 524800,
    "requests_per_second": 37.345168924367094,
    "tokens_per_second": 38278.79814747627
}