{
    "elapsed_time": 5.6524123220006,
    "num_requests": 128,
    "total_num_tokens": 65664,
    "requests_per_second": 22.64519867062635,
    "tokens_per_second": 11616.986918031318
}