{
    "elapsed_time": 7.509093884029426,
    "num_requests": 128,
    "total_num_tokens": 131200,
    "requests_per_second": 17.045998089361273,
    "tokens_per_second": 17472.148041595305
}