{
    "elapsed_time": 26.694695090991445,
    "num_requests": 1024,
    "total_num_tokens": 1049600,
    "requests_per_second": 38.359681446429605,
    "tokens_per_second": 39318.67348259035
}