{
    "elapsed_time": 98.80045123305172,
    "num_requests": 2048,
    "total_num_tokens": 2099200,
    "requests_per_second": 20.72865026870325,
    "tokens_per_second": 21246.86652542083
}