{
    "elapsed_time": 4.045849225949496,
    "num_requests": 128,
    "total_num_tokens": 131200,
    "requests_per_second": 31.63736285055468,
    "tokens_per_second": 32428.29692181855
}