{
    "elapsed_time": 199.29970506194513,
    "num_requests": 4096,
    "total_num_tokens": 4198400,
    "requests_per_second": 20.551962175392614,
    "tokens_per_second": 21065.76122977743
}