{
    "elapsed_time": 3.615085469908081,
    "num_requests": 128,
    "total_num_tokens": 65664,
    "requests_per_second": 35.407184993403376,
    "tokens_per_second": 18163.885901615933
}