{
    "elapsed_time": 50.28407604608219,
    "num_requests": 1024,
    "total_num_tokens": 1049600,
    "requests_per_second": 20.364299804605505,
    "tokens_per_second": 20873.407299720646
}