{
    "elapsed_time": 13.262485616956837,
    "num_requests": 256,
    "total_num_tokens": 262400,
    "requests_per_second": 19.302565702517295,
    "tokens_per_second": 19785.129845080228
}