{
    "elapsed_time": 1.270749518997036,
    "num_requests": 128,
    "total_num_tokens": 2176,
    "requests_per_second": 100.72795471213439,
    "tokens_per_second": 1712.3752301062848
}