{
    "elapsed_time": 1.0374788399785757,
    "num_requests": 128,
    "total_num_tokens": 16512,
    "requests_per_second": 123.37601025447732,
    "tokens_per_second": 15915.505322827576
}