{
    "elapsed_time": 1.0511434170184657,
    "num_requests": 128,
    "total_num_tokens": 32896,
    "requests_per_second": 121.77215585202242,
    "tokens_per_second": 31295.44405396976
}