{
    "elapsed_time": 4.190970257972367,
    "num_requests": 512,
    "total_num_tokens": 524800,
    "requests_per_second": 122.16741434183088,
    "tokens_per_second": 125221.59970037664
}