{
    "elapsed_time": 4.100977130990941,
    "num_requests": 128,
    "total_num_tokens": 131200,
    "requests_per_second": 31.212073589171826,
    "tokens_per_second": 31992.375428901123
}