{
    "elapsed_time": 4.094247876026202,
    "num_requests": 256,
    "total_num_tokens": 262400,
    "requests_per_second": 62.52674673143353,
    "tokens_per_second": 64089.91539971937
}