{
    "elapsed_time": 4.262187101005111,
    "num_requests": 128,
    "total_num_tokens": 65664,
    "requests_per_second": 30.031530049399986,
    "tokens_per_second": 15406.174915342193
}