{
    "elapsed_time": 14.873189506004564,
    "num_requests": 4096,
    "total_num_tokens": 4198400,
    "requests_per_second": 275.3948639157979,
    "tokens_per_second": 282279.73551369284
}