{
    "elapsed_time": 4.57028323598206,
    "num_requests": 1024,
    "total_num_tokens": 1049600,
    "requests_per_second": 224.05613550118701,
    "tokens_per_second": 229657.5388887167
}