{
    "elapsed_time": 7.802674439968541,
    "num_requests": 2048,
    "total_num_tokens": 2099200,
    "requests_per_second": 262.4741062512224,
    "tokens_per_second": 269035.95890750294
}