{
    "elapsed_time": 4.215871916967444,
    "num_requests": 256,
    "total_num_tokens": 262400,
    "requests_per_second": 60.72290739424209,
    "tokens_per_second": 62240.980079098146
}