{
    "elapsed_time": 17.438931774988305,
    "num_requests": 8192,
    "total_num_tokens": 8396800,
    "requests_per_second": 469.75354372045496,
    "tokens_per_second": 481497.38231346634
}