{
    "elapsed_time": 4.081008266948629,
    "num_requests": 128,
    "total_num_tokens": 131200,
    "requests_per_second": 31.364798017355067,
    "tokens_per_second": 32148.917967788944
}