{
    "elapsed_time": 5.009395432018209,
    "num_requests": 1024,
    "total_num_tokens": 1049600,
    "requests_per_second": 204.41588489001475,
    "tokens_per_second": 209526.28201226512
}