{
    "elapsed_time": 2.8137952300021425,
    "num_requests": 128,
    "total_num_tokens": 2176,
    "requests_per_second": 45.49016169876105,
    "tokens_per_second": 773.3327488789379
}