{
    "elapsed_time": 2.879509776015766,
    "num_requests": 128,
    "total_num_tokens": 16512,
    "requests_per_second": 44.45201091732608,
    "tokens_per_second": 5734.309408335064
}