{
    "elapsed_time": 3.2199606230133213,
    "num_requests": 256,
    "total_num_tokens": 262400,
    "requests_per_second": 79.50407783571859,
    "tokens_per_second": 81491.67978161154
}