{
    "elapsed_time": 4.454911315988284,
    "num_requests": 2048,
    "total_num_tokens": 2099200,
    "requests_per_second": 459.71734446203425,
    "tokens_per_second": 471210.27807358507
}