{
    "elapsed_time": 4.114831131009851,
    "num_requests": 512,
    "total_num_tokens": 524800,
    "requests_per_second": 124.42794945860788,
    "tokens_per_second": 127538.64819507308
}