{
    "elapsed_time": 3.037576180009637,
    "num_requests": 512,
    "total_num_tokens": 524800,
    "requests_per_second": 168.55544343858256,
    "tokens_per_second": 172769.3295245471
}