{
    "elapsed_time": 3.16948630096158,
    "num_requests": 128,
    "total_num_tokens": 131200,
    "requests_per_second": 40.38509330712882,
    "tokens_per_second": 41394.72063980704
}