{
    "elapsed_time": 9.298096861981321,
    "num_requests": 2048,
    "total_num_tokens": 2099200,
    "requests_per_second": 220.26012746479327,
    "tokens_per_second": 225766.63065141308
}