{
    "elapsed_time": 4.095419846009463,
    "num_requests": 128,
    "total_num_tokens": 65664,
    "requests_per_second": 31.25442685069809,
    "tokens_per_second": 16033.52097440812
}