{
    "elapsed_time": 3.25773825700162,
    "num_requests": 1024,
    "total_num_tokens": 1049600,
    "requests_per_second": 314.32850622642604,
    "tokens_per_second": 322186.7188820867
}