{
    "elapsed_time": 3.1379451419925317,
    "num_requests": 128,
    "total_num_tokens": 65664,
    "requests_per_second": 40.79102540292422,
    "tokens_per_second": 20925.796031700123
}