{
    "elapsed_time": 17.95416776899947,
    "num_requests": 4096,
    "total_num_tokens": 4198400,
    "requests_per_second": 228.13644456817158,
    "tokens_per_second": 233839.85568237587
}