{
    "elapsed_time": 8.687436588981654,
    "num_requests": 4096,
    "total_num_tokens": 4198400,
    "requests_per_second": 471.48545581270656,
    "tokens_per_second": 483272.59220802423
}