{
    "elapsed_time": 35.12513162003597,
    "num_requests": 8192,
    "total_num_tokens": 8396800,
    "requests_per_second": 233.22332535622851,
    "tokens_per_second": 239053.90849013423
}