{
    "elapsed_time": 2.9531905020121485,
    "num_requests": 128,
    "total_num_tokens": 32896,
    "requests_per_second": 43.342953972250534,
    "tokens_per_second": 11139.139170868388
}