{
    "elapsed_time": 32.81895483500557,
    "num_requests": 2048,
    "total_num_tokens": 2099200,
    "requests_per_second": 62.40296226056379,
    "tokens_per_second": 63963.03631707788
}