{
    "elapsed_time": 16.243807358958293,
    "num_requests": 1024,
    "total_num_tokens": 1049600,
    "requests_per_second": 63.03940802617771,
    "tokens_per_second": 64615.39322683216
}