{
    "elapsed_time": 4.707225239952095,
    "num_requests": 512,
    "total_num_tokens": 524800,
    "requests_per_second": 108.76896130961657,
    "tokens_per_second": 111488.18534235698
}