{
    "elapsed_time": 3.853963088011369,
    "num_requests": 128,
    "total_num_tokens": 65664,
    "requests_per_second": 33.212565112046136,
    "tokens_per_second": 17038.04590247967
}