{
    "elapsed_time": 63.54372164601227,
    "num_requests": 4096,
    "total_num_tokens": 4198400,
    "requests_per_second": 64.45955467981386,
    "tokens_per_second": 66071.04354680922
}