{
    "elapsed_time": 33.31839901598869,
    "num_requests": 4096,
    "total_num_tokens": 4198400,
    "requests_per_second": 122.93507854427307,
    "tokens_per_second": 126008.4555078799
}