{
    "elapsed_time": 3.6680055200122297,
    "num_requests": 128,
    "total_num_tokens": 131200,
    "requests_per_second": 34.89634879272843,
    "tokens_per_second": 35768.75751254665
}