{
    "elapsed_time": 6.493983513966668,
    "num_requests": 128,
    "total_num_tokens": 65664,
    "requests_per_second": 19.710552040162906,
    "tokens_per_second": 10111.513196603571
}