{
    "elapsed_time": 124.44863185402937,
    "num_requests": 8192,
    "total_num_tokens": 8396800,
    "requests_per_second": 65.82635644888981,
    "tokens_per_second": 67472.01536011205
}