{
    "elapsed_time": 6.224538027017843,
    "num_requests": 256,
    "total_num_tokens": 262400,
    "requests_per_second": 41.127550171405865,
    "tokens_per_second": 42155.73892569101
}