{
    "elapsed_time": 8.694569838000461,
    "num_requests": 1024,
    "total_num_tokens": 1049600,
    "requests_per_second": 117.77465925047937,
    "tokens_per_second": 120719.02573174136
}