{
    "elapsed_time": 17.371593037969433,
    "num_requests": 2048,
    "total_num_tokens": 2099200,
    "requests_per_second": 117.8936206670077,
    "tokens_per_second": 120840.96118368288
}