{
    "elapsed_time": 8.5043557099998,
    "num_requests": 512,
    "total_num_tokens": 524800,
    "requests_per_second": 60.20444316527913,
    "tokens_per_second": 61709.55424441111
}