{
    "elapsed_time": 3.632784069981426,
    "num_requests": 256,
    "total_num_tokens": 262400,
    "requests_per_second": 70.4693686903634,
    "tokens_per_second": 72231.10290762248
}