{
    "elapsed_time": 6.173206564038992,
    "num_requests": 128,
    "total_num_tokens": 131200,
    "requests_per_second": 20.734767040786085,
    "tokens_per_second": 21253.136216805735
}