{
    "elapsed_time": 80.74527376199967,
    "num_requests": 4096,
    "total_num_tokens": 4198400,
    "requests_per_second": 50.72742724327302,
    "tokens_per_second": 51995.61292435484
}