{
    "elapsed_time": 8.0134007380002,
    "num_requests": 256,
    "total_num_tokens": 262400,
    "requests_per_second": 31.94648668773385,
    "tokens_per_second": 32745.148854927196
}