{
    "elapsed_time": 40.29848031599977,
    "num_requests": 2048,
    "total_num_tokens": 2099200,
    "requests_per_second": 50.820774975647886,
    "tokens_per_second": 52091.29435003908
}