{
    "elapsed_time": 19.87580515300033,
    "num_requests": 1024,
    "total_num_tokens": 1049600,
    "requests_per_second": 51.51992546301569,
    "tokens_per_second": 52807.92359959108
}