{
    "elapsed_time": 7.980738307000138,
    "num_requests": 128,
    "total_num_tokens": 65664,
    "requests_per_second": 16.038616363065994,
    "tokens_per_second": 8227.810194252854
}