{
    "elapsed_time": 7.811133533999964,
    "num_requests": 128,
    "total_num_tokens": 131200,
    "requests_per_second": 16.38686618822315,
    "tokens_per_second": 16796.537842928727
}