{
    "elapsed_time": 10.039377114999297,
    "num_requests": 512,
    "total_num_tokens": 524800,
    "requests_per_second": 50.99917994265283,
    "tokens_per_second": 52274.159441219155
}