{
    "elapsed_time": 9.221961630006263,
    "num_requests": 128,
    "total_num_tokens": 65664,
    "requests_per_second": 13.879910276737194,
    "tokens_per_second": 7120.39397196618
}