{
    "elapsed_time": 28.84451571799582,
    "num_requests": 1024,
    "total_num_tokens": 1049600,
    "requests_per_second": 35.500682695155675,
    "tokens_per_second": 36388.19976253457
}