{
    "elapsed_time": 8.966747443999338,
    "num_requests": 128,
    "total_num_tokens": 131200,
    "requests_per_second": 14.274964339010042,
    "tokens_per_second": 14631.838447485294
}