{
    "elapsed_time": 7.770270179000363,
    "num_requests": 128,
    "total_num_tokens": 65664,
    "requests_per_second": 16.473043671753903,
    "tokens_per_second": 8450.671403609753
}