{
    "elapsed_time": 14.418688202997146,
    "num_requests": 512,
    "total_num_tokens": 524800,
    "requests_per_second": 35.509471651767385,
    "tokens_per_second": 36397.20844306157
}