{
    "elapsed_time": 12.291864781996992,
    "num_requests": 1024,
    "total_num_tokens": 1049600,
    "requests_per_second": 83.30713184380119,
    "tokens_per_second": 85389.81013989622
}