{
    "elapsed_time": 115.76968931799638,
    "num_requests": 4096,
    "total_num_tokens": 4198400,
    "requests_per_second": 35.38059075851107,
    "tokens_per_second": 36265.10552747384
}