{
    "elapsed_time": 7.969070393999573,
    "num_requests": 128,
    "total_num_tokens": 32896,
    "requests_per_second": 16.062099300362494,
    "tokens_per_second": 4127.959520193161
}