{
    "elapsed_time": 7.786537996000334,
    "num_requests": 128,
    "total_num_tokens": 16512,
    "requests_per_second": 16.438627804262822,
    "tokens_per_second": 2120.582986749904
}