{
    "elapsed_time": 24.5801962359983,
    "num_requests": 2048,
    "total_num_tokens": 2099200,
    "requests_per_second": 83.31910698909122,
    "tokens_per_second": 85402.08466381852
}