{
    "elapsed_time": 7.965036908000911,
    "num_requests": 128,
    "total_num_tokens": 131200,
    "requests_per_second": 16.07023312992103,
    "tokens_per_second": 16471.988958169055
}