{
    "elapsed_time": 8.542554334999295,
    "num_requests": 512,
    "total_num_tokens": 524800,
    "requests_per_second": 59.93523481639549,
    "tokens_per_second": 61433.61568680538
}