{
    "elapsed_time": 7.966094131999853,
    "num_requests": 256,
    "total_num_tokens": 262400,
    "requests_per_second": 32.13620072246527,
    "tokens_per_second": 32939.6057405269
}