{
    "elapsed_time": 48.40006368000104,
    "num_requests": 4096,
    "total_num_tokens": 4198400,
    "requests_per_second": 84.62798782829849,
    "tokens_per_second": 86743.68752400596
}