{
    "elapsed_time": 619.4648482230041,
    "num_requests": 8192,
    "total_num_tokens": 8396800,
    "requests_per_second": 13.224317769603164,
    "tokens_per_second": 13554.925713843244
}