{
    "elapsed_time": 673.3009249299976,
    "num_requests": 8192,
    "total_num_tokens": 8396800,
    "requests_per_second": 12.16692224335161,
    "tokens_per_second": 12471.095299435401
}