{
    "elapsed_time": 57.925984032001,
    "num_requests": 2048,
    "total_num_tokens": 2099200,
    "requests_per_second": 35.35546325580917,
    "tokens_per_second": 36239.3498372044
}