{
    "elapsed_time": 8.166444259000855,
    "num_requests": 128,
    "total_num_tokens": 2176,
    "requests_per_second": 15.673896244246269,
    "tokens_per_second": 266.4562361521866
}