{
    "elapsed_time": 8.733707867999328,
    "num_requests": 256,
    "total_num_tokens": 262400,
    "requests_per_second": 29.31172004710562,
    "tokens_per_second": 30044.51304828326
}