{
    "elapsed_time": 8.101646162998804,
    "num_requests": 128,
    "total_num_tokens": 131200,
    "requests_per_second": 15.799258252550135,
    "tokens_per_second": 16194.239708863888
}