{
    "elapsed_time": 28.540239216001282,
    "num_requests": 512,
    "total_num_tokens": 524800,
    "requests_per_second": 17.939583341436876,
    "tokens_per_second": 18388.072924972796
}