{
    "elapsed_time": 56.45736104000025,
    "num_requests": 1024,
    "total_num_tokens": 1049600,
    "requests_per_second": 18.137581727819196,
    "tokens_per_second": 18591.021271014677
}