{
    "elapsed_time": 214.06105439299972,
    "num_requests": 2048,
    "total_num_tokens": 2099200,
    "requests_per_second": 9.567363880400348,
    "tokens_per_second": 9806.547977410357
}