{
    "elapsed_time": 7.925343791001069,
    "num_requests": 128,
    "total_num_tokens": 65664,
    "requests_per_second": 16.15071893099946,
    "tokens_per_second": 8285.318811602723
}