{
    "elapsed_time": 14.89404715099954,
    "num_requests": 256,
    "total_num_tokens": 262400,
    "requests_per_second": 17.188075034583186,
    "tokens_per_second": 17617.776910447763
}