{
    "elapsed_time": 817.6019262590016,
    "num_requests": 4096,
    "total_num_tokens": 4198400,
    "requests_per_second": 5.009772932827534,
    "tokens_per_second": 5135.017256148222
}