{
    "elapsed_time": 119.8234784589149,
    "num_requests": 4096,
    "total_num_tokens": 4198400,
    "requests_per_second": 34.183617874225185,
    "tokens_per_second": 35038.20832108081
}