{
    "elapsed_time": 29.71267933701165,
    "num_requests": 1024,
    "total_num_tokens": 1049600,
    "requests_per_second": 34.46340157969035,
    "tokens_per_second": 35324.98661918261
}