{
    "elapsed_time": 7.151618900010362,
    "num_requests": 256,
    "total_num_tokens": 262400,
    "requests_per_second": 35.79609086826887,
    "tokens_per_second": 36690.993139975595
}