{
    "elapsed_time": 2.5015501908492297,
    "num_requests": 128,
    "total_num_tokens": 65664,
    "requests_per_second": 51.16827176533539,
    "tokens_per_second": 26249.323415617055
}