{
    "elapsed_time": 3.6202535380143672,
    "num_requests": 128,
    "total_num_tokens": 131200,
    "requests_per_second": 35.35663970932967,
    "tokens_per_second": 36240.55570206291
}