{
    "elapsed_time": 59.82656739396043,
    "num_requests": 2048,
    "total_num_tokens": 2099200,
    "requests_per_second": 34.23228323486846,
    "tokens_per_second": 35088.09031574018
}