{
    "elapsed_time": 14.317469981964678,
    "num_requests": 512,
    "total_num_tokens": 524800,
    "requests_per_second": 35.76050801188703,
    "tokens_per_second": 36654.52071218421
}