{
    "elapsed_time": 75.37074493407272,
    "num_requests": 2048,
    "total_num_tokens": 2099200,
    "requests_per_second": 27.172346535667106,
    "tokens_per_second": 27851.655199058787
}