{
    "elapsed_time": 1.084005783079192,
    "num_requests": 128,
    "total_num_tokens": 65664,
    "requests_per_second": 118.08055085869312,
    "tokens_per_second": 60575.322590509575
}