{
    "elapsed_time": 7.231512055033818,
    "num_requests": 512,
    "total_num_tokens": 524800,
    "requests_per_second": 70.80123715531933,
    "tokens_per_second": 72571.26808420231
}