{
    "elapsed_time": 18.385690366849303,
    "num_requests": 512,
    "total_num_tokens": 524800,
    "requests_per_second": 27.847744076185037,
    "tokens_per_second": 28543.937678089664
}