{
    "elapsed_time": 37.513631916139275,
    "num_requests": 1024,
    "total_num_tokens": 1049600,
    "requests_per_second": 27.29674381539822,
    "tokens_per_second": 27979.162410783174
}