{
    "elapsed_time": 0.6954097030684352,
    "num_requests": 128,
    "total_num_tokens": 16512,
    "requests_per_second": 184.06415590005585,
    "tokens_per_second": 23744.276111107203
}