{
    "elapsed_time": 3.6960367457941175,
    "num_requests": 256,
    "total_num_tokens": 262400,
    "requests_per_second": 69.2633806445008,
    "tokens_per_second": 70994.96516061333
}