{
    "elapsed_time": 118.34572936291806,
    "num_requests": 8192,
    "total_num_tokens": 8396800,
    "requests_per_second": 69.22091776441276,
    "tokens_per_second": 70951.44070852308
}