{
    "elapsed_time": 59.11261032894254,
    "num_requests": 4096,
    "total_num_tokens": 4198400,
    "requests_per_second": 69.29147566326519,
    "tokens_per_second": 71023.76255484682
}