{
    "elapsed_time": 14.518546032952145,
    "num_requests": 1024,
    "total_num_tokens": 1049600,
    "requests_per_second": 70.53047858069736,
    "tokens_per_second": 72293.74054521481
}