{
    "elapsed_time": 1.6525674539152533,
    "num_requests": 128,
    "total_num_tokens": 32896,
    "requests_per_second": 77.45523469964456,
    "tokens_per_second": 19905.995317808654
}