{
    "elapsed_time": 0.6830126158893108,
    "num_requests": 128,
    "total_num_tokens": 2176,
    "requests_per_second": 187.40503033511126,
    "tokens_per_second": 3185.8855156968916
}