{
    "elapsed_time": 1.9228654301259667,
    "num_requests": 128,
    "total_num_tokens": 131200,
    "requests_per_second": 66.56732082994219,
    "tokens_per_second": 68231.50385069074
}