{
    "elapsed_time": 1.9393968179356307,
    "num_requests": 128,
    "total_num_tokens": 32896,
    "requests_per_second": 65.99990203977346,
    "tokens_per_second": 16961.97482422178
}