{
    "elapsed_time": 1.7430020638275892,
    "num_requests": 128,
    "total_num_tokens": 65664,
    "requests_per_second": 73.4365166033798,
    "tokens_per_second": 37672.93301753383
}