{
    "elapsed_time": 1.7569340700283647,
    "num_requests": 128,
    "total_num_tokens": 2176,
    "requests_per_second": 72.85418513054023,
    "tokens_per_second": 1238.5211472191838
}