{
    "elapsed_time": 1.992507274961099,
    "num_requests": 128,
    "total_num_tokens": 16512,
    "requests_per_second": 64.24066883394391,
    "tokens_per_second": 8287.046279578766
}