{
    "elapsed_time": 151.10330255702138,
    "num_requests": 4096,
    "total_num_tokens": 4198400,
    "requests_per_second": 27.107283101600675,
    "tokens_per_second": 27784.965179140694
}