{
    "elapsed_time": 302.09035648894496,
    "num_requests": 8192,
    "total_num_tokens": 8396800,
    "requests_per_second": 27.11771436603203,
    "tokens_per_second": 27795.65722518283
}