{
    "elapsed_time": 2.081696524983272,
    "num_requests": 128,
    "total_num_tokens": 2176,
    "requests_per_second": 61.48830939756148,
    "tokens_per_second": 1045.3012597585453
}