{
    "elapsed_time": 9.237753211986274,
    "num_requests": 256,
    "total_num_tokens": 262400,
    "requests_per_second": 27.71236621344593,
    "tokens_per_second": 28405.175368782075
}