{
    "elapsed_time": 29.41729192598723,
    "num_requests": 2048,
    "total_num_tokens": 2099200,
    "requests_per_second": 69.61891683138913,
    "tokens_per_second": 71359.38975217387
}