{
    "elapsed_time": 1.6488189848605543,
    "num_requests": 128,
    "total_num_tokens": 16512,
    "requests_per_second": 77.63132349596603,
    "tokens_per_second": 10014.440730979617
}