{
    "elapsed_time": 2.66275943396613,
    "num_requests": 128,
    "total_num_tokens": 65664,
    "requests_per_second": 48.07043338847416,
    "tokens_per_second": 24660.132328287244
}