{
    "elapsed_time": 4.594568745000288,
    "num_requests": 128,
    "total_num_tokens": 131200,
    "requests_per_second": 27.858980266491145,
    "tokens_per_second": 28555.454773153422
}