{
    "elapsed_time": 1.1563257998786867,
    "num_requests": 128,
    "total_num_tokens": 16512,
    "requests_per_second": 110.69544587989719,
    "tokens_per_second": 14279.712518506738
}