{
    "elapsed_time": 19.56159183382988,
    "num_requests": 256,
    "total_num_tokens": 262400,
    "requests_per_second": 13.086869523433812,
    "tokens_per_second": 13414.041261519658
}