{
    "elapsed_time": 0.6164796859957278,
    "num_requests": 128,
    "total_num_tokens": 16512,
    "requests_per_second": 207.63052361288518,
    "tokens_per_second": 26784.33754606219
}