{
    "elapsed_time": 5.05942878103815,
    "num_requests": 128,
    "total_num_tokens": 65664,
    "requests_per_second": 25.299298703387525,
    "tokens_per_second": 12978.540234837801
}