{
    "elapsed_time": 1.8275532629340887,
    "num_requests": 128,
    "total_num_tokens": 16512,
    "requests_per_second": 70.03899836795966,
    "tokens_per_second": 9035.030789466797
}