{
    "elapsed_time": 1.938983122818172,
    "num_requests": 128,
    "total_num_tokens": 32896,
    "requests_per_second": 66.01398356369458,
    "tokens_per_second": 16965.593775869507
}