{
    "elapsed_time": 77.89684431697242,
    "num_requests": 1024,
    "total_num_tokens": 1049600,
    "requests_per_second": 13.145590286471817,
    "tokens_per_second": 13474.230043633612
}