{
    "elapsed_time": 2.095390106085688,
    "num_requests": 128,
    "total_num_tokens": 2176,
    "requests_per_second": 61.086477228391395,
    "tokens_per_second": 1038.4701128826537
}