{
    "elapsed_time": 9.747037529945374,
    "num_requests": 128,
    "total_num_tokens": 131200,
    "requests_per_second": 13.132195254891705,
    "tokens_per_second": 13460.500136263998
}