{
    "elapsed_time": 0.5894299780484289,
    "num_requests": 128,
    "total_num_tokens": 2176,
    "requests_per_second": 217.1589582596412,
    "tokens_per_second": 3691.7022904139003
}