{
    "elapsed_time": 38.61395108513534,
    "num_requests": 512,
    "total_num_tokens": 524800,
    "requests_per_second": 13.259456378114523,
    "tokens_per_second": 13590.942787567386
}