{
    "elapsed_time": 156.02551907184534,
    "num_requests": 2048,
    "total_num_tokens": 2099200,
    "requests_per_second": 13.126057917852233,
    "tokens_per_second": 13454.209365798539
}