{
    "elapsed_time": 1.1932786400429904,
    "num_requests": 128,
    "total_num_tokens": 32896,
    "requests_per_second": 107.26748615511002,
    "tokens_per_second": 27567.74394186328
}