{
    "elapsed_time": 0.7585912849754095,
    "num_requests": 128,
    "total_num_tokens": 65664,
    "requests_per_second": 168.7338129703787,
    "tokens_per_second": 86560.44605380428
}