{
    "elapsed_time": 1.1664653830230236,
    "num_requests": 128,
    "total_num_tokens": 2176,
    "requests_per_second": 109.73321785878797,
    "tokens_per_second": 1865.4647035993955
}