{
    "elapsed_time": 4.533171389000017,
    "num_requests": 256,
    "total_num_tokens": 69632,
    "requests_per_second": 56.47260560701448,
    "tokens_per_second": 15360.54872510794
}