{
    "elapsed_time": 9.135016678000284,
    "num_requests": 512,
    "total_num_tokens": 139264,
    "requests_per_second": 56.04806406462744,
    "tokens_per_second": 15245.073425578663
}