{
    "elapsed_time": 2.308241591999831,
    "num_requests": 64,
    "total_num_tokens": 17408,
    "requests_per_second": 27.726733727448007,
    "tokens_per_second": 7541.671573865858
}