{
    "elapsed_time": 3.4956508300001587,
    "num_requests": 128,
    "total_num_tokens": 34816,
    "requests_per_second": 36.61692950036265,
    "tokens_per_second": 9959.80482409864
}