{
    "elapsed_time": 7.060042500997952,
    "num_requests": 512,
    "total_num_tokens": 139264,
    "requests_per_second": 72.52080988572345,
    "tokens_per_second": 19725.66028891678
}