{
    "elapsed_time": 2.9726658029976534,
    "num_requests": 64,
    "total_num_tokens": 17408,
    "requests_per_second": 21.52949717235689,
    "tokens_per_second": 5856.023230881074
}