{
    "elapsed_time": 2.5322800480025762,
    "num_requests": 128,
    "total_num_tokens": 34816,
    "requests_per_second": 50.54733188020197,
    "tokens_per_second": 13748.874271414936
}