{
    "elapsed_time": 1.4582610659999773,
    "num_requests": 16,
    "total_num_tokens": 4352,
    "requests_per_second": 10.971972284693946,
    "tokens_per_second": 2984.3764614367533
}