{
    "elapsed_time": 1.7800060269983078,
    "num_requests": 64,
    "total_num_tokens": 17408,
    "requests_per_second": 35.95493443801741,
    "tokens_per_second": 9779.742167140736
}