{
    "elapsed_time": 3.701015408998501,
    "num_requests": 256,
    "total_num_tokens": 69632,
    "requests_per_second": 69.17020647295114,
    "tokens_per_second": 18814.29616064271
}