{
    "elapsed_time": 6.033314239997708,
    "num_requests": 256,
    "total_num_tokens": 69632,
    "requests_per_second": 42.43107350564542,
    "tokens_per_second": 11541.251993535556
}