{
    "elapsed_time": 3.9861462349981593,
    "num_requests": 128,
    "total_num_tokens": 34816,
    "requests_per_second": 32.11121530769909,
    "tokens_per_second": 8734.250563694153
}