{
    "elapsed_time": 12.607121376000578,
    "num_requests": 512,
    "total_num_tokens": 139264,
    "requests_per_second": 40.611967215185516,
    "tokens_per_second": 11046.455082530461
}