{
    "elapsed_time": 105.52966860499873,
    "num_requests": 512,
    "total_num_tokens": 139264,
    "requests_per_second": 4.851716173926728,
    "tokens_per_second": 1319.66679930807
}