{
    "elapsed_time": 17.78153529800329,
    "num_requests": 512,
    "total_num_tokens": 139264,
    "requests_per_second": 28.79391410355286,
    "tokens_per_second": 7831.944636166379
}