{
    "elapsed_time": 8.496437317997334,
    "num_requests": 256,
    "total_num_tokens": 69632,
    "requests_per_second": 30.13027583428826,
    "tokens_per_second": 8195.435026926407
}