{
    "elapsed_time": 30.78070923499763,
    "num_requests": 256,
    "total_num_tokens": 69632,
    "requests_per_second": 8.316897380289351,
    "tokens_per_second": 2262.196087438703
}