{
    "elapsed_time": 15.276150190999033,
    "num_requests": 128,
    "total_num_tokens": 34816,
    "requests_per_second": 8.379074465726305,
    "tokens_per_second": 2279.1082546775547
}