{
    "elapsed_time": 4.497640726003738,
    "num_requests": 64,
    "total_num_tokens": 17408,
    "requests_per_second": 14.229682604476402,
    "tokens_per_second": 3870.4736684175814
}