{
    "elapsed_time": 5.487321979002445,
    "num_requests": 128,
    "total_num_tokens": 34816,
    "requests_per_second": 23.326497058091253,
    "tokens_per_second": 6344.807199800821
}