{
    "elapsed_time": 11.154986173998623,
    "num_requests": 64,
    "total_num_tokens": 17408,
    "requests_per_second": 5.73734462792781,
    "tokens_per_second": 1560.5577387963644
}