{
  "meta": {
    "model": "BitNet-2B4T-FP8E4M3",
    "dtype": "fp8e4m3",
    "outdtype": "bf16",
    "gpu": "NVIDIA GeForce RTX 5080",
    "gpu_short": "RTX5080",
    "cc": "cc120",
    "warmup": 25,
    "repeat": 100,
    "verify": false,
    "m_list": [
      16,
      128
    ],
    "nk_list": [
      [
        3840,
        2560
      ],
      [
        2560,
        2560
      ],
      [
        13824,
        2560
      ],
      [
        2560,
        6912
      ]
    ],
    "layout_names": [
      "TT_RowCol_Col",
      "TN_RowCol_Col",
      "NT_RowCol_Col",
      "NN_RowCol_Col",
      "TT_ColCol_Col",
      "TN_ColCol_Col",
      "NT_ColCol_Col",
      "NN_ColCol_Col",
      "TT_RowCol_Row",
      "TN_RowCol_Row",
      "NT_RowCol_Row",
      "NN_RowCol_Row",
      "TT_ColCol_Row",
      "TN_ColCol_Row",
      "NT_ColCol_Row",
      "NN_ColCol_Row"
    ],
    "is_sparse": false
  },
  "results": {
    "(3840,2560)": {
      "16": {
        "NN_RowCol_Col": {
          "tops": 38.295284271240234,
          "lat_us": 8.214400291442871,
          "best_alg_id": 35,
          "workspace": 0,
          "waves_count": 0.2380952388048172
        },
        "TN_ColCol_Col": {
          "tops": 38.29976272583008,
          "lat_us": 8.21343994140625,
          "best_alg_id": 35,
          "workspace": 0,
          "waves_count": 0.2380952388048172
        },
        "NN_RowCol_Row": {
          "tops": 28.476581573486328,
          "lat_us": 11.046719551086426,
          "best_alg_id": 35,
          "workspace": 0,
          "waves_count": 0.3571428656578064
        },
        "TN_ColCol_Row": {
          "tops": 27.73345375061035,
          "lat_us": 11.342720031738281,
          "best_alg_id": 35,
          "workspace": 0,
          "waves_count": 0.2380952388048172
        }
      },
      "128": {
        "NN_RowCol_Col": {
          "tops": 153.20204162597656,
          "lat_us": 16.426559448242188,
          "best_alg_id": 35,
          "workspace": 0,
          "waves_count": 0.9523809552192688
        },
        "TN_ColCol_Col": {
          "tops": 153.2169647216797,
          "lat_us": 16.424959182739258,
          "best_alg_id": 35,
          "workspace": 0,
          "waves_count": 0.9523809552192688
        },
        "NN_RowCol_Row": {
          "tops": 136.3675994873047,
          "lat_us": 18.45440101623535,
          "best_alg_id": 35,
          "workspace": 0,
          "waves_count": 0.9523809552192688
        },
        "TN_ColCol_Row": {
          "tops": 136.36524963378906,
          "lat_us": 18.45471954345703,
          "best_alg_id": 35,
          "workspace": 0,
          "waves_count": 0.9523809552192688
        }
      }
    },
    "(2560,2560)": {
      "16": {
        "NN_RowCol_Col": {
          "tops": 25.5282039642334,
          "lat_us": 8.215039253234863,
          "best_alg_id": 35,
          "workspace": 0,
          "waves_count": 0.1587301641702652
        },
        "TN_ColCol_Col": {
          "tops": 25.530189514160156,
          "lat_us": 8.214400291442871,
          "best_alg_id": 35,
          "workspace": 0,
          "waves_count": 0.1587301641702652
        },
        "NN_RowCol_Row": {
          "tops": 25.53914451599121,
          "lat_us": 8.211520195007324,
          "best_alg_id": 35,
          "workspace": 0,
          "waves_count": 0.3174603283405304
        },
        "TN_ColCol_Row": {
          "tops": 25.534168243408203,
          "lat_us": 8.213120460510254,
          "best_alg_id": 35,
          "workspace": 0,
          "waves_count": 0.3174603283405304
        }
      },
      "128": {
        "NN_RowCol_Col": {
          "tops": 136.3096923828125,
          "lat_us": 12.308160781860352,
          "best_alg_id": 35,
          "workspace": 0,
          "waves_count": 0.3174603283405304
        },
        "TN_ColCol_Col": {
          "tops": 136.25302124023438,
          "lat_us": 12.31328010559082,
          "best_alg_id": 35,
          "workspace": 0,
          "waves_count": 0.3174603283405304
        },
        "NN_RowCol_Row": {
          "tops": 136.25657653808594,
          "lat_us": 12.312958717346191,
          "best_alg_id": 35,
          "workspace": 0,
          "waves_count": 0.4761904776096344
        },
        "TN_ColCol_Row": {
          "tops": 136.25302124023438,
          "lat_us": 12.31328010559082,
          "best_alg_id": 35,
          "workspace": 0,
          "waves_count": 0.4761904776096344
        }
      }
    },
    "(13824,2560)": {
      "16": {
        "NN_RowCol_Col": {
          "tops": 69.00543975830078,
          "lat_us": 16.41119956970215,
          "best_alg_id": 35,
          "workspace": 0,
          "waves_count": 0.8571428656578064
        },
        "TN_ColCol_Col": {
          "tops": 68.95703887939453,
          "lat_us": 16.422719955444336,
          "best_alg_id": 35,
          "workspace": 0,
          "waves_count": 0.8571428656578064
        },
        "NN_RowCol_Row": {
          "tops": 41.98881912231445,
          "lat_us": 26.970561981201172,
          "best_alg_id": 35,
          "workspace": 0,
          "waves_count": 0.8571428656578064
        },
        "TN_ColCol_Row": {
          "tops": 42.41151428222656,
          "lat_us": 26.701759338378906,
          "best_alg_id": 35,
          "workspace": 0,
          "waves_count": 0.8571428656578064
        }
      },
      "128": {
        "NN_RowCol_Col": {
          "tops": 176.78477478027344,
          "lat_us": 51.247039794921875,
          "best_alg_id": 35,
          "workspace": 0,
          "waves_count": 3.4285714626312256
        },
        "TN_ColCol_Col": {
          "tops": 176.8466033935547,
          "lat_us": 51.229122161865234,
          "best_alg_id": 35,
          "workspace": 0,
          "waves_count": 3.4285714626312256
        },
        "NN_RowCol_Row": {
          "tops": 176.8675994873047,
          "lat_us": 51.22304153442383,
          "best_alg_id": 35,
          "workspace": 0,
          "waves_count": 1.2857142686843872
        },
        "TN_ColCol_Row": {
          "tops": 176.90628051757812,
          "lat_us": 51.21184158325195,
          "best_alg_id": 35,
          "workspace": 0,
          "waves_count": 1.2857142686843872
        }
      }
    },
    "(2560,6912)": {
      "16": {
        "NN_RowCol_Col": {
          "tops": 45.972251892089844,
          "lat_us": 12.316800117492676,
          "best_alg_id": 35,
          "workspace": 655999,
          "waves_count": 0.4761904776096344
        },
        "TN_ColCol_Col": {
          "tops": 46.00810623168945,
          "lat_us": 12.307201385498047,
          "best_alg_id": 35,
          "workspace": 655999,
          "waves_count": 0.4761904776096344
        },
        "NN_RowCol_Row": {
          "tops": 34.51483154296875,
          "lat_us": 16.405441284179688,
          "best_alg_id": 35,
          "workspace": 1311839,
          "waves_count": 0.9523809552192688
        },
        "TN_ColCol_Row": {
          "tops": 34.50743103027344,
          "lat_us": 16.408960342407227,
          "best_alg_id": 35,
          "workspace": 1311839,
          "waves_count": 0.9523809552192688
        }
      },
      "128": {
        "NN_RowCol_Col": {
          "tops": 183.8603515625,
          "lat_us": 24.637439727783203,
          "best_alg_id": 35,
          "workspace": 0,
          "waves_count": 0.4761904776096344
        },
        "TN_ColCol_Col": {
          "tops": 183.9941864013672,
          "lat_us": 24.619518280029297,
          "best_alg_id": 35,
          "workspace": 0,
          "waves_count": 0.4761904776096344
        },
        "NN_RowCol_Row": {
          "tops": 183.97744750976562,
          "lat_us": 24.62175941467285,
          "best_alg_id": 35,
          "workspace": 0,
          "waves_count": 0.3174603283405304
        },
        "TN_ColCol_Row": {
          "tops": 184.13539123535156,
          "lat_us": 24.60063934326172,
          "best_alg_id": 35,