{
    "elapsed_time": 3.878500219027046,
    "num_requests": 512,
    "total_num_tokens": 139264,
    "requests_per_second": 132.0097901472955,
    "tokens_per_second": 35906.66292006438
}