{
    "elapsed_time": 1.2982627070159651,
    "num_requests": 64,
    "total_num_tokens": 17408,
    "requests_per_second": 49.29664824702769,
    "tokens_per_second": 13408.68832319153
}