{
    "elapsed_time": 2.2727559200138785,
    "num_requests": 256,
    "total_num_tokens": 69632,
    "requests_per_second": 112.63858021253631,
    "tokens_per_second": 30637.693817809875
}