{
    "elapsed_time": 1.7095948159694672,
    "num_requests": 128,
    "total_num_tokens": 34816,
    "requests_per_second": 74.87154196090287,
    "tokens_per_second": 20365.059413365583
}