{
    "elapsed_time": 2.12075855396688,
    "num_requests": 256,
    "total_num_tokens": 69632,
    "requests_per_second": 120.71152537432981,
    "tokens_per_second": 32833.53490181771
}