{
    "elapsed_time": 0.8497618910041638,
    "num_requests": 64,
    "total_num_tokens": 17408,
    "requests_per_second": 75.31521556511694,
    "tokens_per_second": 20485.738633711808
}