{
    "elapsed_time": 4.002457685011905,
    "num_requests": 512,
    "total_num_tokens": 139264,
    "requests_per_second": 127.92140237167233,
    "tokens_per_second": 34794.621445094876
}