{
    "elapsed_time": 1.187297602999024,
    "num_requests": 128,
    "total_num_tokens": 34816,
    "requests_per_second": 107.80784840858911,
    "tokens_per_second": 29323.734767136237
}