{
    "elapsed_time": 2.8548689240124077,
    "num_requests": 512,
    "total_num_tokens": 139264,
    "requests_per_second": 179.3427346851371,
    "tokens_per_second": 48781.22383435728
}