{
    "elapsed_time": 1.5512793770176359,
    "num_requests": 256,
    "total_num_tokens": 69632,
    "requests_per_second": 165.02507787614948,
    "tokens_per_second": 44886.821182312655
}