{
    "elapsed_time": 0.6158077790169045,
    "num_requests": 16,
    "total_num_tokens": 4352,
    "requests_per_second": 25.982133622187945,
    "tokens_per_second": 7067.1403452351215
}