{
    "elapsed_time": 1.7527320130029693,
    "num_requests": 256,
    "total_num_tokens": 69632,
    "requests_per_second": 146.0576962712019,
    "tokens_per_second": 39727.69338576692
}