{
    "elapsed_time": 0.8347428259439766,
    "num_requests": 64,
    "total_num_tokens": 17408,
    "requests_per_second": 76.67032049975992,
    "tokens_per_second": 20854.327175934697
}