{
    "elapsed_time": 1.1817681380198337,
    "num_requests": 128,
    "total_num_tokens": 34816,
    "requests_per_second": 108.31227876432371,
    "tokens_per_second": 29460.93982389605
}