{
    "elapsed_time": 1.6717248710338026,
    "num_requests": 128,
    "total_num_tokens": 34816,
    "requests_per_second": 76.56762318840431,
    "tokens_per_second": 20826.393507245975
}