{
    "elapsed_time": 1.2459809230058454,
    "num_requests": 64,
    "total_num_tokens": 17408,
    "requests_per_second": 51.36515240185563,
    "tokens_per_second": 13971.321453304732
}