{
    "elapsed_time": 1.465622863965109,
    "num_requests": 64,
    "total_num_tokens": 17408,
    "requests_per_second": 43.667441040632944,
    "tokens_per_second": 11877.543963052161
}