{
    "elapsed_time": 4.519072177005,
    "num_requests": 512,
    "total_num_tokens": 139264,
    "requests_per_second": 113.29759294513553,
    "tokens_per_second": 30816.945281076863
}