{
    "elapsed_time": 2.3671472819987684,
    "num_requests": 64,
    "total_num_tokens": 17408,
    "requests_per_second": 27.03676297909092,
    "tokens_per_second": 7353.999530312731
}