{
    "elapsed_time": 3.8530069530243054,
    "num_requests": 256,
    "total_num_tokens": 69632,
    "requests_per_second": 66.44161381516851,
    "tokens_per_second": 18072.118957725834
}