{
    "elapsed_time": 1.8477972549735568,
    "num_requests": 128,
    "total_num_tokens": 34816,
    "requests_per_second": 69.27166909436272,
    "tokens_per_second": 18841.893993666657
}