{
    "elapsed_time": 2.864703219034709,
    "num_requests": 128,
    "total_num_tokens": 34816,
    "requests_per_second": 44.681766386652406,
    "tokens_per_second": 12153.440457169454
}