{
    "elapsed_time": 2.5233722149860114,
    "num_requests": 256,
    "total_num_tokens": 69632,
    "requests_per_second": 101.45154110822259,
    "tokens_per_second": 27594.819181436542
}