{
    "elapsed_time": 7.352014604955912,
    "num_requests": 512,
    "total_num_tokens": 139264,
    "requests_per_second": 69.64077569362641,
    "tokens_per_second": 18942.290988666384
}