{
    "elapsed_time": 2.2935499970335513,
    "num_requests": 64,
    "total_num_tokens": 17408,
    "requests_per_second": 27.904340469044403,
    "tokens_per_second": 7589.980607580078
}