{
    "elapsed_time": 4.22364811017178,
    "num_requests": 256,
    "total_num_tokens": 69632,
    "requests_per_second": 60.611109951010626,
    "tokens_per_second": 16486.22190667489
}