{
    "elapsed_time": 8.203517190180719,
    "num_requests": 512,
    "total_num_tokens": 139264,
    "requests_per_second": 62.412254174690275,
    "tokens_per_second": 16976.133135515756
}