{
    "elapsed_time": 3.07491516508162,
    "num_requests": 128,
    "total_num_tokens": 34816,
    "requests_per_second": 41.62716469499814,
    "tokens_per_second": 11322.588797039494
}