{
    "elapsed_time": 9.42320635204669,
    "num_requests": 512,
    "total_num_tokens": 139264,
    "requests_per_second": 54.333947583435354,
    "tokens_per_second": 14778.833742694416
}