{
    "elapsed_time": 1.1227897439384833,
    "num_requests": 16,
    "total_num_tokens": 4352,
    "requests_per_second": 14.25021922971593,
    "tokens_per_second": 3876.059630482733
}