{
    "elapsed_time": 4.762990689021535,
    "num_requests": 256,
    "total_num_tokens": 69632,
    "requests_per_second": 53.74774311234068,
    "tokens_per_second": 14619.386126556665
}