{
    "elapsed_time": 3.2751607969403267,
    "num_requests": 128,
    "total_num_tokens": 34816,
    "requests_per_second": 39.08205060331032,
    "tokens_per_second": 10630.317764100408
}