{
    "elapsed_time": 5.9475170319201425,
    "num_requests": 512,
    "total_num_tokens": 139264,
    "requests_per_second": 86.08634447822706,
    "tokens_per_second": 23415.485698077762
}