{
    "elapsed_time": 1.608613696997054,
    "num_requests": 64,
    "total_num_tokens": 17408,
    "requests_per_second": 39.785810676282715,
    "tokens_per_second": 10821.740503948899
}