{
    "elapsed_time": 3.0700026330305263,
    "num_requests": 256,
    "total_num_tokens": 69632,
    "requests_per_second": 83.38755063128133,
    "tokens_per_second": 22681.41377170852
}