{
    "elapsed_time": 2.278764803078957,
    "num_requests": 128,
    "total_num_tokens": 34816,
    "requests_per_second": 56.170781568616725,
    "tokens_per_second": 15278.45258666375
}