{
    "elapsed_time": 2.6261686029611155,
    "num_requests": 64,
    "total_num_tokens": 17408,
    "requests_per_second": 24.370103247688405,
    "tokens_per_second": 6628.668083371246
}