{
    "elapsed_time": 10.970530530088581,
    "num_requests": 256,
    "total_num_tokens": 69632,
    "requests_per_second": 23.335243386623432,
    "tokens_per_second": 6347.186201161573
}