{
    "elapsed_time": 4.1352604740532115,
    "num_requests": 128,
    "total_num_tokens": 34816,
    "requests_per_second": 30.95331014893475,
    "tokens_per_second": 8419.300360510253
}