{
    "elapsed_time": 3.232352363062091,
    "num_requests": 64,
    "total_num_tokens": 17408,
    "requests_per_second": 19.799821557625958,
    "tokens_per_second": 5385.551463674261
}