{
    "elapsed_time": 5.23847828397993,
    "num_requests": 64,
    "total_num_tokens": 17408,
    "requests_per_second": 12.217288405245817,
    "tokens_per_second": 3323.102446226862
}