{
    "elapsed_time": 6.479228748008609,
    "num_requests": 256,
    "total_num_tokens": 69632,
    "requests_per_second": 39.510875438482024,
    "tokens_per_second": 10746.958119267112
}