{
    "elapsed_time": 12.985474826069549,
    "num_requests": 512,
    "total_num_tokens": 139264,
    "requests_per_second": 39.42866986828332,
    "tokens_per_second": 10724.598204173062
}