{
    "elapsed_time": 6.880499393912032,
    "num_requests": 128,
    "total_num_tokens": 34816,
    "requests_per_second": 18.60330081756221,
    "tokens_per_second": 5060.097822376921
}