{
    "elapsed_time": 22.588538961019367,
    "num_requests": 512,
    "total_num_tokens": 139264,
    "requests_per_second": 22.666361949462473,
    "tokens_per_second": 6165.250450253793
}