{
    "elapsed_time": 11.912028877995908,
    "num_requests": 1024,
    "total_num_tokens": 1049600,
    "requests_per_second": 85.96352565023993,
    "tokens_per_second": 88112.61379149593
}