{
    "elapsed_time": 22.484758622944355,
    "num_requests": 2048,
    "total_num_tokens": 2099200,
    "requests_per_second": 91.08392197326674,
    "tokens_per_second": 93361.0200225984
}