{
    "elapsed_time": 3.8399149070028216,
    "num_requests": 256,
    "total_num_tokens": 262400,
    "requests_per_second": 66.66814400838281,
    "tokens_per_second": 68334.84760859238
}