{
    "elapsed_time": 3.946479832055047,
    "num_requests": 128,
    "total_num_tokens": 65664,
    "requests_per_second": 32.43396785163518,
    "tokens_per_second": 16638.625507888846
}