{
    "elapsed_time": 4.04082894208841,
    "num_requests": 128,
    "total_num_tokens": 131200,
    "requests_per_second": 31.676668781194714,
    "tokens_per_second": 32468.58550072458
}