{
    "elapsed_time": 6.53306457400322,
    "num_requests": 512,
    "total_num_tokens": 524800,
    "requests_per_second": 78.37057084012035,
    "tokens_per_second": 80329.83511112336
}