{
    "elapsed_time": 44.09491460304707,
    "num_requests": 4096,
    "total_num_tokens": 4198400,
    "requests_per_second": 92.89053027708904,
    "tokens_per_second": 95212.79353401627
}