{
    "elapsed_time": 4.038458982948214,
    "num_requests": 128,
    "total_num_tokens": 65664,
    "requests_per_second": 31.69525815180017,
    "tokens_per_second": 16259.667431873488
}