{
    "elapsed_time": 6.909760111011565,
    "num_requests": 1024,
    "total_num_tokens": 1049600,
    "requests_per_second": 148.19617230533493,
    "tokens_per_second": 151901.0766129683
}