{
    "elapsed_time": 112.85532425297424,
    "num_requests": 8192,
    "total_num_tokens": 8396800,
    "requests_per_second": 72.58851147897087,
    "tokens_per_second": 74403.22426594514
}