{
    "elapsed_time": 56.43301355000585,
    "num_requests": 4096,
    "total_num_tokens": 4198400,
    "requests_per_second": 72.58162806369526,
    "tokens_per_second": 74396.16876528764
}