{
    "elapsed_time": 12.201299893902615,
    "num_requests": 2048,
    "total_num_tokens": 2099200,
    "requests_per_second": 167.85096815983124,
    "tokens_per_second": 172047.242363827
}