{
    "elapsed_time": 4.081221731030382,
    "num_requests": 128,
    "total_num_tokens": 16512,
    "requests_per_second": 31.363157514032928,
    "tokens_per_second": 4045.8473193102477
}