{
    "elapsed_time": 4.1691745991120115,
    "num_requests": 128,
    "total_num_tokens": 2176,
    "requests_per_second": 30.70152063846465,
    "tokens_per_second": 521.9258508538991
}