{
    "elapsed_time": 14.66606410802342,
    "num_requests": 1024,
    "total_num_tokens": 1049600,
    "requests_per_second": 69.8210503143646,
    "tokens_per_second": 71566.57657222371
}