{
    "elapsed_time": 23.742852212977596,
    "num_requests": 4096,
    "total_num_tokens": 4198400,
    "requests_per_second": 172.51507793832658,
    "tokens_per_second": 176827.95488678475
}