{
    "elapsed_time": 8.086711177951656,
    "num_requests": 512,
    "total_num_tokens": 524800,
    "requests_per_second": 63.31374878281338,
    "tokens_per_second": 64896.59250238371
}