{
    "elapsed_time": 47.07684200897347,
    "num_requests": 8192,
    "total_num_tokens": 8396800,
    "requests_per_second": 174.01337155195108,
    "tokens_per_second": 178363.70584074987
}