{
    "elapsed_time": 4.258222837001085,
    "num_requests": 128,
    "total_num_tokens": 32896,
    "requests_per_second": 30.05948840623518,
    "tokens_per_second": 7725.2885204024415
}