{
    "elapsed_time": 28.649058341048658,
    "num_requests": 2048,
    "total_num_tokens": 2099200,
    "requests_per_second": 71.4857701645853,
    "tokens_per_second": 73272.91441869995
}