{
    "elapsed_time": 4.079109721002169,
    "num_requests": 128,
    "total_num_tokens": 131200,
    "requests_per_second": 31.37939618073145,
    "tokens_per_second": 32163.881085249737
}