{
    "elapsed_time": 4.641899814014323,
    "num_requests": 512,
    "total_num_tokens": 524800,
    "requests_per_second": 110.29966619577287,
    "tokens_per_second": 113057.1578506672
}