{
    "elapsed_time": 4.414432568941265,
    "num_requests": 256,
    "total_num_tokens": 262400,
    "requests_per_second": 57.991598240993795,
    "tokens_per_second": 59441.38819701864
}