{
    "elapsed_time": 3.7343493349617347,
    "num_requests": 128,
    "total_num_tokens": 131200,
    "requests_per_second": 34.27638619709144,
    "tokens_per_second": 35133.295852018724
}