{
    "elapsed_time": 4.259310069028288,
    "num_requests": 256,
    "total_num_tokens": 262400,
    "requests_per_second": 60.10363083484162,
    "tokens_per_second": 61606.22160571266
}