{
    "elapsed_time": 3.8032832039752975,
    "num_requests": 128,
    "total_num_tokens": 65664,
    "requests_per_second": 33.655132456665555,
    "tokens_per_second": 17265.08295026943
}