{
    "elapsed_time": 209.66983569099102,
    "num_requests": 4096,
    "total_num_tokens": 4198400,
    "requests_per_second": 19.535475794604224,
    "tokens_per_second": 20023.86268946933
}