{
    "elapsed_time": 5.759112242958508,
    "num_requests": 128,
    "total_num_tokens": 65664,
    "requests_per_second": 22.225647738764202,
    "tokens_per_second": 11401.757289986035
}