{
    "elapsed_time": 13.84424547792878,
    "num_requests": 256,
    "total_num_tokens": 262400,
    "requests_per_second": 18.49143750073838,
    "tokens_per_second": 18953.723438256842
}