{
    "elapsed_time": 109.83637114497833,
    "num_requests": 4096,
    "total_num_tokens": 4198400,
    "requests_per_second": 37.291836550148695,
    "tokens_per_second": 38224.13246390241
}