{
    "elapsed_time": 52.744474416947924,
    "num_requests": 1024,
    "total_num_tokens": 1049600,
    "requests_per_second": 19.414355936229917,
    "tokens_per_second": 19899.714834635666
}