{
    "elapsed_time": 54.49930617201608,
    "num_requests": 2048,
    "total_num_tokens": 2099200,
    "requests_per_second": 37.57846005481062,
    "tokens_per_second": 38517.92155618089
}