{
    "elapsed_time": 104.599083207082,
    "num_requests": 2048,
    "total_num_tokens": 2099200,
    "requests_per_second": 19.579521514021625,
    "tokens_per_second": 20069.009551872165
}