{
    "elapsed_time": 7.739416918018833,
    "num_requests": 128,
    "total_num_tokens": 131200,
    "requests_per_second": 16.538713620917836,
    "tokens_per_second": 16952.18146144078
}