{
    "elapsed_time": 4.193875730969012,
    "num_requests": 128,
    "total_num_tokens": 131200,
    "requests_per_second": 30.52069451052263,
    "tokens_per_second": 31283.711873285694
}