{
    "elapsed_time": 3.4501622429816052,
    "num_requests": 128,
    "total_num_tokens": 65664,
    "requests_per_second": 37.09970458936544,
    "tokens_per_second": 19032.148454344468
}