{
    "elapsed_time": 7.501467132009566,
    "num_requests": 256,
    "total_num_tokens": 262400,
    "requests_per_second": 34.126657558442204,
    "tokens_per_second": 34979.823997403255
}