{
    "elapsed_time": 415.21787141403183,
    "num_requests": 8192,
    "total_num_tokens": 8396800,
    "requests_per_second": 19.729401270956856,
    "tokens_per_second": 20222.636302730778
}