{
    "elapsed_time": 14.358199369977228,
    "num_requests": 512,
    "total_num_tokens": 524800,
    "requests_per_second": 35.65906746430782,
    "tokens_per_second": 36550.54415091551
}