{
    "elapsed_time": 26.77597506705206,
    "num_requests": 512,
    "total_num_tokens": 524800,
    "requests_per_second": 19.12161923955546,
    "tokens_per_second": 19599.659720544347
}