{
    "elapsed_time": 28.133768619038165,
    "num_requests": 1024,
    "total_num_tokens": 1049600,
    "requests_per_second": 36.39754111388609,
    "tokens_per_second": 37307.47964173325
}