{
  "meta": {
    "model": "Qwen2.5-14B-FP8E4M3",
    "dtype": "fp8e4m3",
    "outdtype": "bf16",
    "gpu": "NVIDIA GeForce RTX 5080",
    "gpu_short": "RTX5080",
    "cc": "cc120",
    "warmup": 5,
    "repeat": 10,
    "verify": false,
    "m_list": [
      16,
      256
    ],
    "nk_list": [
      [
        3840,
        2560
      ],
      [
        2560,
        2560
      ],
      [
        13824,
        2560
      ],
      [
        2560,
        6912
      ]
    ],
    "layout_names": [
      "TN_CC_Col",
      "NT_RR_Col",
      "NN_RC_Col",
      "TT_CR_Col",
      "TN_CC_Row",
      "NT_RR_Row",
      "NN_RC_Row",
      "TT_CR_Row",
      "TN_RR_Col",
      "NT_CC_Col",
      "NN_CR_Col",
      "TT_RC_Col",
      "TN_RR_Row",
      "NT_CC_Row",
      "NN_CR_Row",
      "TT_RC_Row"
    ],
    "is_sparse": true
  },
  "results": {
    "(3840,2560)": {
      "16": {
        "TN_CC_Col": {
          "tops": 25.533506393432617,
          "lat_us": 12.319999694824219,
          "best_alg_id": 2,
          "workspace": 0,
          "best_split_k": -1
        },
        "NT_RR_Col": {
          "tops": 25.329553604125977,
          "lat_us": 12.41919994354248,
          "best_alg_id": 2,
          "workspace": 0,
          "best_split_k": 2
        },
        "NN_RC_Col": {
          "tops": 25.362228393554688,
          "lat_us": 12.403200149536133,
          "best_alg_id": 2,
          "workspace": 0,
          "best_split_k": 1
        },
        "TT_CR_Col": {
          "tops": 25.15455436706543,
          "lat_us": 12.505599975585938,
          "best_alg_id": 2,
          "workspace": 0,
          "best_split_k": 1
        },
        "TN_CC_Row": {
          "tops": 25.15455436706543,
          "lat_us": 12.505599975585938,
          "best_alg_id": 2,
          "workspace": 0,
          "best_split_k": 1
        },
        "NT_RR_Row": {
          "tops": 25.50700569152832,
          "lat_us": 12.332799911499023,
          "best_alg_id": 2,
          "workspace": 0,
          "best_split_k": 1
        },
        "NN_RC_Row": {
          "tops": 25.513626098632812,
          "lat_us": 12.329599380493164,
          "best_alg_id": 2,
          "workspace": 0,
          "best_split_k": 2
        },
        "TT_CR_Row": {
          "tops": 25.50700569152832,
          "lat_us": 12.332799911499023,
          "best_alg_id": 2,
          "workspace": 0,
          "best_split_k": 2
        }
      },
      "256": {
        "TN_CC_Col": {
          "tops": 222.72216796875,
          "lat_us": 22.598400115966797,
          "best_alg_id": 0,
          "workspace": 0,
          "best_split_k": 2
        },
        "NT_RR_Col": {
          "tops": 222.9431610107422,
          "lat_us": 22.576000213623047,
          "best_alg_id": 0,
          "workspace": 0,
          "best_split_k": 1
        },
        "NN_RC_Col": {
          "tops": 223.70416259765625,
          "lat_us": 22.49920082092285,
          "best_alg_id": 0,
          "workspace": 0,
          "best_split_k": 8
        },
        "TT_CR_Col": {
          "tops": 222.8168182373047,
          "lat_us": 22.58880043029785,
          "best_alg_id": 0,
          "workspace": 0,
          "best_split_k": 2
        },
        "TN_CC_Row": {
          "tops": 223.38644409179688,
          "lat_us": 22.531200408935547,
          "best_alg_id": 0,
          "workspace": 0,
          "best_split_k": -1
        },
        "NT_RR_Row": {
          "tops": 224.11856079101562,
          "lat_us": 22.457599639892578,
          "best_alg_id": 0,
          "workspace": 0,
          "best_split_k": 2
        },
        "NN_RC_Row": {
          "tops": 223.0063934326172,
          "lat_us": 22.569599151611328,
          "best_alg_id": 0,
          "workspace": 0,
          "best_split_k": 1
        },
        "TT_CR_Row": {
          "tops": 224.15048217773438,
          "lat_us": 22.45440101623535,
          "best_alg_id": 0,
          "workspace": 0,
          "best_split_k": -1
        }
      }
    },
    "(2560,2560)": {
      "16": {
        "TN_CC_Col": {
          "tops": 17.0533447265625,
          "lat_us": 12.297599792480469,
          "best_alg_id": 2,
          "workspace": 0,
          "best_split_k": 1
        },
        "NT_RR_Col": {
          "tops": 17.08000946044922,
          "lat_us": 12.278400421142578,
          "best_alg_id": 2,
          "workspace": 0,
          "best_split_k": 2
        },
        "NN_RC_Col": {
          "tops": 17.093374252319336,
          "lat_us": 12.268800735473633,
          "best_alg_id": 2,
          "workspace": 0,
          "best_split_k": -1
        },
        "TT_CR_Col": {
          "tops": 17.0755615234375,
          "lat_us": 12.281599044799805,
          "best_alg_id": 2,
          "workspace": 0,
          "best_split_k": -1
        },
        "TN_CC_Row": {
          "tops": 17.000259399414062,
          "lat_us": 12.336000442504883,
          "best_alg_id": 2,
          "workspace": 0,
          "best_split_k": 1
        },
        "NT_RR_Row": {
          "tops": 17.11569595336914,
          "lat_us": 12.252799987792969,
          "best_alg_id": 2,
          "workspace": 0,
          "best_split_k": 2
        },
        "NN_RC_Row": {
          "tops": 17.009084701538086,
          "lat_us": 12.329599380493164,
          "best_alg_id": 2,
          "workspace": 0,
          "best_split_k": 2
        },
        "TT_CR_Row": {
          "tops": 17.000259399414062,
          "lat_us": 12.336000442504883,
          "best_alg_id": 2,
          "workspace": 0,
          "best_split_k": -1
        }
      },
      "256": {
        "TN_CC_Col": {
          "tops": 233.27609252929688,
          "lat_us": 14.383999824523926,
          "best_alg_id": 2,
          "workspace": 0,
          "best_split_k": 2
        },
        "NT_RR_Col": {
          "tops": 232.96511840820312,
          "lat_us": 14.403200149536133,
          "best_alg_id": 2,
          "workspace": 0,
          "best_split_k": 2
        },
        "NN_RC_Col": {
          "tops": 233.587890625,
          "lat_us": 14.364799499511719,
          "best_alg_id": 2,
          "workspace": 0,
          "best_split_k": -1
        },
        "TT_CR_Col": {
          "tops": 234.00491333007812,
          "lat_us": 14.339200019836426,
          "best_alg_id": 2,
          "workspace": 0,
          "best_split_k": -1
        },
        "TN_CC_Row": {
          "tops": 234.1616668701172,
          "lat_us": 14.32960033416748,
          "best_alg_id": 2,
          "workspace": 0,
          "best_split_k": 2
        },
        "NT_RR_Row": {
          "tops": 234.10940551757812,
          "lat_us": 14.332799911499023,
          "best_alg_id": 2,
          "workspace": 0,
          "best_split_k": -1
        },
        "NN_RC_Row": {
          "tops": 233.22421264648438,
          "lat_us": 14.387199401855469,
          "best_alg_id": 2,
          "workspace": 0,
          "best_split_k": 2
        },
        "TT_CR_Row": {
          "tops": 234.10940551757812,
          "lat_us": 14.332799911499023,
          "best_alg_id": 2,
          "workspace": 0,
          "best_split_k": 2
        }
      }
    },
    "(13824,2560)": {
      "16": {
        "TN_CC_Col": {
          "tops": 42.387638092041016,
          "lat_us": 26.716800689697266,
          "best_alg_id": 2,
          "workspace": 0,
          "best_split_k": -1
        },
        "NT_RR_Col": {
          "tops": 42.3927116394043,
          "lat_us": 26.71360206604004,
          "best_alg_id": 2,
          "workspace": 0,
          "best_split_k": -1
        },
        "NN_RC_Col": {
          "tops": 42.4232063293457,
          "lat_us": 26.694400787353516,
          "best_alg_id": 2,
          "workspace": 0,
          "best_split_k": 1
        },
        "TT_CR_Col": {
          "tops": 42.35719680786133,
          "lat_us": 26.73600196838379,
          "best_alg_id": 2,
          "workspace": 0,
          "best_split_k": 2
        },