{
    "elapsed_time": 3.753093551029451,
    "num_requests": 512,
    "total_num_tokens": 139264,
    "requests_per_second": 136.4207934170896,
    "tokens_per_second": 37106.45580944837
}