{
    "elapsed_time": 1.6654254960012622,
    "num_requests": 64,
    "total_num_tokens": 17408,
    "requests_per_second": 38.42861788393775,
    "tokens_per_second": 10452.584064431068
}