{
    "elapsed_time": 1.6384658349561505,
    "num_requests": 128,
    "total_num_tokens": 34816,
    "requests_per_second": 78.12186087079783,
    "tokens_per_second": 21249.146156857012
}