{
    "elapsed_time": 2.0890261820168234,
    "num_requests": 256,
    "total_num_tokens": 69632,
    "requests_per_second": 122.54513715708823,
    "tokens_per_second": 33332.277306728
}