{
    "elapsed_time": 1.1915332489879802,
    "num_requests": 128,
    "total_num_tokens": 34816,
    "requests_per_second": 107.42461455332098,
    "tokens_per_second": 29219.495158503305
}