{
    "elapsed_time": 2.335742913011927,
    "num_requests": 256,
    "total_num_tokens": 69632,
    "requests_per_second": 109.60110317530172,
    "tokens_per_second": 29811.500063682066
}