{
    "elapsed_time": 3.9006019619992003,
    "num_requests": 512,
    "total_num_tokens": 139264,
    "requests_per_second": 131.26179112558856,
    "tokens_per_second": 35703.20718616009
}