{
    "elapsed_time": 2.839204935997259,
    "num_requests": 512,
    "total_num_tokens": 139264,
    "requests_per_second": 180.33217451425787,
    "tokens_per_second": 49050.351467878136
}