{
    "elapsed_time": 2.8309695060015656,
    "num_requests": 512,
    "total_num_tokens": 139264,
    "requests_per_second": 180.85676970895526,
    "tokens_per_second": 49193.04136083583
}