{
    "elapsed_time": 0.619448609999381,
    "num_requests": 16,
    "total_num_tokens": 4352,
    "requests_per_second": 25.82942271840111,
    "tokens_per_second": 7025.602979405102
}