{
    "elapsed_time": 1.5574097000062466,
    "num_requests": 256,
    "total_num_tokens": 69632,
    "requests_per_second": 164.37550119212256,
    "tokens_per_second": 44710.136324257335
}