{
    "elapsed_time": 1.209870257996954,
    "num_requests": 128,
    "total_num_tokens": 34816,
    "requests_per_second": 105.79646797162796,
    "tokens_per_second": 28776.639288282804
}