{
    "elapsed_time": 1.6368259440059774,
    "num_requests": 128,
    "total_num_tokens": 34816,
    "requests_per_second": 78.20012901721978,
    "tokens_per_second": 21270.435092683783
}