{
    "elapsed_time": 0.8711913279839791,
    "num_requests": 64,
    "total_num_tokens": 17408,
    "requests_per_second": 73.46262289835022,
    "tokens_per_second": 19981.83342835126
}