{
    "elapsed_time": 0.8390064929844812,
    "num_requests": 64,
    "total_num_tokens": 17408,
    "requests_per_second": 76.28069691372912,
    "tokens_per_second": 20748.34956053432
}