{
    "elapsed_time": 1.3733622330473736,
    "num_requests": 64,
    "total_num_tokens": 17408,
    "requests_per_second": 46.60096110112877,
    "tokens_per_second": 12675.461419507024
}