{
    "elapsed_time": 1.5456142720067874,
    "num_requests": 256,
    "total_num_tokens": 69632,
    "requests_per_second": 165.62994055924182,
    "tokens_per_second": 45051.34383211377
}