{
    "elapsed_time": 2.652535639004782,
    "num_requests": 128,
    "total_num_tokens": 34816,
    "requests_per_second": 48.255713558678124,
    "tokens_per_second": 13125.55408796045
}