{
    "elapsed_time": 3.7099280080292374,
    "num_requests": 256,
    "total_num_tokens": 69632,
    "requests_per_second": 69.00403443030437,
    "tokens_per_second": 18769.097365042788
}