{
    "elapsed_time": 2.4111730650183745,
    "num_requests": 256,
    "total_num_tokens": 69632,
    "requests_per_second": 106.1723870899533,
    "tokens_per_second": 28878.889288467297
}