{
    "elapsed_time": 1.7406147979781963,
    "num_requests": 128,
    "total_num_tokens": 34816,
    "requests_per_second": 73.537235319772,
    "tokens_per_second": 20002.128006977982
}