{
    "elapsed_time": 4.25144276797073,
    "num_requests": 512,
    "total_num_tokens": 139264,
    "requests_per_second": 120.4297053831409,
    "tokens_per_second": 32756.879864214323
}