{
    "elapsed_time": 6.389445226988755,
    "num_requests": 512,
    "total_num_tokens": 139264,
    "requests_per_second": 80.13215260651002,
    "tokens_per_second": 21795.945508970726
}