{
    "elapsed_time": 2.2503873580135405,
    "num_requests": 64,
    "total_num_tokens": 17408,
    "requests_per_second": 28.439548316914653,
    "tokens_per_second": 7735.557142200786
}