{
    "elapsed_time": 1.4232553300098516,
    "num_requests": 64,
    "total_num_tokens": 17408,
    "requests_per_second": 44.96733555149026,
    "tokens_per_second": 12231.11527000535
}