{
    "elapsed_time": 1.078319497872144,
    "num_requests": 128,
    "total_num_tokens": 8320,
    "requests_per_second": 118.7032231658459,
    "tokens_per_second": 7715.709505779983
}