{
    "elapsed_time": 1.0926710760686547,
    "num_requests": 128,
    "total_num_tokens": 32896,
    "requests_per_second": 117.14412763677613,
    "tokens_per_second": 30106.040802651467
}