{
    "elapsed_time": 1.071045319084078,
    "num_requests": 128,
    "total_num_tokens": 2176,
    "requests_per_second": 119.50941544608149,
    "tokens_per_second": 2031.6600625833853
}