{
    "elapsed_time": 0.6562234429875389,
    "num_requests": 128,
    "total_num_tokens": 2176,
    "requests_per_second": 195.0555125206501,
    "tokens_per_second": 3315.9437128510517
}