{
    "elapsed_time": 0.6858519400120713,
    "num_requests": 128,
    "total_num_tokens": 16512,
    "requests_per_second": 186.62920162877595,
    "tokens_per_second": 24075.167010112098
}