{
    "elapsed_time": 0.6962625389569439,
    "num_requests": 128,
    "total_num_tokens": 32896,
    "requests_per_second": 183.838699970494,
    "tokens_per_second": 47246.54589241696
}