{
  "meta": {
    "model": "Qwen2.5-14B-FP8E4M3",
    "dtype": "fp8e4m3",
    "outdtype": "bf16",
    "gpu": "NVIDIA GeForce RTX 5080",
    "gpu_short": "RTX5080",
    "cc": "cc120",
    "warmup": 5,
    "repeat": 10,
    "verify": false,
    "m_list": [
      16,
      256
    ],
    "nk_list": [
      [
        3840,
        2560
      ],
      [
        2560,
        2560
      ],
      [
        13824,
        2560
      ],
      [
        2560,
        6912
      ]
    ],
    "layout_names": [
      "TN_CC_Col",
      "NT_RR_Col",
      "NN_RC_Col",
      "TT_CR_Col",
      "TN_CC_Row",
      "NT_RR_Row",
      "NN_RC_Row",
      "TT_CR_Row",
      "TN_RR_Col",
      "NT_CC_Col",
      "NN_CR_Col",
      "TT_RC_Col",
      "TN_RR_Row",
      "NT_CC_Row",
      "NN_CR_Row",
      "TT_RC_Row"
    ],
    "is_sparse": false
  },
  "results": {
    "(3840,2560)": {
      "16": {
        "TN_CC_Col": {
          "tops": 37.46341323852539,
          "lat_us": 8.39680004119873,
          "best_alg_id": 35,
          "workspace": 0,
          "waves_count": 0.2380952388048172
        },
        "NT_RR_Col": {
          "tops": 36.53065490722656,
          "lat_us": 8.611200332641602,
          "best_alg_id": 35,
          "workspace": 0,
          "waves_count": 0.2380952388048172
        },
        "NN_RC_Col": {
          "tops": 36.65324783325195,
          "lat_us": 8.582399368286133,
          "best_alg_id": 35,
          "workspace": 0,
          "waves_count": 0.2380952388048172
        },
        "TT_CR_Col": {
          "tops": 37.37794494628906,
          "lat_us": 8.416000366210938,
          "best_alg_id": 35,
          "workspace": 0,
          "waves_count": 0.2380952388048172
        },
        "TN_CC_Row": {
          "tops": 29.591812133789062,
          "lat_us": 10.630399703979492,
          "best_alg_id": 35,
          "workspace": 0,
          "waves_count": 0.2380952388048172
        },
        "NT_RR_Row": {
          "tops": 27.943147659301758,
          "lat_us": 11.257600784301758,
          "best_alg_id": 35,
          "workspace": 0,
          "waves_count": 0.3571428656578064
        },
        "NN_RC_Row": {
          "tops": 27.974958419799805,
          "lat_us": 11.244799613952637,
          "best_alg_id": 35,
          "workspace": 0,
          "waves_count": 0.3571428656578064
        },
        "TT_CR_Row": {
          "tops": 29.600725173950195,
          "lat_us": 10.627199172973633,
          "best_alg_id": 35,
          "workspace": 0,
          "waves_count": 0.2380952388048172
        }
      },
      "256": {
        "TN_CC_Col": {
          "tops": 173.0894775390625,
          "lat_us": 29.078399658203125,
          "best_alg_id": 35,
          "workspace": 0,
          "waves_count": 1.4285714626312256
        },
        "NT_RR_Col": {
          "tops": 174.14349365234375,
          "lat_us": 28.90239906311035,
          "best_alg_id": 35,
          "workspace": 0,
          "waves_count": 0.9523809552192688
        },
        "NN_RC_Col": {
          "tops": 174.08567810058594,
          "lat_us": 28.911998748779297,
          "best_alg_id": 35,
          "workspace": 0,
          "waves_count": 0.9523809552192688
        },
        "TT_CR_Col": {
          "tops": 174.278564453125,
          "lat_us": 28.8799991607666,
          "best_alg_id": 35,
          "workspace": 0,
          "waves_count": 0.9523809552192688
        },
        "TN_CC_Row": {
          "tops": 174.12420654296875,
          "lat_us": 28.90559959411621,
          "best_alg_id": 35,
          "workspace": 0,
          "waves_count": 0.9523809552192688
        },
        "NT_RR_Row": {
          "tops": 174.12420654296875,
          "lat_us": 28.90559959411621,
          "best_alg_id": 35,
          "workspace": 0,
          "waves_count": 0.9523809552192688
        },
        "NN_RC_Row": {
          "tops": 174.04713439941406,
          "lat_us": 28.918399810791016,
          "best_alg_id": 35,
          "workspace": 0,
          "waves_count": 0.9523809552192688
        },
        "TT_CR_Row": {
          "tops": 173.73953247070312,
          "lat_us": 28.969600677490234,
          "best_alg_id": 35,
          "workspace": 0,
          "waves_count": 1.4285714626312256
        }
      }
    },
    "(2560,2560)": {
      "16": {
        "TN_CC_Col": {
          "tops": 24.880788803100586,
          "lat_us": 8.428800582885742,
          "best_alg_id": 35,
          "workspace": 0,
          "waves_count": 0.1587301641702652
        },
        "NT_RR_Col": {
          "tops": 24.890239715576172,
          "lat_us": 8.425600051879883,
          "best_alg_id": 35,
          "workspace": 0,
          "waves_count": 0.1587301641702652
        },
        "NN_RC_Col": {
          "tops": 24.880788803100586,
          "lat_us": 8.428800582885742,
          "best_alg_id": 35,
          "workspace": 0,
          "waves_count": 0.1587301641702652
        },
        "TT_CR_Col": {
          "tops": 24.918630599975586,
          "lat_us": 8.416000366210938,
          "best_alg_id": 35,
          "workspace": 0,
          "waves_count": 0.1587301641702652
        },
        "TN_CC_Row": {
          "tops": 24.890239715576172,
          "lat_us": 8.425600051879883,
          "best_alg_id": 35,
          "workspace": 0,
          "waves_count": 0.3174603283405304
        },
        "NT_RR_Row": {
          "tops": 24.918630599975586,
          "lat_us": 8.416000366210938,
          "best_alg_id": 35,
          "workspace": 0,
          "waves_count": 0.3174603283405304
        },
        "NN_RC_Row": {
          "tops": 24.928110122680664,
          "lat_us": 8.412799835205078,
          "best_alg_id": 35,
          "workspace": 0,
          "waves_count": 0.3174603283405304
        },
        "TT_CR_Row": {
          "tops": 24.890239715576172,
          "lat_us": 8.425600051879883,
          "best_alg_id": 35,
          "workspace": 0,
          "waves_count": 0.3174603283405304
        }
      },
      "256": {
        "TN_CC_Col": {
          "tops": 178.35958862304688,
          "lat_us": 18.81279945373535,
          "best_alg_id": 35,
          "workspace": 0,
          "waves_count": 0.4761904776096344
        },
        "NT_RR_Col": {
          "tops": 174.73355102539062,
          "lat_us": 19.20319938659668,
          "best_alg_id": 35,
          "workspace": 0,
          "waves_count": 0.4761904776096344
        },
        "NN_RC_Col": {
          "tops": 178.05673217773438,
          "lat_us": 18.844799041748047,
          "best_alg_id": 35,
          "workspace": 0,
          "waves_count": 0.4761904776096344
        },
        "TT_CR_Col": {
          "tops": 176.29051208496094,
          "lat_us": 19.033599853515625,
          "best_alg_id": 35,
          "workspace": 0,
          "waves_count": 0.4761904776096344
        },
        "TN_CC_Row": {
          "tops": 162.41883850097656,
          "lat_us": 20.659198760986328,
          "best_alg_id": 35,
          "workspace": 0,
          "waves_count": 0.4761904776096344
        },
        "NT_RR_Row": {
          "tops": 161.89222717285156,
          "lat_us": 20.72640037536621,
          "best_alg_id": 35,
          "workspace": 0,
          "waves_count": 0.6349206566810608
        },
        "NN_RC_Row": {
          "tops": 162.51954650878906,
          "lat_us": 20.646398544311523,
          "best_alg_id": 35,
          "workspace": 0,
          "waves_count": 0.4761904776096344
        },
        "TT_CR_Row": {
          "tops": 161.84226989746094,
          "lat_us": 20.732799530029297,
          "best_alg_id": 35,
          "workspace": 0,
          "waves_count": 0.6349206566810608
        }
      }
    },
    "(13824,2560)": {
      "16": {
        "TN_CC_Col": {
          "tops": 67.3827896118164,
          "lat_us": 16.806400299072266,
          "best_alg_id": 35,
          "workspace": 0,
          "waves_count": 0.8571428656578064
        },