{
    "elapsed_time": 0.6146130129927769,
    "num_requests": 128,
    "total_num_tokens": 4224,
    "requests_per_second": 208.26112902608568,
    "tokens_per_second": 6872.6172578608275
}