{
    "elapsed_time": 0.6092422270448878,
    "num_requests": 128,
    "total_num_tokens": 2176,
    "requests_per_second": 210.0970588018174,
    "tokens_per_second": 3571.649999630896
}