{
    "elapsed_time": 4.736664713999744,
    "num_requests": 256,
    "total_num_tokens": 69632,
    "requests_per_second": 54.046468445056554,
    "tokens_per_second": 14700.639417055383
}