{
    "elapsed_time": 3.2795379130002402,
    "num_requests": 128,
    "total_num_tokens": 34816,
    "requests_per_second": 39.02988878177077,
    "tokens_per_second": 10616.12974864165
}