{
    "elapsed_time": 2.879370974000267,
    "num_requests": 64,
    "total_num_tokens": 17408,
    "requests_per_second": 22.227076878213357,
    "tokens_per_second": 6045.7649108740325
}