{
    "elapsed_time": 9.584611399000096,
    "num_requests": 512,
    "total_num_tokens": 139264,
    "requests_per_second": 53.41896282340814,
    "tokens_per_second": 14529.957887967013
}