{
    "elapsed_time": 7.303057672997966,
    "num_requests": 512,
    "total_num_tokens": 139264,
    "requests_per_second": 70.10762107124641,
    "tokens_per_second": 19069.272931379026
}