{
    "elapsed_time": 6.276005253999756,
    "num_requests": 256,
    "total_num_tokens": 69632,
    "requests_per_second": 40.79027815294591,
    "tokens_per_second": 11094.955657601287
}