{
    "elapsed_time": 3.6323508550012775,
    "num_requests": 64,
    "total_num_tokens": 17408,
    "requests_per_second": 17.619443317784203,
    "tokens_per_second": 4792.488582437303
}