{
    "elapsed_time": 1.6346914790010487,
    "num_requests": 16,
    "total_num_tokens": 4352,
    "requests_per_second": 9.787779654774683,
    "tokens_per_second": 2662.2760660987137
}