{
    "elapsed_time": 2.065032529000746,
    "num_requests": 64,
    "total_num_tokens": 17408,
    "requests_per_second": 30.992247870772832,
    "tokens_per_second": 8429.89142085021
}