{
    "elapsed_time": 3.5836511319976125,
    "num_requests": 256,
    "total_num_tokens": 69632,
    "requests_per_second": 71.43552499132345,
    "tokens_per_second": 19430.462797639975
}