{
    "elapsed_time": 12.621935416002088,
    "num_requests": 512,
    "total_num_tokens": 139264,
    "requests_per_second": 40.56430199689395,
    "tokens_per_second": 11033.490143155155
}