{
    "elapsed_time": 2.630982580001728,
    "num_requests": 128,
    "total_num_tokens": 34816,
    "requests_per_second": 48.65102527585566,
    "tokens_per_second": 13233.07887503274
}