{
    "elapsed_time": 4.166093037001701,
    "num_requests": 128,
    "total_num_tokens": 34816,
    "requests_per_second": 30.724229839120543,
    "tokens_per_second": 8356.990516240789
}