{
    "elapsed_time": 39.09695355299482,
    "num_requests": 128,
    "total_num_tokens": 34816,
    "requests_per_second": 3.2739123734154787,
    "tokens_per_second": 890.5041655690102
}