{
    "elapsed_time": 17.36516482099978,
    "num_requests": 512,
    "total_num_tokens": 139264,
    "requests_per_second": 29.48431559836598,
    "tokens_per_second": 8019.733842755547
}