{
    "elapsed_time": 5.72781298100017,
    "num_requests": 128,
    "total_num_tokens": 34816,
    "requests_per_second": 22.34709834706389,
    "tokens_per_second": 6078.410750401378
}