{
    "elapsed_time": 4.5739352439995855,
    "num_requests": 64,
    "total_num_tokens": 17408,
    "requests_per_second": 13.992327522336431,
    "tokens_per_second": 3805.9130860755095
}