{
    "elapsed_time": 8.56415116199787,
    "num_requests": 256,
    "total_num_tokens": 69632,
    "requests_per_second": 29.892045943322604,
    "tokens_per_second": 8130.636496583748
}