{
    "elapsed_time": 4.96255468018353,
    "num_requests": 128,
    "total_num_tokens": 65664,
    "requests_per_second": 25.793166675045317,
    "tokens_per_second": 13231.894504298249
}