{
    "elapsed_time": 72.15121137769893,
    "num_requests": 1024,
    "total_num_tokens": 1049600,
    "requests_per_second": 14.192415906082848,
    "tokens_per_second": 14547.226303734918
}