{
    "elapsed_time": 36.16580661106855,
    "num_requests": 512,
    "total_num_tokens": 524800,
    "requests_per_second": 14.157018686355038,
    "tokens_per_second": 14510.944153513914
}