{
    "elapsed_time": 285.7934114946984,
    "num_requests": 4096,
    "total_num_tokens": 4198400,
    "requests_per_second": 14.332030884049905,
    "tokens_per_second": 14690.331656151151
}