{
    "elapsed_time": 143.93588618002832,
    "num_requests": 2048,
    "total_num_tokens": 2099200,
    "requests_per_second": 14.228557271940208,
    "tokens_per_second": 14584.271203738714
}