{
    "elapsed_time": 8.89090848620981,
    "num_requests": 128,
    "total_num_tokens": 131200,
    "requests_per_second": 14.396728995527694,
    "tokens_per_second": 14756.647220415885
}