{
    "elapsed_time": 16.904388387687504,
    "num_requests": 256,
    "total_num_tokens": 262400,
    "requests_per_second": 15.14399658413317,
    "tokens_per_second": 15522.5964987365
}