{
    "elapsed_time": 347.75438460195437,
    "num_requests": 4096,
    "total_num_tokens": 4198400,
    "requests_per_second": 11.778428055445948,
    "tokens_per_second": 12072.888756832097
}