{
    "elapsed_time": 20.914846098981798,
    "num_requests": 256,
    "total_num_tokens": 262400,
    "requests_per_second": 12.240109192697474,
    "tokens_per_second": 12546.11192251491
}