{
    "elapsed_time": 1.9794471450150013,
    "num_requests": 128,
    "total_num_tokens": 16512,
    "requests_per_second": 64.66452025372466,
    "tokens_per_second": 8341.72311273048
}