{
    "elapsed_time": 43.77763081016019,
    "num_requests": 512,
    "total_num_tokens": 524800,
    "requests_per_second": 11.695470735277246,
    "tokens_per_second": 11987.857503659177
}