{
    "elapsed_time": 4.945496979635209,
    "num_requests": 128,
    "total_num_tokens": 131200,
    "requests_per_second": 25.88213086108114,
    "tokens_per_second": 26529.184132608167
}