{
    "elapsed_time": 10.697126834187657,
    "num_requests": 128,
    "total_num_tokens": 131200,
    "requests_per_second": 11.965829889098474,
    "tokens_per_second": 12264.975636325937
}