{
    "elapsed_time": 38.87894373713061,
    "num_requests": 1024,
    "total_num_tokens": 1049600,
    "requests_per_second": 26.338164095287596,
    "tokens_per_second": 26996.618197669784
}