{
    "elapsed_time": 151.82871760986745,
    "num_requests": 4096,
    "total_num_tokens": 4198400,
    "requests_per_second": 26.977768530752567,
    "tokens_per_second": 27652.21274402138
}