{
    "elapsed_time": 696.9579273280688,
    "num_requests": 8192,
    "total_num_tokens": 8396800,
    "requests_per_second": 11.753937617734994,
    "tokens_per_second": 12047.78605817837
}