{
    "elapsed_time": 2.239960794337094,
    "num_requests": 128,
    "total_num_tokens": 32896,
    "requests_per_second": 57.1438573048244,
    "tokens_per_second": 14685.97132733987
}