{
    "elapsed_time": 1.746733671054244,
    "num_requests": 128,
    "total_num_tokens": 2176,
    "requests_per_second": 73.27963164684711,
    "tokens_per_second": 1245.7537379964008
}