{
    "elapsed_time": 6.13047453109175,
    "num_requests": 128,
    "total_num_tokens": 65664,
    "requests_per_second": 20.879297247028124,
    "tokens_per_second": 10711.079487725428
}