{
    "elapsed_time": 9.428585404995829,
    "num_requests": 256,
    "total_num_tokens": 262400,
    "requests_per_second": 27.15147490357948,
    "tokens_per_second": 27830.261776168965
}