{
    "elapsed_time": 2.7581124999560416,
    "num_requests": 128,
    "total_num_tokens": 65664,
    "requests_per_second": 46.408549325685605,
    "tokens_per_second": 23807.585804076716
}