{
    "elapsed_time": 307.6496201888658,
    "num_requests": 8192,
    "total_num_tokens": 8396800,
    "requests_per_second": 26.62769417680717,
    "tokens_per_second": 27293.386531227352
}