{
    "elapsed_time": 87.94662847975269,
    "num_requests": 1024,
    "total_num_tokens": 1049600,
    "requests_per_second": 11.643425310337486,
    "tokens_per_second": 11934.510943095922
}