{
    "elapsed_time": 173.18155005807057,
    "num_requests": 2048,
    "total_num_tokens": 2099200,
    "requests_per_second": 11.825740093637414,
    "tokens_per_second": 12121.38359597835
}