{
    "elapsed_time": 76.77578596398234,
    "num_requests": 2048,
    "total_num_tokens": 2099200,
    "requests_per_second": 26.675076969720294,
    "tokens_per_second": 27341.953893963302
}