{
    "elapsed_time": 19.174801253248006,
    "num_requests": 512,
    "total_num_tokens": 524800,
    "requests_per_second": 26.701710919338613,
    "tokens_per_second": 27369.25369232208
}