{
    "elapsed_time": 2691.5627564801835,
    "num_requests": 2048,
    "total_num_tokens": 2099200,
    "requests_per_second": 0.7608962470108686,
    "tokens_per_second": 779.9186531861403
}