{
    "elapsed_time": 13.57792828604579,
    "num_requests": 128,
    "total_num_tokens": 65664,
    "requests_per_second": 9.427064078070527,
    "tokens_per_second": 4836.083872050181
}