{
    "elapsed_time": 649.5407435898669,
    "num_requests": 2048,
    "total_num_tokens": 2099200,
    "requests_per_second": 3.1529969754955793,
    "tokens_per_second": 3231.821899882969
}