{
    "elapsed_time": 1303.8331889607944,
    "num_requests": 4096,
    "total_num_tokens": 4198400,
    "requests_per_second": 3.141506164039796,
    "tokens_per_second": 3220.0438181407912
}