{
    "elapsed_time": 163.15261528966948,
    "num_requests": 512,
    "total_num_tokens": 524800,
    "requests_per_second": 3.1381660605989614,
    "tokens_per_second": 3216.620212113936
}