{
    "elapsed_time": 82.50371430907398,
    "num_requests": 256,
    "total_num_tokens": 262400,
    "requests_per_second": 3.102890604912371,
    "tokens_per_second": 3180.46287003518
}