{
    "elapsed_time": 711.3990882681683,
    "num_requests": 4096,
    "total_num_tokens": 4198400,
    "requests_per_second": 5.7576683292795785,
    "tokens_per_second": 5901.610037511568
}