{
    "elapsed_time": 43.497029438149184,
    "num_requests": 256,
    "total_num_tokens": 262400,
    "requests_per_second": 5.885459382094597,
    "tokens_per_second": 6032.595866646962
}