{
    "elapsed_time": 2617.8530700979754,
    "num_requests": 8192,
    "total_num_tokens": 8396800,
    "requests_per_second": 3.1292818124790354,
    "tokens_per_second": 3207.5138577910116
}