{
    "elapsed_time": 88.5577071630396,
    "num_requests": 512,
    "total_num_tokens": 524800,
    "requests_per_second": 5.7815408325486555,
    "tokens_per_second": 5926.079353362372
}