{
    "elapsed_time": 326.7663571550511,
    "num_requests": 1024,
    "total_num_tokens": 1049600,
    "requests_per_second": 3.133737539308891,
    "tokens_per_second": 3212.0809777916133
}