{
    "elapsed_time": 22.899292218964547,
    "num_requests": 128,
    "total_num_tokens": 131200,
    "requests_per_second": 5.58969241389889,
    "tokens_per_second": 5729.434724246362
}