{
    "elapsed_time": 39.222693430725485,
    "num_requests": 128,
    "total_num_tokens": 131200,
    "requests_per_second": 3.2634168845663702,
    "tokens_per_second": 3345.0023066805297
}