{
    "elapsed_time": 182.57653691479936,
    "num_requests": 1024,
    "total_num_tokens": 1049600,
    "requests_per_second": 5.608606764613225,
    "tokens_per_second": 5748.821933728556
}