{
    "elapsed_time": 22.8521054177545,
    "num_requests": 128,
    "total_num_tokens": 65664,
    "requests_per_second": 5.601234444706915,
    "tokens_per_second": 2873.433270134647
}