{
  "completed": true,
  "results": {
    "0": {
      "success": true,
      "duration": 102.60584950447083,
      "skipped": false
    },
    "1": {
      "success": true,
      "duration": 449.1086378097534,
      "skipped": false
    },
    "2": {
      "success": true,
      "duration": 1134.9731812477112,
      "skipped": false
    },
    "3": {
      "success": true,
      "duration": 3895.1047036647797,
      "skipped": false
    },
    "4": {
      "success": true,
      "duration": 1740.8245933055878,
      "skipped": false
    },
    "5": {
      "success": true,
      "duration": 35.33702254295349,
      "skipped": false
    },
    "6": {
      "success": true,
      "duration": 440.50270414352417,
      "skipped": false
    },
    "7": {
      "success": true,
      "duration": 548.0508985519409,
      "skipped": false
    }
  },
  "summary": {
    "success": 8,
    "failed": 0,
    "skipped": 0,
    "total_duration": 8346.507590770721
  },
  "timestamp": "2026-01-28T10:15:37.090886"
}