{
    "elapsed_time": 25.67175264004618,
    "num_requests": 1024,
    "total_num_tokens": 1049600,
    "requests_per_second": 39.88819985755978,
    "tokens_per_second": 40885.40485399878
}