{
    "elapsed_time": 12.285987483104691,
    "num_requests": 512,
    "total_num_tokens": 524800,
    "requests_per_second": 41.67349191134099,
    "tokens_per_second": 42715.32920912452
}