{
    "elapsed_time": 104.60748488502577,
    "num_requests": 4096,
    "total_num_tokens": 4198400,
    "requests_per_second": 39.15589792166325,
    "tokens_per_second": 40134.79536970483
}