{
    "elapsed_time": 52.27308594994247,
    "num_requests": 2048,
    "total_num_tokens": 2099200,
    "requests_per_second": 39.178861603104835,
    "tokens_per_second": 40158.333143182455
}