{
    "elapsed_time": 6.095708314096555,
    "num_requests": 256,
    "total_num_tokens": 262400,
    "requests_per_second": 41.99676014811771,
    "tokens_per_second": 43046.67915182065
}