{
    "elapsed_time": 3.349519485142082,
    "num_requests": 128,
    "total_num_tokens": 131200,
    "requests_per_second": 38.21443659837985,
    "tokens_per_second": 39169.79751333934
}