{
    "elapsed_time": 2.2805878869257867,
    "num_requests": 128,
    "total_num_tokens": 65664,
    "requests_per_second": 56.12587909187877,
    "tokens_per_second": 28792.575974133808
}