{
    "elapsed_time": 7.500101984012872,
    "num_requests": 256,
    "total_num_tokens": 262400,
    "requests_per_second": 34.132869199070434,
    "tokens_per_second": 34986.190929047196
}