{
    "elapsed_time": 1.8661208709236234,
    "num_requests": 128,
    "total_num_tokens": 131200,
    "requests_per_second": 68.59148407500919,
    "tokens_per_second": 70306.27117688442
}