{
    "elapsed_time": 255.60636793402955,
    "num_requests": 8192,
    "total_num_tokens": 8396800,
    "requests_per_second": 32.049279782083936,
    "tokens_per_second": 32850.51177663603
}