{
    "elapsed_time": 25.781320033827797,
    "num_requests": 2048,
    "total_num_tokens": 2099200,
    "requests_per_second": 79.43735996887705,
    "tokens_per_second": 81423.29396809897
}