{
    "elapsed_time": 63.80919417296536,
    "num_requests": 2048,
    "total_num_tokens": 2099200,
    "requests_per_second": 32.09568819265383,
    "tokens_per_second": 32898.08039747018
}