{
    "elapsed_time": 51.804589776089415,
    "num_requests": 4096,
    "total_num_tokens": 4198400,
    "requests_per_second": 79.06635334250872,
    "tokens_per_second": 81043.01217607142
}