{
    "elapsed_time": 1.9490625378675759,
    "num_requests": 128,
    "total_num_tokens": 2176,
    "requests_per_second": 65.67259773000502,
    "tokens_per_second": 1116.4341614100854
}