{
    "elapsed_time": 2.372409470845014,
    "num_requests": 128,
    "total_num_tokens": 65664,
    "requests_per_second": 53.95358666917161,
    "tokens_per_second": 27678.189961285032
}