{
    "elapsed_time": 1.9814307019114494,
    "num_requests": 128,
    "total_num_tokens": 32896,
    "requests_per_second": 64.59978634454426,
    "tokens_per_second": 16602.145090547874
}