{
    "elapsed_time": 15.341510169906542,
    "num_requests": 512,
    "total_num_tokens": 524800,
    "requests_per_second": 33.373507192552935,
    "tokens_per_second": 34207.84487236676
}