{
    "elapsed_time": 1.906213023001328,
    "num_requests": 128,
    "total_num_tokens": 16512,
    "requests_per_second": 67.14884352141519,
    "tokens_per_second": 8662.20081426256
}