{
    "elapsed_time": 4.083976700901985,
    "num_requests": 128,
    "total_num_tokens": 131200,
    "requests_per_second": 31.34200054856581,
    "tokens_per_second": 32125.550562279954
}