{
    "elapsed_time": 12.7010774158407,
    "num_requests": 1024,
    "total_num_tokens": 1049600,
    "requests_per_second": 80.62308152872716,
    "tokens_per_second": 82638.65856694533
}