{
    "elapsed_time": 6.298805810045451,
    "num_requests": 512,
    "total_num_tokens": 524800,
    "requests_per_second": 81.28524921080326,
    "tokens_per_second": 83317.38044107334
}