{
    "elapsed_time": 127.74284472991712,
    "num_requests": 4096,
    "total_num_tokens": 4198400,
    "requests_per_second": 32.06441823540137,
    "tokens_per_second": 32866.0286912864
}