{
    "elapsed_time": 31.656383872963488,
    "num_requests": 1024,
    "total_num_tokens": 1049600,
    "requests_per_second": 32.34734592900105,
    "tokens_per_second": 33156.02957722608
}