{
    "elapsed_time": 103.37899003387429,
    "num_requests": 8192,
    "total_num_tokens": 8396800,
    "requests_per_second": 79.2424069660162,
    "tokens_per_second": 81223.46714016661
}