{
    "elapsed_time": 1.91956574190408,
    "num_requests": 128,
    "total_num_tokens": 16512,
    "requests_per_second": 66.68174848392148,
    "tokens_per_second": 8601.94555442587
}