{
    "elapsed_time": 1.7562695529777557,
    "num_requests": 128,
    "total_num_tokens": 32896,
    "requests_per_second": 72.88175085821875,
    "tokens_per_second": 18730.60997056222
}