{
    "elapsed_time": 1.7652038778178394,
    "num_requests": 128,
    "total_num_tokens": 65664,
    "requests_per_second": 72.51287038766012,
    "tokens_per_second": 37199.10250886963
}