{
    "elapsed_time": 3.24240531004034,
    "num_requests": 256,
    "total_num_tokens": 262400,
    "requests_per_second": 78.9537320356828,
    "tokens_per_second": 80927.57533657487
}