{
    "elapsed_time": 1.8325346480123699,
    "num_requests": 128,
    "total_num_tokens": 2176,
    "requests_per_second": 69.84861112385144,
    "tokens_per_second": 1187.4263891054745
}