{
    "elapsed_time": 1.8282107119448483,
    "num_requests": 128,
    "total_num_tokens": 2176,
    "requests_per_second": 70.01381140789496,
    "tokens_per_second": 1190.2347939342144
}