{
    "elapsed_time": 31.485465899808332,
    "num_requests": 512,
    "total_num_tokens": 524800,
    "requests_per_second": 16.2614712969236,
    "tokens_per_second": 16668.00807934669
}