{
    "elapsed_time": 1.718531341990456,
    "num_requests": 128,
    "total_num_tokens": 32896,
    "requests_per_second": 74.48220283940033,
    "tokens_per_second": 19141.926129725885
}