{
    "elapsed_time": 4.2862802990712225,
    "num_requests": 128,
    "total_num_tokens": 65664,
    "requests_per_second": 29.862722703350926,
    "tokens_per_second": 15319.576746819026
}