{
    "elapsed_time": 8.156721042934805,
    "num_requests": 128,
    "total_num_tokens": 131200,
    "requests_per_second": 15.692580306012934,
    "tokens_per_second": 16084.894813663257
}