{
    "elapsed_time": 1.437524104025215,
    "num_requests": 128,
    "total_num_tokens": 2176,
    "requests_per_second": 89.0419852032998,
    "tokens_per_second": 1513.7137484560967
}