{
    "elapsed_time": 128.28113121795468,
    "num_requests": 2048,
    "total_num_tokens": 2099200,
    "requests_per_second": 15.964935610993074,
    "tokens_per_second": 16364.0590012679
}