{
    "elapsed_time": 63.78763044299558,
    "num_requests": 1024,
    "total_num_tokens": 1049600,
    "requests_per_second": 16.053269150907045,
    "tokens_per_second": 16454.60087967972
}