{
    "elapsed_time": 1.830084189074114,
    "num_requests": 128,
    "total_num_tokens": 16512,
    "requests_per_second": 69.94213750612121,
    "tokens_per_second": 9022.535738289636
}