{
    "elapsed_time": 15.713809686945751,
    "num_requests": 256,
    "total_num_tokens": 262400,
    "requests_per_second": 16.291402600648272,
    "tokens_per_second": 16698.687665664478
}