{
    "elapsed_time": 27.42187820514664,
    "num_requests": 512,
    "total_num_tokens": 139264,
    "requests_per_second": 18.671222888879505,
    "tokens_per_second": 5078.572625775226
}