{
    "elapsed_time": 8.980214743874967,
    "num_requests": 128,
    "total_num_tokens": 34816,
    "requests_per_second": 14.253556696659565,
    "tokens_per_second": 3876.9674214914016
}