{
    "elapsed_time": 13.8858686350286,
    "num_requests": 256,
    "total_num_tokens": 69632,
    "requests_per_second": 18.436009062782894,
    "tokens_per_second": 5014.594465076947
}