{
    "elapsed_time": 6.917520244140178,
    "num_requests": 64,
    "total_num_tokens": 17408,
    "requests_per_second": 9.251870286063031,
    "tokens_per_second": 2516.5087178091444
}