{
    "elapsed_time": 4.185229220893234,
    "num_requests": 64,
    "total_num_tokens": 17408,
    "requests_per_second": 15.291874500087902,
    "tokens_per_second": 4159.3898640239095
}