{
    "elapsed_time": 33.37695446703583,
    "num_requests": 512,
    "total_num_tokens": 139264,
    "requests_per_second": 15.339925651565002,
    "tokens_per_second": 4172.45977722568
}