{
    "elapsed_time": 5.432911924086511,
    "num_requests": 128,
    "total_num_tokens": 34816,
    "requests_per_second": 23.560109530308996,
    "tokens_per_second": 6408.349792244047
}