{
    "elapsed_time": 16.891419767867774,
    "num_requests": 256,
    "total_num_tokens": 69632,
    "requests_per_second": 15.155623595772804,
    "tokens_per_second": 4122.329618050203
}