{
    "elapsed_time": 8.045642476063222,
    "num_requests": 64,
    "total_num_tokens": 17408,
    "requests_per_second": 7.954616451129651,
    "tokens_per_second": 2163.655674707265
}