{
    "elapsed_time": 16.962177305016667,
    "num_requests": 512,
    "total_num_tokens": 139264,
    "requests_per_second": 30.18480415533523,
    "tokens_per_second": 8210.266730251182
}