{
    "elapsed_time": 10.566211161203682,
    "num_requests": 128,
    "total_num_tokens": 34816,
    "requests_per_second": 12.114086880071255,
    "tokens_per_second": 3295.0316313793815
}