{
    "elapsed_time": 8.77138439565897,
    "num_requests": 256,
    "total_num_tokens": 69632,
    "requests_per_second": 29.185814741706736,
    "tokens_per_second": 7938.541609744232
}