{
    "elapsed_time": 29.9239685498178,
    "num_requests": 128,
    "total_num_tokens": 34816,
    "requests_per_second": 4.277507503288008,
    "tokens_per_second": 1163.482040894338
}