{
    "elapsed_time": 43.86344974581152,
    "num_requests": 256,
    "total_num_tokens": 69632,
    "requests_per_second": 5.836294260563607,
    "tokens_per_second": 1587.4720388733012
}