{
    "elapsed_time": 24.930101725272834,
    "num_requests": 64,
    "total_num_tokens": 17408,
    "requests_per_second": 2.5671776515504607,
    "tokens_per_second": 698.2723212217253
}