{
    "elapsed_time": 15.920929837971926,
    "num_requests": 128,
    "total_num_tokens": 34816,
    "requests_per_second": 8.039731429172932,
    "tokens_per_second": 2186.806948735037
}