{
    "elapsed_time": 13.117339681833982,
    "num_requests": 64,
    "total_num_tokens": 17408,
    "requests_per_second": 4.879038094030049,
    "tokens_per_second": 1327.0983615761734
}