{
    "elapsed_time": 89.6526712840423,
    "num_requests": 512,
    "total_num_tokens": 139264,
    "requests_per_second": 5.710928549779122,
    "tokens_per_second": 1553.3725655399212
}