{
    "elapsed_time": 47.21920314012095,
    "num_requests": 512,
    "total_num_tokens": 139264,
    "requests_per_second": 10.843046175105115,
    "tokens_per_second": 2949.3085596285914
}