{
    "elapsed_time": 23.40032630832866,
    "num_requests": 256,
    "total_num_tokens": 69632,
    "requests_per_second": 10.940018383798535,
    "tokens_per_second": 2975.6850003932013
}