{
    "elapsed_time": 2.6821699659340084,
    "num_requests": 128,
    "total_num_tokens": 34816,
    "requests_per_second": 47.722553613572636,
    "tokens_per_second": 12980.534582891756
}