{
    "elapsed_time": 4.690206933999434,
    "num_requests": 256,
    "total_num_tokens": 69632,
    "requests_per_second": 54.58181346845258,
    "tokens_per_second": 14846.253263419103
}