{
    "elapsed_time": 2.1519121071323752,
    "num_requests": 64,
    "total_num_tokens": 17408,
    "requests_per_second": 29.740991645465485,
    "tokens_per_second": 8089.549727566612
}