{
    "elapsed_time": 10.455752866109833,
    "num_requests": 512,
    "total_num_tokens": 139264,
    "requests_per_second": 48.9682576239481,
    "tokens_per_second": 13319.366073713882
}