{
    "elapsed_time": 1.2080598007887602,
    "num_requests": 64,
    "total_num_tokens": 17408,
    "requests_per_second": 52.97750985357964,
    "tokens_per_second": 14409.882680173661
}