{
    "elapsed_time": 3.1338234178256243,
    "num_requests": 256,
    "total_num_tokens": 69632,
    "requests_per_second": 81.68935063278815,
    "tokens_per_second": 22219.50337211838
}