{
    "elapsed_time": 6.405032319948077,
    "num_requests": 512,
    "total_num_tokens": 139264,
    "requests_per_second": 79.93714542320227,
    "tokens_per_second": 21742.903555111014
}