{
    "elapsed_time": 2.3003780231811106,
    "num_requests": 64,
    "total_num_tokens": 17408,
    "requests_per_second": 27.821514270726986,
    "tokens_per_second": 7567.4518816377395
}