{
    "elapsed_time": 3.073167270049453,
    "num_requests": 128,
    "total_num_tokens": 34816,
    "requests_per_second": 41.65084056682025,
    "tokens_per_second": 11329.028634175109
}