{
    "elapsed_time": 5.714693676913157,
    "num_requests": 256,
    "total_num_tokens": 69632,
    "requests_per_second": 44.79680180133132,
    "tokens_per_second": 12184.730089962119
}