{
    "elapsed_time": 13.504994763061404,
    "num_requests": 512,
    "total_num_tokens": 139264,
    "requests_per_second": 37.91189918861815,
    "tokens_per_second": 10312.036579304136
}