{
    "elapsed_time": 1.71296990592964,
    "num_requests": 128,
    "total_num_tokens": 34816,
    "requests_per_second": 74.72402145356638,
    "tokens_per_second": 20324.933835370055
}