{
    "elapsed_time": 4.161173645872623,
    "num_requests": 128,
    "total_num_tokens": 34816,
    "requests_per_second": 30.760552404959213,
    "tokens_per_second": 8366.870254148906
}