{
    "elapsed_time": 9.258812014013529,
    "num_requests": 256,
    "total_num_tokens": 69632,
    "requests_per_second": 27.64933553165733,
    "tokens_per_second": 7520.619264610793
}