{
    "elapsed_time": 2.6496878480538726,
    "num_requests": 256,
    "total_num_tokens": 69632,
    "requests_per_second": 96.61515419185146,
    "tokens_per_second": 26279.3219401836
}