{
    "elapsed_time": 3.4668898491654545,
    "num_requests": 64,
    "total_num_tokens": 17408,
    "requests_per_second": 18.46034999220007,
    "tokens_per_second": 5021.215197878419
}