{
    "elapsed_time": 2.3173819659277797,
    "num_requests": 256,
    "total_num_tokens": 69632,
    "requests_per_second": 110.46948831221644,
    "tokens_per_second": 30047.70082092287
}