{
    "elapsed_time": 1.1935282358899713,
    "num_requests": 16,
    "total_num_tokens": 4352,
    "requests_per_second": 13.40563173863195,
    "tokens_per_second": 3646.3318329078907
}