{
    "elapsed_time": 1.0008958522230387,
    "num_requests": 16,
    "total_num_tokens": 4352,
    "requests_per_second": 15.98567919375749,
    "tokens_per_second": 4348.104740702037
}