{
    "elapsed_time": 1.546957354992628,
    "num_requests": 128,
    "total_num_tokens": 34816,
    "requests_per_second": 82.7430695402783,
    "tokens_per_second": 22506.114914955695
}