{
    "elapsed_time": 21.975493380101398,
    "num_requests": 512,
    "total_num_tokens": 139264,
    "requests_per_second": 23.298680541280188,
    "tokens_per_second": 6337.241107228211
}