{
    "elapsed_time": 1.6578671489842236,
    "num_requests": 128,
    "total_num_tokens": 34816,
    "requests_per_second": 77.2076339641724,
    "tokens_per_second": 21000.476438254893
}