{
    "elapsed_time": 4.627954690018669,
    "num_requests": 256,
    "total_num_tokens": 262400,
    "requests_per_second": 55.31601261181909,
    "tokens_per_second": 56698.91292711457
}