{
    "elapsed_time": 6.61853534495458,
    "num_requests": 512,
    "total_num_tokens": 524800,
    "requests_per_second": 77.35850506416139,
    "tokens_per_second": 79292.46769076542
}