{
    "elapsed_time": 11.826549530029297,
    "num_requests": 1024,
    "total_num_tokens": 1049600,
    "requests_per_second": 86.58484855620127,
    "tokens_per_second": 88749.4697701063
}