{
    "elapsed_time": 44.60967771499418,
    "num_requests": 4096,
    "total_num_tokens": 4198400,
    "requests_per_second": 91.81864137573123,
    "tokens_per_second": 94114.10741012452
}