{
    "elapsed_time": 4.292421989142895,
    "num_requests": 128,
    "total_num_tokens": 131200,
    "requests_per_second": 29.819994474857975,
    "tokens_per_second": 30565.494336729425
}