{
    "elapsed_time": 4.393648572033271,
    "num_requests": 128,
    "total_num_tokens": 65664,
    "requests_per_second": 29.132962707749016,
    "tokens_per_second": 14945.209869075245
}