{
    "elapsed_time": 22.775858679786325,
    "num_requests": 2048,
    "total_num_tokens": 2099200,
    "requests_per_second": 89.91977113985209,
    "tokens_per_second": 92167.76541834838
}