{
    "elapsed_time": 12.498988601961173,
    "num_requests": 2048,
    "total_num_tokens": 2099200,
    "requests_per_second": 163.85325766907695,
    "tokens_per_second": 167949.58911080388
}