{
    "elapsed_time": 8.034306547953747,
    "num_requests": 512,
    "total_num_tokens": 524800,
    "requests_per_second": 63.72671953006336,
    "tokens_per_second": 65319.88751831494
}