{
    "elapsed_time": 28.578233397915028,
    "num_requests": 2048,
    "total_num_tokens": 2099200,
    "requests_per_second": 71.66293211635032,
    "tokens_per_second": 73454.50541925908
}