{
    "elapsed_time": 3.591919144964777,
    "num_requests": 128,
    "total_num_tokens": 32896,
    "requests_per_second": 35.63554602264166,
    "tokens_per_second": 9158.335327818908
}