{
    "elapsed_time": 110.38004657602869,
    "num_requests": 8192,
    "total_num_tokens": 8396800,
    "requests_per_second": 74.21631222412496,
    "tokens_per_second": 76071.72002972808
}