{
    "elapsed_time": 56.048006692901254,
    "num_requests": 4096,
    "total_num_tokens": 4198400,
    "requests_per_second": 73.08020823011317,
    "tokens_per_second": 74907.213435866
}