{
    "elapsed_time": 4.321394353057258,
    "num_requests": 128,
    "total_num_tokens": 65664,
    "requests_per_second": 29.620069251361848,
    "tokens_per_second": 15195.095525948627
}