{
    "elapsed_time": 3.5129004860064015,
    "num_requests": 128,
    "total_num_tokens": 32896,
    "requests_per_second": 36.43712667349574,
    "tokens_per_second": 9364.341555088406
}