{
    "elapsed_time": 3.609952492057346,
    "num_requests": 128,
    "total_num_tokens": 65664,
    "requests_per_second": 35.457530336376145,
    "tokens_per_second": 18189.71306256096
}