{
    "elapsed_time": 14.603156946017407,
    "num_requests": 1024,
    "total_num_tokens": 1049600,
    "requests_per_second": 70.12182391693507,
    "tokens_per_second": 71874.86951485845
}