{
    "elapsed_time": 3.685077343019657,
    "num_requests": 128,
    "total_num_tokens": 131200,
    "requests_per_second": 34.734684807215785,
    "tokens_per_second": 35603.05192739618
}