{
    "elapsed_time": 3.3954447919968516,
    "num_requests": 128,
    "total_num_tokens": 16512,
    "requests_per_second": 37.69756477905316,
    "tokens_per_second": 4862.985856497858
}