{
    "elapsed_time": 14.7461714920355,
    "num_requests": 1024,
    "total_num_tokens": 1049600,
    "requests_per_second": 69.4417531054124,
    "tokens_per_second": 71177.7969330477
}