{
    "elapsed_time": 4.586452421033755,
    "num_requests": 256,
    "total_num_tokens": 262400,
    "requests_per_second": 55.81656070952969,
    "tokens_per_second": 57211.97472726793
}