{
    "elapsed_time": 3.836569685023278,
    "num_requests": 256,
    "total_num_tokens": 262400,
    "requests_per_second": 66.72627399401628,
    "tokens_per_second": 68394.43084386669
}