{
    "elapsed_time": 4.231291042990051,
    "num_requests": 128,
    "total_num_tokens": 131200,
    "requests_per_second": 30.250814396720987,
    "tokens_per_second": 31007.08475663901
}