{
    "elapsed_time": 4.621221786015667,
    "num_requests": 128,
    "total_num_tokens": 65664,
    "requests_per_second": 27.69830272750429,
    "tokens_per_second": 14209.229299209701
}