{
    "elapsed_time": 3.628432224970311,
    "num_requests": 128,
    "total_num_tokens": 16512,
    "requests_per_second": 35.27694388753461,
    "tokens_per_second": 4550.7257614919645
}