{
    "elapsed_time": 28.267285455018282,
    "num_requests": 2048,
    "total_num_tokens": 2099200,
    "requests_per_second": 72.45124415144078,
    "tokens_per_second": 74262.52525522679
}