{
    "elapsed_time": 4.0853244389873,
    "num_requests": 128,
    "total_num_tokens": 131200,
    "requests_per_second": 31.33166090273349,
    "tokens_per_second": 32114.952425301824
}