{
    "elapsed_time": 6.586862090043724,
    "num_requests": 1024,
    "total_num_tokens": 1049600,
    "requests_per_second": 155.460974588767,
    "tokens_per_second": 159347.49895348618
}