{
    "elapsed_time": 3.270212698960677,
    "num_requests": 128,
    "total_num_tokens": 2176,
    "requests_per_second": 39.141184926803184,
    "tokens_per_second": 665.4001437556541
}