{
    "elapsed_time": 47.15651678992435,
    "num_requests": 8192,
    "total_num_tokens": 8396800,
    "requests_per_second": 173.71936176911046,
    "tokens_per_second": 178062.3458133382
}