{
    "elapsed_time": 8.1865676069865,
    "num_requests": 512,
    "total_num_tokens": 524800,
    "requests_per_second": 62.541473371948214,
    "tokens_per_second": 64105.010206246916
}