{
    "elapsed_time": 4.25822166306898,
    "num_requests": 256,
    "total_num_tokens": 262400,
    "requests_per_second": 60.118993386430716,
    "tokens_per_second": 61621.96822109148
}