{
    "elapsed_time": 55.4105891759973,
    "num_requests": 4096,
    "total_num_tokens": 4198400,
    "requests_per_second": 73.92088878517647,
    "tokens_per_second": 75768.9110048059
}