{
    "elapsed_time": 24.009002830949612,
    "num_requests": 4096,
    "total_num_tokens": 4198400,
    "requests_per_second": 170.6026705415651,
    "tokens_per_second": 174867.7373051042
}