{
    "elapsed_time": 4.015619154088199,
    "num_requests": 512,
    "total_num_tokens": 524800,
    "requests_per_second": 127.5021311417807,
    "tokens_per_second": 130689.68442032521
}