{
    "elapsed_time": 112.08375049801543,
    "num_requests": 8192,
    "total_num_tokens": 8396800,
    "requests_per_second": 73.08820380832142,
    "tokens_per_second": 74915.40890352946
}