{
    "elapsed_time": 3.7836042640265077,
    "num_requests": 128,
    "total_num_tokens": 2176,
    "requests_per_second": 33.83017648462594,
    "tokens_per_second": 575.113000238641
}