{
    "elapsed_time": 55.70965398196131,
    "num_requests": 2048,
    "total_num_tokens": 2099200,
    "requests_per_second": 36.76203052101417,
    "tokens_per_second": 37681.08128403952
}