{
    "elapsed_time": 111.49403635901399,
    "num_requests": 4096,
    "total_num_tokens": 4198400,
    "requests_per_second": 36.73739092924004,
    "tokens_per_second": 37655.82570247104
}