{
    "elapsed_time": 14.388894094969146,
    "num_requests": 256,
    "total_num_tokens": 262400,
    "requests_per_second": 17.791499354318443,
    "tokens_per_second": 18236.286838176402
}