{
    "elapsed_time": 6.5306357650551945,
    "num_requests": 128,
    "total_num_tokens": 65664,
    "requests_per_second": 19.599929410382327,
    "tokens_per_second": 10054.763787526133
}