{
    "elapsed_time": 4.512451070942916,
    "num_requests": 128,
    "total_num_tokens": 65664,
    "requests_per_second": 28.36595854174066,
    "tokens_per_second": 14551.736731912959
}