{
    "elapsed_time": 27.288202663999982,
    "num_requests": 512,
    "total_num_tokens": 524800,
    "requests_per_second": 18.762686802947893,
    "tokens_per_second": 19231.75397302159
}