{
    "elapsed_time": 53.893917680950835,
    "num_requests": 1024,
    "total_num_tokens": 1049600,
    "requests_per_second": 19.000288790694828,
    "tokens_per_second": 19475.2960104622
}