{
    "elapsed_time": 7.1831339040072635,
    "num_requests": 256,
    "total_num_tokens": 262400,
    "requests_per_second": 35.63904048303833,
    "tokens_per_second": 36530.01649511429
}