{
    "elapsed_time": 105.50382613495458,
    "num_requests": 2048,
    "total_num_tokens": 2099200,
    "requests_per_second": 19.411618279893595,
    "tokens_per_second": 19896.908736890935
}