{
    "elapsed_time": 419.52899357501883,
    "num_requests": 8192,
    "total_num_tokens": 8396800,
    "requests_per_second": 19.52665995785374,
    "tokens_per_second": 20014.826456800085
}