{
    "elapsed_time": 210.1684275699081,
    "num_requests": 4096,
    "total_num_tokens": 4198400,
    "requests_per_second": 19.48913091923644,
    "tokens_per_second": 19976.35919221735
}