{
    "elapsed_time": 13.130749377072789,
    "num_requests": 512,
    "total_num_tokens": 524800,
    "requests_per_second": 38.99244325643653,
    "tokens_per_second": 39967.254337847444
}