{
    "elapsed_time": 28.344128729077056,
    "num_requests": 1024,
    "total_num_tokens": 1049600,
    "requests_per_second": 36.127411422229436,
    "tokens_per_second": 37030.596707785175
}