{
    "elapsed_time": 7.788783965050243,
    "num_requests": 128,
    "total_num_tokens": 131200,
    "requests_per_second": 16.433887571456644,
    "tokens_per_second": 16844.73476074306
}