{
    "elapsed_time": 4.503487125970423,
    "num_requests": 128,
    "total_num_tokens": 131200,
    "requests_per_second": 28.422419431790477,
    "tokens_per_second": 29132.97991758524
}