{
    "elapsed_time": 4.76665975805372,
    "num_requests": 256,
    "total_num_tokens": 69632,
    "requests_per_second": 53.706371546125965,
    "tokens_per_second": 14608.133060546263
}