{
    "elapsed_time": 1.8416019082069397,
    "num_requests": 64,
    "total_num_tokens": 17408,
    "requests_per_second": 34.752353217483936,
    "tokens_per_second": 9452.64007515563
}