{
    "elapsed_time": 10.72809031396173,
    "num_requests": 512,
    "total_num_tokens": 139264,
    "requests_per_second": 47.72517615121808,
    "tokens_per_second": 12981.247913131318
}