{
    "elapsed_time": 2.53077328694053,
    "num_requests": 128,
    "total_num_tokens": 34816,
    "requests_per_second": 50.57742653619523,
    "tokens_per_second": 13757.060017845104
}