{
    "elapsed_time": 3.259688930818811,
    "num_requests": 256,
    "total_num_tokens": 69632,
    "requests_per_second": 78.5351011808647,
    "tokens_per_second": 21361.5475211952
}