{
    "elapsed_time": 3.045842100866139,
    "num_requests": 128,
    "total_num_tokens": 34816,
    "requests_per_second": 42.02450283407697,
    "tokens_per_second": 11430.664770868934
}