{
    "elapsed_time": 2.229677125811577,
    "num_requests": 64,
    "total_num_tokens": 17408,
    "requests_per_second": 28.703707482626992,
    "tokens_per_second": 7807.408435274541
}