{
    "elapsed_time": 13.93707818700932,
    "num_requests": 512,
    "total_num_tokens": 139264,
    "requests_per_second": 36.736537825929155,
    "tokens_per_second": 9992.33828865273
}