{
    "elapsed_time": 1.6714771559927613,
    "num_requests": 128,
    "total_num_tokens": 34816,
    "requests_per_second": 76.57897060757337,
    "tokens_per_second": 20829.480005259957
}