{
    "elapsed_time": 0.9065573650877923,
    "num_requests": 16,
    "total_num_tokens": 4352,
    "requests_per_second": 17.649186489649818,
    "tokens_per_second": 4800.5787251847505
}