{
    "elapsed_time": 1.2741530830971897,
    "num_requests": 16,
    "total_num_tokens": 4352,
    "requests_per_second": 12.55736081657274,
    "tokens_per_second": 3415.6021421077853
}