{
    "elapsed_time": 5.9303452940657735,
    "num_requests": 256,
    "total_num_tokens": 69632,
    "requests_per_second": 43.16780681491979,
    "tokens_per_second": 11741.643453658182
}