{
    "elapsed_time": 6.494680051924661,
    "num_requests": 512,
    "total_num_tokens": 139264,
    "requests_per_second": 78.83375253385604,
    "tokens_per_second": 21442.78068920884
}