{
    "elapsed_time": 1.8942097770050168,
    "num_requests": 128,
    "total_num_tokens": 34816,
    "requests_per_second": 67.57435293274858,
    "tokens_per_second": 18380.223997707613
}