{
    "elapsed_time": 1.193921412108466,
    "num_requests": 64,
    "total_num_tokens": 17408,
    "requests_per_second": 53.6048682525728,
    "tokens_per_second": 14580.524164699802
}