{
    "elapsed_time": 1.0119929548818618,
    "num_requests": 16,
    "total_num_tokens": 4352,
    "requests_per_second": 15.810386745101216,
    "tokens_per_second": 4300.42519466753
}