{
    "elapsed_time": 2.2767395270057023,
    "num_requests": 256,
    "total_num_tokens": 69632,
    "requests_per_second": 112.4414966944784,
    "tokens_per_second": 30584.087100898127
}