{
    "elapsed_time": 1.0262412750162184,
    "num_requests": 16,
    "total_num_tokens": 4352,
    "requests_per_second": 15.590875547026833,
    "tokens_per_second": 4240.7181487912985
}