{
    "elapsed_time": 10.441717898938805,
    "num_requests": 256,
    "total_num_tokens": 69632,
    "requests_per_second": 24.51703852543434,
    "tokens_per_second": 6668.63447891814
}