{
    "elapsed_time": 4.38289870810695,
    "num_requests": 128,
    "total_num_tokens": 34816,
    "requests_per_second": 29.204416648562116,
    "tokens_per_second": 7943.601328408896
}