{
    "elapsed_time": 3.421609153971076,
    "num_requests": 64,
    "total_num_tokens": 17408,
    "requests_per_second": 18.704649514314752,
    "tokens_per_second": 5087.664667893613
}