{
    "elapsed_time": 1.528958815149963,
    "num_requests": 128,
    "total_num_tokens": 34816,
    "requests_per_second": 83.71710129251947,
    "tokens_per_second": 22771.051551565295
}