{
    "elapsed_time": 23.64432865404524,
    "num_requests": 512,
    "total_num_tokens": 139264,
    "requests_per_second": 21.654241382421464,
    "tokens_per_second": 5889.953656018638
}