{
    "elapsed_time": 1.8150791679508984,
    "num_requests": 128,
    "total_num_tokens": 34816,
    "requests_per_second": 70.52033997200428,
    "tokens_per_second": 19181.532472385163
}