{
    "elapsed_time": 1.3071908571291715,
    "num_requests": 128,
    "total_num_tokens": 34816,
    "requests_per_second": 97.91990152158135,
    "tokens_per_second": 26634.21321387013
}