{
    "elapsed_time": 3.787598940078169,
    "num_requests": 512,
    "total_num_tokens": 139264,
    "requests_per_second": 135.17798692525594,
    "tokens_per_second": 36768.412443669615
}