{
    "elapsed_time": 0.7371649681590497,
    "num_requests": 16,
    "total_num_tokens": 4352,
    "requests_per_second": 21.704775309599167,
    "tokens_per_second": 5903.698884210974
}