{
    "elapsed_time": 4.000672676999784,
    "num_requests": 256,
    "total_num_tokens": 69632,
    "requests_per_second": 63.98923897767651,
    "tokens_per_second": 17405.07300192801
}