{
    "elapsed_time": 7.864428851000412,
    "num_requests": 512,
    "total_num_tokens": 139264,
    "requests_per_second": 65.10326556452601,
    "tokens_per_second": 17708.088233551076
}