{
    "elapsed_time": 2.8251219400008267,
    "num_requests": 128,
    "total_num_tokens": 34816,
    "requests_per_second": 45.307778821031185,
    "tokens_per_second": 12323.715839320483
}