{
    "elapsed_time": 2.3807296370005133,
    "num_requests": 64,
    "total_num_tokens": 17408,
    "requests_per_second": 26.88251492539646,
    "tokens_per_second": 7312.044059707838
}