{
    "elapsed_time": 3.5342766899993876,
    "num_requests": 128,
    "total_num_tokens": 34816,
    "requests_per_second": 36.216745667420334,
    "tokens_per_second": 9850.954821538331
}