{
    "elapsed_time": 10.223478059997433,
    "num_requests": 512,
    "total_num_tokens": 139264,
    "requests_per_second": 50.080803909910145,
    "tokens_per_second": 13621.978663495558
}