{
    "elapsed_time": 1.6099010899997666,
    "num_requests": 64,
    "total_num_tokens": 17408,
    "requests_per_second": 39.75399507308196,
    "tokens_per_second": 10813.086659878294
}