{
    "elapsed_time": 1.2451017619987397,
    "num_requests": 16,
    "total_num_tokens": 4352,
    "requests_per_second": 12.850355278845228,
    "tokens_per_second": 3495.296635845902
}