{
    "elapsed_time": 2.4242938560018956,
    "num_requests": 128,
    "total_num_tokens": 34816,
    "requests_per_second": 52.79887984004358,
    "tokens_per_second": 14361.295316491854
}