{
    "elapsed_time": 3.197113238999009,
    "num_requests": 256,
    "total_num_tokens": 69632,
    "requests_per_second": 80.07223418841167,
    "tokens_per_second": 21779.647699247973
}