{
    "elapsed_time": 6.454799009999988,
    "num_requests": 512,
    "total_num_tokens": 139264,
    "requests_per_second": 79.3208276829058,
    "tokens_per_second": 21575.265129750376
}