{
    "elapsed_time": 5.188520119001623,
    "num_requests": 256,
    "total_num_tokens": 69632,
    "requests_per_second": 49.3396949666757,
    "tokens_per_second": 13420.39703093579
}