{
    "elapsed_time": 3.1320223919974524,
    "num_requests": 64,
    "total_num_tokens": 17408,
    "requests_per_second": 20.434081238858543,
    "tokens_per_second": 5558.070096969524
}