{
    "elapsed_time": 8.364574843995797,
    "num_requests": 128,
    "total_num_tokens": 34816,
    "requests_per_second": 15.302630723889106,
    "tokens_per_second": 4162.315556897836
}