{
    "elapsed_time": 5.875559170002816,
    "num_requests": 64,
    "total_num_tokens": 17408,
    "requests_per_second": 10.892580288655203,
    "tokens_per_second": 2962.781838514215
}