{
    "elapsed_time": 6.4907958270050585,
    "num_requests": 256,
    "total_num_tokens": 69632,
    "requests_per_second": 39.44046413151804,
    "tokens_per_second": 10727.806243772908
}