{
    "elapsed_time": 12.675007947997074,
    "num_requests": 512,
    "total_num_tokens": 139264,
    "requests_per_second": 40.39445198777229,
    "tokens_per_second": 10987.290940674064
}