{
    "elapsed_time": 17.160768948000623,
    "num_requests": 256,
    "total_num_tokens": 69632,
    "requests_per_second": 14.917746446893698,
    "tokens_per_second": 4057.6270335550857
}