{
    "elapsed_time": 33.52603552200162,
    "num_requests": 512,
    "total_num_tokens": 139264,
    "requests_per_second": 15.271713223115736,
    "tokens_per_second": 4153.90599668748
}