{
    "elapsed_time": 4.162410499993712,
    "num_requests": 128,
    "total_num_tokens": 34816,
    "requests_per_second": 30.751411952327473,
    "tokens_per_second": 8364.384051033072
}