{
    "elapsed_time": 3.5659013089971268,
    "num_requests": 64,
    "total_num_tokens": 17408,
    "requests_per_second": 17.947776579941117,
    "tokens_per_second": 4881.795229743983
}