{
  "meta": {
    "gpu_name": "NVIDIA A100 80GB PCIe",
    "gpu_short_name": "A100",
    "compute_capability": "cc80",
    "model_name": "SQUARE",
    "mode": "square",
    "backend": "cuSPARSELt",
    "dtype": "int8",
    "alg_count": 5,
    "warmup": 25,
    "repeat": 50,
    "torch_version": "2.9.0+cu129",
    "time": "2026-01-27T15:56:25.936525",
    "M_list": [
      64,
      128,
      256,
      512,
      1024,
      2048,
      4096,
      8192,
      16384,
      32768,
      65536
    ],
    "NK_list": [
      [
        64,
        96
      ],
      [
        128,
        192
      ],
      [
        256,
        352
      ],
      [
        512,
        704
      ],
      [
        1024,
        1376
      ],
      [
        2048,
        2752
      ],
      [
        4096,
        5472
      ],
      [
        8192,
        10944
      ],
      [
        16384,
        21856
      ],
      [
        32768,
        43712
      ],
      [
        65536,
        87392
      ]
    ],
    "search_stats": {
      "total": 10,
      "success": 10,
      "failed": 0,
      "errors": 0
    },
    "sparsity": "2_6",
    "config_count": 4
  },
  "results": [
    {
      "nk_id": 0,
      "N": 64,
      "K": 96,
      "m_results": {
        "64": {
          "results": [
            {
              "alg_id": 1,
              "split_k": 1,
              "lat_us": 5.529599666595459,
              "tops": 0.14222222566604614,
              "workspace": 1024
            },
            {
              "alg_id": 2,
              "split_k": 1,
              "lat_us": 7.884799957275391,
              "tops": 0.09974025934934616,
              "workspace": 1024
            },
            {
              "alg_id": 0,
              "split_k": 1,
              "lat_us": 8.028160095214844,
              "tops": 0.09795918315649033,
              "workspace": 1024
            }
          ],
          "num_valid": 5,
          "alg_count": 5,
          "config_count": 4,
          "api_result": {
            "alg_id": 1,
            "split_k": 1,
            "lat_us": 5.529599666595459,
            "rank": 1
          }
        }
      },
      "skipped": false,
      "skip_reason": null
    },
    {
      "nk_id": 1,
      "N": 128,
      "K": 192,
      "m_results": {
        "128": {
          "results": [
            {
              "alg_id": 1,
              "split_k": 1,
              "lat_us": 5.898240566253662,
              "tops": 1.066666603088379,
              "workspace": 4096
            },
            {
              "alg_id": 2,
              "split_k": 1,
              "lat_us": 8.642560005187988,
              "tops": 0.727962076663971,
              "workspace": 4096
            },
            {
              "alg_id": 0,
              "split_k": 1,
              "lat_us": 8.90880012512207,
              "tops": 0.7062068581581116,
              "workspace": 4096
            }
          ],
          "num_valid": 5,
          "alg_count": 5,
          "config_count": 4,
          "api_result": {
            "alg_id": 1,
            "split_k": 1,
            "lat_us": 5.898240566253662,
            "rank": 1
          }
        }
      },
      "skipped": false,
      "skip_reason": null
    },
    {
      "nk_id": 2,
      "N": 256,
      "K": 352,
      "m_results": {
        "256": {
          "results": [
            {
              "alg_id": 1,
              "split_k": 1,
              "lat_us": 6.696959972381592,
              "tops": 6.889296531677246,
              "workspace": 12288
            },
            {
              "alg_id": 2,
              "split_k": 1,
              "lat_us": 9.400320053100586,
              "tops": 4.9080610275268555,
              "workspace": 12288
            },
            {
              "alg_id": 0,
              "split_k": 1,
              "lat_us": 9.789440155029297,
              "tops": 4.712970733642578,
              "workspace": 12288
            }
          ],
          "num_valid": 5,
          "alg_count": 5,
          "config_count": 4,
          "api_result": {
            "alg_id": 1,
            "split_k": 1,
            "lat_us": 6.696959972381592,
            "rank": 1
          }
        }
      },
      "skipped": false,
      "skip_reason": null
    },
    {
      "nk_id": 3,
      "N": 512,
      "K": 704,
      "m_results": {
        "512": {
          "results": [
            {
              "alg_id": 1,
              "split_k": 1,
              "lat_us": 7.557119846343994,
              "tops": 48.84119415283203,
              "workspace": 49152
            },
            {
              "alg_id": 2,
              "split_k": 1,
              "lat_us": 10.711040496826172,
              "tops": 34.45965576171875,
              "workspace": 49152
            },
            {
              "alg_id": 0,
              "split_k": 1,
              "lat_us": 11.12063980102539,
              "tops": 33.190425872802734,
              "workspace": 49152
            }
          ],
          "num_valid": 5,
          "alg_count": 5,
          "config_count": 4,
          "api_result": {
            "alg_id": 1,
            "split_k": 1,
            "lat_us": 7.557119846343994,
            "rank": 1
          }
        }
      },
      "skipped": false,
      "skip_reason": null
    },
    {
      "nk_id": 4,
      "N": 1024,
      "K": 1376,
      "m_results": {
        "1024": {
          "results": [
            {
              "alg_id": 2,
              "split_k": 1,
              "lat_us": 14.295040130615234,
              "tops": 201.86590576171875,
              "workspace": 180224
            },
            {
              "alg_id": 0,
              "split_k": 1,
              "lat_us": 14.704639434814453,
              "tops": 196.24290466308594,
              "workspace": 180224
            },
            {
              "alg_id": 1,
              "split_k": 1,
              "lat_us": 16.302080154418945,
              "tops": 177.0130615234375,
              "workspace": 180224
            }
          ],
          "num_valid": 5,
          "alg_count": 5,
          "config_count": 4,
          "api_result": {
            "alg_id": 2,
            "split_k": 1,
            "lat_us": 14.295040130615234,
            "rank": 1
          }
        }
      },
      "skipped": false,
      "skip_reason": null
    },
    {
      "nk_id": 5,
      "N": 2048,
      "K": 2752,
      "m_results": {
        "2048": {
          "results": [
            {
              "alg_id": 2,
              "split_k": 1,
              "lat_us": 45.15839767456055,
              "tops": 511.2105407714844,
              "workspace": 720896
            },
            {
              "alg_id": 1,
              "split_k": 1,
              "lat_us": 49.72544479370117,
              "tops": 464.2582702636719,
              "workspace": 720896
            },
            {
              "alg_id": 3,
              "split_k": 1,
              "lat_us": 50.03264236450195,
              "tops": 461.4077453613281,
              "workspace": 720896
            }
          ],
          "num_valid": 5,
          "alg_count": 5,
          "config_count": 4,
          "api_result": {
            "alg_id": 2,
            "split_k": 1,
            "lat_us": 45.15839767456055,
            "rank": 1
          }
        }
      },
      "skipped": false,
      "skip_reason": null
    },
    {
      "nk_id": 6,
      "N": 4096,
      "K": 5472,
      "m_results": {
        "4096": {
          "results": [
            {
              "alg_id": 3,
              "split_k": 1,
              "lat_us": 260.1574401855469,
              "tops": 705.7643432617188,
              "workspace": 2818048
            },
            {
              "alg_id": 4,
              "split_k": 1,
              "lat_us": 282.2758483886719,
              "tops": 650.4624633789062,