{
  "4608_6272_64": {
    "N": 4608,
    "K": 6272,
    "M": 64,
    "best_alg_id": 1,
    "split_k": 1,
    "lat_us": 21.360639572143555,
    "tops": 173.18658447265625
  },
  "4608_6272_128": {
    "N": 4608,
    "K": 6272,
    "M": 128,
    "best_alg_id": 1,
    "split_k": 1,
    "lat_us": 22.69184112548828,
    "tops": 326.05340576171875
  },
  "4608_6272_256": {
    "N": 4608,
    "K": 6272,
    "M": 256,
    "best_alg_id": 0,
    "split_k": 1,
    "lat_us": 31.887357711791992,
    "tops": 464.0555114746094
  },
  "4608_6272_512": {
    "N": 4608,
    "K": 6272,
    "M": 512,
    "best_alg_id": 3,
    "split_k": 1,
    "lat_us": 49.664005279541016,
    "tops": 595.9046020507812
  },
  "4608_6272_1024": {
    "N": 4608,
    "K": 6272,
    "M": 1024,
    "best_alg_id": 3,
    "split_k": 1,
    "lat_us": 96.50175476074219,
    "tops": 613.35693359375
  },
  "4608_6272_2048": {
    "N": 4608,
    "K": 6272,
    "M": 2048,
    "best_alg_id": 3,
    "split_k": 1,
    "lat_us": 148.84864807128906,
    "tops": 795.3047485351562
  },
  "4608_6272_4096": {
    "N": 4608,
    "K": 6272,
    "M": 4096,
    "best_alg_id": 3,
    "split_k": 1,
    "lat_us": 307.6710205078125,
    "tops": 769.5234985351562
  },
  "4608_6272_8192": {
    "N": 4608,
    "K": 6272,
    "M": 8192,
    "best_alg_id": 4,
    "split_k": 1,
    "lat_us": 613.8675537109375,
    "tops": 771.371826171875
  },
  "4608_6272_16384": {
    "N": 4608,
    "K": 6272,
    "M": 16384,
    "best_alg_id": 4,
    "split_k": 1,
    "lat_us": 1284.3621826171875,
    "tops": 737.3623046875
  },
  "4608_6272_32768": {
    "N": 4608,
    "K": 6272,
    "M": 32768,
    "best_alg_id": 3,
    "split_k": 1,
    "lat_us": 2515.968017578125,
    "tops": 752.8237915039062
  },
  "4608_6272_65536": {
    "N": 4608,
    "K": 6272,
    "M": 65536,
    "best_alg_id": 3,
    "split_k": 1,
    "lat_us": 5015.51123046875,
    "tops": 755.2891235351562
  },
  "3584_6272_64": {
    "N": 3584,
    "K": 6272,
    "M": 64,
    "best_alg_id": 1,
    "split_k": 1,
    "lat_us": 24.473600387573242,
    "tops": 117.56719207763672
  },
  "3584_6272_128": {
    "N": 3584,
    "K": 6272,
    "M": 128,
    "best_alg_id": 1,
    "split_k": 1,
    "lat_us": 22.282241821289062,
    "tops": 258.2587890625
  },
  "3584_6272_256": {
    "N": 3584,
    "K": 6272,
    "M": 256,
    "best_alg_id": 0,
    "split_k": 1,
    "lat_us": 31.313920974731445,
    "tops": 367.5416564941406
  },
  "3584_6272_512": {
    "N": 3584,
    "K": 6272,
    "M": 512,
    "best_alg_id": 3,
    "split_k": 1,
    "lat_us": 49.254398345947266,
    "tops": 467.3357238769531
  },
  "3584_6272_1024": {
    "N": 3584,
    "K": 6272,
    "M": 1024,
    "best_alg_id": 2,
    "split_k": 1,
    "lat_us": 87.96160125732422,
    "tops": 523.3724975585938
  },
  "3584_6272_2048": {
    "N": 3584,
    "K": 6272,
    "M": 2048,
    "best_alg_id": 3,
    "split_k": 1,
    "lat_us": 144.0563201904297,
    "tops": 639.1483764648438
  },
  "3584_6272_4096": {
    "N": 3584,
    "K": 6272,
    "M": 4096,
    "best_alg_id": 3,
    "split_k": 1,
    "lat_us": 257.76129150390625,
    "tops": 714.407958984375
  },
  "3584_6272_8192": {
    "N": 3584,
    "K": 6272,
    "M": 8192,
    "best_alg_id": 3,
    "split_k": 1,
    "lat_us": 506.57281494140625,
    "tops": 727.0296020507812
  },
  "3584_6272_16384": {
    "N": 3584,
    "K": 6272,
    "M": 16384,
    "best_alg_id": 4,
    "split_k": 1,
    "lat_us": 987.0131225585938,
    "tops": 746.2787475585938
  },
  "3584_6272_32768": {
    "N": 3584,
    "K": 6272,
    "M": 32768,
    "best_alg_id": 3,
    "split_k": 1,
    "lat_us": 2000.8140869140625,
    "tops": 736.2871704101562
  },
  "3584_6272_65536": {
    "N": 3584,
    "K": 6272,
    "M": 65536,
    "best_alg_id": 4,
    "split_k": 1,
    "lat_us": 3980.8408203125,
    "tops": 740.1319580078125
  },
  "37888_6272_64": {
    "N": 37888,
    "K": 6272,
    "M": 64,
    "best_alg_id": 1,
    "split_k": 1,
    "lat_us": 117.57568359375,
    "tops": 258.7022399902344
  },
  "37888_6272_128": {
    "N": 37888,
    "K": 6272,
    "M": 128,
    "best_alg_id": 4,
    "split_k": 1,
    "lat_us": 122.77759552001953,
    "tops": 495.4827880859375
  },
  "37888_6272_256": {
    "N": 37888,
    "K": 6272,
    "M": 256,
    "best_alg_id": 4,
    "split_k": 1,
    "lat_us": 165.02784729003906,
    "tops": 737.2596435546875
  },
  "37888_6272_512": {
    "N": 37888,
    "K": 6272,
    "M": 512,
    "best_alg_id": 4,
    "split_k": 1,
    "lat_us": 321.7203063964844,
    "tops": 756.3611450195312
  },
  "37888_6272_1024": {
    "N": 37888,
    "K": 6272,
    "M": 1024,
    "best_alg_id": 4,
    "split_k": 1,
    "lat_us": 607.088623046875,
    "tops": 801.6514892578125
  },
  "37888_6272_2048": {
    "N": 37888,
    "K": 6272,
    "M": 2048,
    "best_alg_id": 4,
    "split_k": 1,
    "lat_us": 1277.706298828125,
    "tops": 761.7924194335938
  },
  "37888_6272_4096": {
    "N": 37888,
    "K": 6272,
    "M": 4096,
    "best_alg_id": 3,
    "split_k": 1,
    "lat_us": 2565.160888671875,
    "tops": 758.8973999023438
  },
  "37888_6272_8192": {
    "N": 37888,
    "K": 6272,
    "M": 8192,
    "best_alg_id": 3,
    "split_k": 1,
    "lat_us": 5124.1162109375,
    "tops": 759.8164672851562
  },
  "37888_6272_16384": {
    "N": 37888,
    "K": 6272,
    "M": 16384,
    "best_alg_id": 4,
    "split_k": 1,
    "lat_us": 10235.6787109375,
    "tops": 760.7483520507812
  },
  "37888_6272_32768": {
    "N": 37888,
    "K": 6272,
    "M": 32768,
    "best_alg_id": 3,
    "split_k": 1,
    "lat_us": 20449.3828125,
    "tops": 761.5658569335938
  },
  "37888_6272_65536": {
    "N": 37888,
    "K": 6272,
    "M": 65536,
    "best_alg_id": 3,
    "split_k": 1,
    "lat_us": 40893.21484375,
    "tops": 761.669189453125
  }
}