{
  "64_96_64": {
    "N": 64,
    "K": 96,
    "M": 64,
    "best_alg_id": 1,
    "split_k": 1,
    "lat_us": 5.509120464324951,
    "tops": 0.14275091886520386
  },
  "128_192_128": {
    "N": 128,
    "K": 192,
    "M": 128,
    "best_alg_id": 1,
    "split_k": 1,
    "lat_us": 5.898240566253662,
    "tops": 1.066666603088379
  },
  "256_384_256": {
    "N": 256,
    "K": 384,
    "M": 256,
    "best_alg_id": 1,
    "split_k": 1,
    "lat_us": 6.328319549560547,
    "tops": 7.953398704528809
  },
  "512_768_512": {
    "N": 512,
    "K": 768,
    "M": 512,
    "best_alg_id": 1,
    "split_k": 1,
    "lat_us": 7.372800350189209,
    "tops": 54.61333084106445
  },
  "1024_1536_1024": {
    "N": 1024,
    "K": 1536,
    "M": 1024,
    "best_alg_id": 2,
    "split_k": 1,
    "lat_us": 13.721599578857422,
    "tops": 234.75582885742188
  },
  "2048_3072_2048": {
    "N": 2048,
    "K": 3072,
    "M": 2048,
    "best_alg_id": 3,
    "split_k": 1,
    "lat_us": 52.3059196472168,
    "tops": 492.6747131347656
  },
  "4096_6144_4096": {
    "N": 4096,
    "K": 6144,
    "M": 4096,
    "best_alg_id": 3,
    "split_k": 1,
    "lat_us": 246.9273681640625,
    "tops": 834.89501953125
  },
  "8192_12288_8192": {
    "N": 8192,
    "K": 12288,
    "M": 8192,
    "best_alg_id": 3,
    "split_k": 1,
    "lat_us": 2105.589599609375,
    "tops": 783.2805786132812
  },
  "16384_24576_16384": {
    "N": 16384,
    "K": 24576,
    "M": 16384,
    "best_alg_id": 4,
    "split_k": 1,
    "lat_us": 16836.341796875,
    "tops": 783.6702270507812
  },
  "32768_49152_32768": {
    "N": 32768,
    "K": 49152,
    "M": 32768,
    "best_alg_id": 3,
    "split_k": 1,
    "lat_us": 173588.484375,
    "tops": 608.065185546875
  }
}