{
  "meta": {
    "gpu_name": "NVIDIA A100 80GB PCIe",
    "gpu_short_name": "A100",
    "compute_capability": "cc80",
    "model_name": "SQUARE",
    "mode": "square",
    "backend": "cuSPARSELt",
    "dtype": "int8",
    "alg_count": 5,
    "warmup": 25,
    "repeat": 50,
    "torch_version": "2.9.0+cu129",
    "time": "2026-01-27T15:59:26.739908",
    "M_list": [
      64,
      128,
      256,
      512,
      1024,
      2048,
      4096,
      8192,
      16384,
      32768,
      65536
    ],
    "NK_list": [
      [
        64,
        96
      ],
      [
        128,
        192
      ],
      [
        256,
        384
      ],
      [
        512,
        768
      ],
      [
        1024,
        1536
      ],
      [
        2048,
        3072
      ],
      [
        4096,
        6144
      ],
      [
        8192,
        12288
      ],
      [
        16384,
        24576
      ],
      [
        32768,
        49152
      ],
      [
        65536,
        98304
      ]
    ],
    "search_stats": {
      "total": 10,
      "success": 10,
      "failed": 0,
      "errors": 0
    },
    "sparsity": "2_8",
    "config_count": 4
  },
  "results": [
    {
      "nk_id": 0,
      "N": 64,
      "K": 96,
      "m_results": {
        "64": {
          "results": [
            {
              "alg_id": 1,
              "split_k": 1,
              "lat_us": 5.509120464324951,
              "tops": 0.14275091886520386,
              "workspace": 1024
            },
            {
              "alg_id": 2,
              "split_k": 1,
              "lat_us": 7.8438401222229,
              "tops": 0.10026109218597412,
              "workspace": 1024
            },
            {
              "alg_id": 0,
              "split_k": 1,
              "lat_us": 8.028160095214844,
              "tops": 0.09795918315649033,
              "workspace": 1024
            }
          ],
          "num_valid": 5,
          "alg_count": 5,
          "config_count": 4,
          "api_result": {
            "alg_id": 1,
            "split_k": 1,
            "lat_us": 5.509120464324951,
            "rank": 1
          }
        }
      },
      "skipped": false,
      "skip_reason": null
    },
    {
      "nk_id": 1,
      "N": 128,
      "K": 192,
      "m_results": {
        "128": {
          "results": [
            {
              "alg_id": 1,
              "split_k": 1,
              "lat_us": 5.898240566253662,
              "tops": 1.066666603088379,
              "workspace": 4096
            },
            {
              "alg_id": 2,
              "split_k": 1,
              "lat_us": 8.560640335083008,
              "tops": 0.7349281907081604,
              "workspace": 4096
            },
            {
              "alg_id": 0,
              "split_k": 1,
              "lat_us": 8.888319969177246,
              "tops": 0.7078341245651245,
              "workspace": 4096
            }
          ],
          "num_valid": 5,
          "alg_count": 5,
          "config_count": 4,
          "api_result": {
            "alg_id": 1,
            "split_k": 1,
            "lat_us": 5.898240566253662,
            "rank": 1
          }
        }
      },
      "skipped": false,
      "skip_reason": null
    },
    {
      "nk_id": 2,
      "N": 256,
      "K": 384,
      "m_results": {
        "256": {
          "results": [
            {
              "alg_id": 1,
              "split_k": 1,
              "lat_us": 6.328319549560547,
              "tops": 7.953398704528809,
              "workspace": 12288
            },
            {
              "alg_id": 2,
              "split_k": 1,
              "lat_us": 9.072639465332031,
              "tops": 5.547630310058594,
              "workspace": 12288
            },
            {
              "alg_id": 0,
              "split_k": 1,
              "lat_us": 9.523200035095215,
              "tops": 5.28516149520874,
              "workspace": 12288
            }
          ],
          "num_valid": 5,
          "alg_count": 5,
          "config_count": 4,
          "api_result": {
            "alg_id": 1,
            "split_k": 1,
            "lat_us": 6.328319549560547,
            "rank": 1
          }
        }
      },
      "skipped": false,
      "skip_reason": null
    },
    {
      "nk_id": 3,
      "N": 512,
      "K": 768,
      "m_results": {
        "512": {
          "results": [
            {
              "alg_id": 1,
              "split_k": 1,
              "lat_us": 7.372800350189209,
              "tops": 54.61333084106445,
              "workspace": 49152
            },
            {
              "alg_id": 2,
              "split_k": 1,
              "lat_us": 10.588159561157227,
              "tops": 38.028629302978516,
              "workspace": 49152
            },
            {
              "alg_id": 0,
              "split_k": 1,
              "lat_us": 10.895359992980957,
              "tops": 36.956390380859375,
              "workspace": 49152
            }
          ],
          "num_valid": 5,
          "alg_count": 5,
          "config_count": 4,
          "api_result": {
            "alg_id": 1,
            "split_k": 1,
            "lat_us": 7.372800350189209,
            "rank": 1
          }
        }
      },
      "skipped": false,
      "skip_reason": null
    },
    {
      "nk_id": 4,
      "N": 1024,
      "K": 1536,
      "m_results": {
        "1024": {
          "results": [
            {
              "alg_id": 2,
              "split_k": 1,
              "lat_us": 13.721599578857422,
              "tops": 234.75582885742188,
              "workspace": 196608
            },
            {
              "alg_id": 0,
              "split_k": 1,
              "lat_us": 13.98784065246582,
              "tops": 230.28753662109375,
              "workspace": 196608
            },
            {
              "alg_id": 1,
              "split_k": 1,
              "lat_us": 14.315520286560059,
              "tops": 225.0163116455078,
              "workspace": 196608
            }
          ],
          "num_valid": 5,
          "alg_count": 5,
          "config_count": 4,
          "api_result": {
            "alg_id": 2,
            "split_k": 1,
            "lat_us": 13.721599578857422,
            "rank": 1
          }
        }
      },
      "skipped": false,
      "skip_reason": null
    },
    {
      "nk_id": 5,
      "N": 2048,
      "K": 3072,
      "m_results": {
        "2048": {
          "results": [
            {
              "alg_id": 3,
              "split_k": 1,
              "lat_us": 52.3059196472168,
              "tops": 492.6747131347656,
              "workspace": 786432
            },
            {
              "alg_id": 1,
              "split_k": 1,
              "lat_us": 53.28895950317383,
              "tops": 483.586181640625,
              "workspace": 786432
            },
            {
              "alg_id": 4,
              "split_k": 1,
              "lat_us": 53.370880126953125,
              "tops": 482.8439025878906,
              "workspace": 786432
            }
          ],
          "num_valid": 5,
          "alg_count": 5,
          "config_count": 4,
          "api_result": {
            "alg_id": 3,
            "split_k": 1,
            "lat_us": 52.3059196472168,
            "rank": 1
          }
        }
      },
      "skipped": false,
      "skip_reason": null
    },
    {
      "nk_id": 6,
      "N": 4096,
      "K": 6144,
      "m_results": {
        "4096": {
          "results": [
            {
              "alg_id": 3,
              "split_k": 1,
              "lat_us": 246.9273681640625,
              "tops": 834.89501953125,
              "workspace": 3145728
            },
            {
              "alg_id": 4,
              "split_k": 1,
              "lat_us": 262.0211181640625,
              "tops": 786.8008422851562,