{
  "64_96_64": {
    "N": 64,
    "K": 96,
    "M": 64,
    "best_alg_id": 1,
    "split_k": 1,
    "lat_us": 5.529599666595459,
    "tops": 0.14222222566604614
  },
  "128_192_128": {
    "N": 128,
    "K": 192,
    "M": 128,
    "best_alg_id": 1,
    "split_k": 1,
    "lat_us": 5.898240566253662,
    "tops": 1.066666603088379
  },
  "256_352_256": {
    "N": 256,
    "K": 352,
    "M": 256,
    "best_alg_id": 1,
    "split_k": 1,
    "lat_us": 6.696959972381592,
    "tops": 6.889296531677246
  },
  "512_704_512": {
    "N": 512,
    "K": 704,
    "M": 512,
    "best_alg_id": 1,
    "split_k": 1,
    "lat_us": 7.557119846343994,
    "tops": 48.84119415283203
  },
  "1024_1376_1024": {
    "N": 1024,
    "K": 1376,
    "M": 1024,
    "best_alg_id": 2,
    "split_k": 1,
    "lat_us": 14.295040130615234,
    "tops": 201.86590576171875
  },
  "2048_2752_2048": {
    "N": 2048,
    "K": 2752,
    "M": 2048,
    "best_alg_id": 2,
    "split_k": 1,
    "lat_us": 45.15839767456055,
    "tops": 511.2105407714844
  },
  "4096_5472_4096": {
    "N": 4096,
    "K": 5472,
    "M": 4096,
    "best_alg_id": 3,
    "split_k": 1,
    "lat_us": 260.1574401855469,
    "tops": 705.7643432617188
  },
  "8192_10944_8192": {
    "N": 8192,
    "K": 10944,
    "M": 8192,
    "best_alg_id": 4,
    "split_k": 1,
    "lat_us": 2029.0355224609375,
    "tops": 723.9295654296875
  },
  "16384_21856_16384": {
    "N": 16384,
    "K": 21856,
    "M": 16384,
    "best_alg_id": 3,
    "split_k": 1,
    "lat_us": 19437.505859375,
    "tops": 603.6705932617188
  },
  "32768_43712_32768": {
    "N": 32768,
    "K": 43712,
    "M": 32768,
    "best_alg_id": 3,
    "split_k": 1,
    "lat_us": 156781.140625,
    "tops": 598.7378540039062
  }
}