{
  "4608_7168_64": {
    "N": 4608,
    "K": 7168,
    "M": 64,
    "best_alg_id": 1,
    "split_k": 1,
    "lat_us": 23.613439559936523,
    "tops": 179.04458618164062
  },
  "4608_7168_128": {
    "N": 4608,
    "K": 7168,
    "M": 128,
    "best_alg_id": 1,
    "split_k": 1,
    "lat_us": 25.948158264160156,
    "tops": 325.86962890625
  },
  "4608_7168_256": {
    "N": 4608,
    "K": 7168,
    "M": 256,
    "best_alg_id": 0,
    "split_k": 1,
    "lat_us": 35.307518005371094,
    "tops": 478.9754333496094
  },
  "4608_7168_512": {
    "N": 4608,
    "K": 7168,
    "M": 512,
    "best_alg_id": 3,
    "split_k": 1,
    "lat_us": 55.39840316772461,
    "tops": 610.5386962890625
  },
  "4608_7168_1024": {
    "N": 4608,
    "K": 7168,
    "M": 1024,
    "best_alg_id": 3,
    "split_k": 1,
    "lat_us": 108.19583892822266,
    "tops": 625.2156982421875
  },
  "4608_7168_2048": {
    "N": 4608,
    "K": 7168,
    "M": 2048,
    "best_alg_id": 3,
    "split_k": 1,
    "lat_us": 169.4310302734375,
    "tops": 798.5046997070312
  },
  "4608_7168_4096": {
    "N": 4608,
    "K": 7168,
    "M": 4096,
    "best_alg_id": 4,
    "split_k": 1,
    "lat_us": 350.0646057128906,
    "tops": 772.951416015625
  },
  "4608_7168_8192": {
    "N": 4608,
    "K": 7168,
    "M": 8192,
    "best_alg_id": 4,
    "split_k": 1,
    "lat_us": 717.537353515625,
    "tops": 754.1989135742188
  },
  "4608_7168_16384": {
    "N": 4608,
    "K": 7168,
    "M": 16384,
    "best_alg_id": 4,
    "split_k": 1,
    "lat_us": 1463.3984375,
    "tops": 739.6015625
  },
  "4608_7168_32768": {
    "N": 4608,
    "K": 7168,
    "M": 32768,
    "best_alg_id": 3,
    "split_k": 1,
    "lat_us": 2868.5107421875,
    "tops": 754.6297607421875
  },
  "4608_7168_65536": {
    "N": 4608,
    "K": 7168,
    "M": 65536,
    "best_alg_id": 3,
    "split_k": 1,
    "lat_us": 5719.1220703125,
    "tops": 756.9915161132812
  },
  "3584_7168_64": {
    "N": 3584,
    "K": 7168,
    "M": 64,
    "best_alg_id": 1,
    "split_k": 1,
    "lat_us": 28.979198455810547,
    "tops": 113.47222900390625
  },
  "3584_7168_128": {
    "N": 3584,
    "K": 7168,
    "M": 128,
    "best_alg_id": 1,
    "split_k": 1,
    "lat_us": 24.862722396850586,
    "tops": 264.5192565917969
  },
  "3584_7168_256": {
    "N": 3584,
    "K": 7168,
    "M": 256,
    "best_alg_id": 0,
    "split_k": 1,
    "lat_us": 34.30400085449219,
    "tops": 383.43450927734375
  },
  "3584_7168_512": {
    "N": 3584,
    "K": 7168,
    "M": 512,
    "best_alg_id": 3,
    "split_k": 1,
    "lat_us": 55.029762268066406,
    "tops": 478.04449462890625
  },
  "3584_7168_1024": {
    "N": 3584,
    "K": 7168,
    "M": 1024,
    "best_alg_id": 2,
    "split_k": 1,
    "lat_us": 97.15711975097656,
    "tops": 541.5285034179688
  },
  "3584_7168_2048": {
    "N": 3584,
    "K": 7168,
    "M": 2048,
    "best_alg_id": 3,
    "split_k": 1,
    "lat_us": 162.57025146484375,
    "tops": 647.2691040039062
  },
  "3584_7168_4096": {
    "N": 3584,
    "K": 7168,
    "M": 4096,
    "best_alg_id": 4,
    "split_k": 1,
    "lat_us": 297.0214538574219,
    "tops": 708.546142578125
  },
  "3584_7168_8192": {
    "N": 3584,
    "K": 7168,
    "M": 8192,
    "best_alg_id": 4,
    "split_k": 1,
    "lat_us": 570.9005126953125,
    "tops": 737.2681884765625
  },
  "3584_7168_16384": {
    "N": 3584,
    "K": 7168,
    "M": 16384,
    "best_alg_id": 4,
    "split_k": 1,
    "lat_us": 1126.3590087890625,
    "tops": 747.3759155273438
  },
  "3584_7168_32768": {
    "N": 3584,
    "K": 7168,
    "M": 32768,
    "best_alg_id": 3,
    "split_k": 1,
    "lat_us": 2268.078125,
    "tops": 742.314453125
  },
  "3584_7168_65536": {
    "N": 3584,
    "K": 7168,
    "M": 65536,
    "best_alg_id": 4,
    "split_k": 1,
    "lat_us": 4473.89697265625,
    "tops": 752.6445922851562
  },
  "37888_7168_64": {
    "N": 37888,
    "K": 7168,
    "M": 64,
    "best_alg_id": 1,
    "split_k": 1,
    "lat_us": 134.04159545898438,
    "tops": 259.34033203125
  },
  "37888_7168_128": {
    "N": 37888,
    "K": 7168,
    "M": 128,
    "best_alg_id": 0,
    "split_k": 1,
    "lat_us": 138.67007446289062,
    "tops": 501.3683166503906
  },
  "37888_7168_256": {
    "N": 37888,
    "K": 7168,
    "M": 256,
    "best_alg_id": 4,
    "split_k": 1,
    "lat_us": 185.05728149414062,
    "tops": 751.3865966796875
  },
  "37888_7168_512": {
    "N": 37888,
    "K": 7168,
    "M": 512,
    "best_alg_id": 3,
    "split_k": 1,
    "lat_us": 372.8589172363281,
    "tops": 745.856201171875
  },
  "37888_7168_1024": {
    "N": 37888,
    "K": 7168,
    "M": 1024,
    "best_alg_id": 4,
    "split_k": 1,
    "lat_us": 700.4774169921875,
    "tops": 794.0274047851562
  },
  "37888_7168_2048": {
    "N": 37888,
    "K": 7168,
    "M": 2048,
    "best_alg_id": 3,
    "split_k": 1,
    "lat_us": 1467.39208984375,
    "tops": 758.0772094726562
  },
  "37888_7168_4096": {
    "N": 37888,
    "K": 7168,
    "M": 4096,
    "best_alg_id": 3,
    "split_k": 1,
    "lat_us": 2929.3564453125,
    "tops": 759.4818725585938
  },
  "37888_7168_8192": {
    "N": 37888,
    "K": 7168,
    "M": 8192,
    "best_alg_id": 3,
    "split_k": 1,
    "lat_us": 5843.1279296875,
    "tops": 761.507568359375
  },
  "37888_7168_16384": {
    "N": 37888,
    "K": 7168,
    "M": 16384,
    "best_alg_id": 4,
    "split_k": 1,
    "lat_us": 11676.91796875,
    "tops": 762.1165161132812
  },
  "37888_7168_32768": {
    "N": 37888,
    "K": 7168,
    "M": 32768,
    "best_alg_id": 3,
    "split_k": 1,
    "lat_us": 23235.501953125,
    "tops": 765.9978637695312
  },
  "37888_7168_65536": {
    "N": 37888,
    "K": 7168,
    "M": 65536,
    "best_alg_id": 3,
    "split_k": 1,
    "lat_us": 46568.53125,
    "tops": 764.3936157226562
  }
}