{
  "4608_6272_64": {
    "N": 4608,
    "K": 6272,
    "M": 64,
    "best_alg_id": 1,
    "split_k": 1,
    "lat_us": 21.2172794342041,
    "tops": 174.3567657470703
  },
  "4608_6272_128": {
    "N": 4608,
    "K": 6272,
    "M": 128,
    "best_alg_id": 1,
    "split_k": 1,
    "lat_us": 22.589441299438477,
    "tops": 327.53143310546875
  },
  "4608_6272_256": {
    "N": 4608,
    "K": 6272,
    "M": 256,
    "best_alg_id": 0,
    "split_k": 1,
    "lat_us": 31.784957885742188,
    "tops": 465.550537109375
  },
  "4608_6272_512": {
    "N": 4608,
    "K": 6272,
    "M": 512,
    "best_alg_id": 4,
    "split_k": 1,
    "lat_us": 49.868797302246094,
    "tops": 593.4574584960938
  },
  "4608_6272_1024": {
    "N": 4608,
    "K": 6272,
    "M": 1024,
    "best_alg_id": 3,
    "split_k": 1,
    "lat_us": 96.39936828613281,
    "tops": 614.0083618164062
  },
  "4608_6272_2048": {
    "N": 4608,
    "K": 6272,
    "M": 2048,
    "best_alg_id": 3,
    "split_k": 1,
    "lat_us": 148.2342529296875,
    "tops": 798.60107421875
  },
  "4608_6272_4096": {
    "N": 4608,
    "K": 6272,
    "M": 4096,
    "best_alg_id": 4,
    "split_k": 1,
    "lat_us": 313.9174499511719,
    "tops": 754.2112426757812
  },
  "4608_6272_8192": {
    "N": 4608,
    "K": 6272,
    "M": 8192,
    "best_alg_id": 4,
    "split_k": 1,
    "lat_us": 621.8546752929688,
    "tops": 761.4642944335938
  },
  "4608_6272_16384": {
    "N": 4608,
    "K": 6272,
    "M": 16384,
    "best_alg_id": 4,
    "split_k": 1,
    "lat_us": 1275.5762939453125,
    "tops": 742.4411010742188
  },
  "4608_6272_32768": {
    "N": 4608,
    "K": 6272,
    "M": 32768,
    "best_alg_id": 3,
    "split_k": 1,
    "lat_us": 2543.90283203125,
    "tops": 744.5569458007812
  },
  "4608_6272_65536": {
    "N": 4608,
    "K": 6272,
    "M": 65536,
    "best_alg_id": 3,
    "split_k": 1,
    "lat_us": 5009.3876953125,
    "tops": 756.21240234375
  },
  "3584_6272_64": {
    "N": 3584,
    "K": 6272,
    "M": 64,
    "best_alg_id": 1,
    "split_k": 1,
    "lat_us": 22.69184112548828,
    "tops": 126.79855346679688
  },
  "3584_6272_128": {
    "N": 3584,
    "K": 6272,
    "M": 128,
    "best_alg_id": 1,
    "split_k": 1,
    "lat_us": 22.220800399780273,
    "tops": 258.972900390625
  },
  "3584_6272_256": {
    "N": 3584,
    "K": 6272,
    "M": 256,
    "best_alg_id": 2,
    "split_k": 1,
    "lat_us": 30.822399139404297,
    "tops": 373.4028015136719
  },
  "3584_6272_512": {
    "N": 3584,
    "K": 6272,
    "M": 512,
    "best_alg_id": 3,
    "split_k": 1,
    "lat_us": 49.049598693847656,
    "tops": 469.2870178222656
  },
  "3584_6272_1024": {
    "N": 3584,
    "K": 6272,
    "M": 1024,
    "best_alg_id": 2,
    "split_k": 1,
    "lat_us": 86.65087890625,
    "tops": 531.2892456054688
  },
  "3584_6272_2048": {
    "N": 3584,
    "K": 6272,
    "M": 2048,
    "best_alg_id": 3,
    "split_k": 1,
    "lat_us": 143.76959228515625,
    "tops": 640.4230346679688
  },
  "3584_6272_4096": {
    "N": 3584,
    "K": 6272,
    "M": 4096,
    "best_alg_id": 4,
    "split_k": 1,
    "lat_us": 256.34814453125,
    "tops": 718.3462524414062
  },
  "3584_6272_8192": {
    "N": 3584,
    "K": 6272,
    "M": 8192,
    "best_alg_id": 4,
    "split_k": 1,
    "lat_us": 494.7353820800781,
    "tops": 744.4251098632812
  },
  "3584_6272_16384": {
    "N": 3584,
    "K": 6272,
    "M": 16384,
    "best_alg_id": 4,
    "split_k": 1,
    "lat_us": 997.4578857421875,
    "tops": 738.4641723632812
  },
  "3584_6272_32768": {
    "N": 3584,
    "K": 6272,
    "M": 32768,
    "best_alg_id": 3,
    "split_k": 1,
    "lat_us": 1990.635498046875,
    "tops": 740.052001953125
  },
  "3584_6272_65536": {
    "N": 3584,
    "K": 6272,
    "M": 65536,
    "best_alg_id": 4,
    "split_k": 1,
    "lat_us": 3987.148681640625,
    "tops": 738.9610595703125
  },
  "37888_6272_64": {
    "N": 37888,
    "K": 6272,
    "M": 64,
    "best_alg_id": 1,
    "split_k": 1,
    "lat_us": 117.18655395507812,
    "tops": 259.561279296875
  },
  "37888_6272_128": {
    "N": 37888,
    "K": 6272,
    "M": 128,
    "best_alg_id": 0,
    "split_k": 1,
    "lat_us": 122.5932846069336,
    "tops": 496.22772216796875
  },
  "37888_6272_256": {
    "N": 37888,
    "K": 6272,
    "M": 256,
    "best_alg_id": 4,
    "split_k": 1,
    "lat_us": 165.9699249267578,
    "tops": 733.0748291015625
  },
  "37888_6272_512": {
    "N": 37888,
    "K": 6272,
    "M": 512,
    "best_alg_id": 4,
    "split_k": 1,
    "lat_us": 322.334716796875,
    "tops": 754.91943359375
  },
  "37888_6272_1024": {
    "N": 37888,
    "K": 6272,
    "M": 1024,
    "best_alg_id": 4,
    "split_k": 1,
    "lat_us": 607.1705322265625,
    "tops": 801.5433349609375
  },
  "37888_6272_2048": {
    "N": 37888,
    "K": 6272,
    "M": 2048,
    "best_alg_id": 4,
    "split_k": 1,
    "lat_us": 1302.65087890625,
    "tops": 747.2047729492188
  },
  "37888_6272_4096": {
    "N": 37888,
    "K": 6272,
    "M": 4096,
    "best_alg_id": 3,
    "split_k": 1,
    "lat_us": 2569.4208984375,
    "tops": 757.63916015625
  },
  "37888_6272_8192": {
    "N": 37888,
    "K": 6272,
    "M": 8192,
    "best_alg_id": 3,
    "split_k": 1,
    "lat_us": 5132.63623046875,
    "tops": 758.55517578125
  },
  "37888_6272_16384": {
    "N": 37888,
    "K": 6272,
    "M": 16384,
    "best_alg_id": 3,
    "split_k": 1,
    "lat_us": 10266.3984375,
    "tops": 758.4719848632812
  },
  "37888_6272_32768": {
    "N": 37888,
    "K": 6272,
    "M": 32768,
    "best_alg_id": 3,
    "split_k": 1,
    "lat_us": 20474.552734375,
    "tops": 760.629638671875
  },
  "37888_6272_65536": {
    "N": 37888,
    "K": 6272,
    "M": 65536,
    "best_alg_id": 3,
    "split_k": 1,
    "lat_us": 40946.13671875,
    "tops": 760.6847534179688
  }
}