{
  "4608_7168_64": {
    "N": 4608,
    "K": 7168,
    "M": 64,
    "best_alg_id": 1,
    "split_k": 1,
    "lat_us": 23.51103973388672,
    "tops": 179.8243865966797
  },
  "4608_7168_128": {
    "N": 4608,
    "K": 7168,
    "M": 128,
    "best_alg_id": 1,
    "split_k": 1,
    "lat_us": 25.825281143188477,
    "tops": 327.4201354980469
  },
  "4608_7168_256": {
    "N": 4608,
    "K": 7168,
    "M": 256,
    "best_alg_id": 0,
    "split_k": 1,
    "lat_us": 35.164161682128906,
    "tops": 480.9281005859375
  },
  "4608_7168_512": {
    "N": 4608,
    "K": 7168,
    "M": 512,
    "best_alg_id": 3,
    "split_k": 1,
    "lat_us": 55.33696365356445,
    "tops": 611.216552734375
  },
  "4608_7168_1024": {
    "N": 4608,
    "K": 7168,
    "M": 1024,
    "best_alg_id": 3,
    "split_k": 1,
    "lat_us": 108.09344482421875,
    "tops": 625.8079223632812
  },
  "4608_7168_2048": {
    "N": 4608,
    "K": 7168,
    "M": 2048,
    "best_alg_id": 4,
    "split_k": 1,
    "lat_us": 169.61537170410156,
    "tops": 797.6368408203125
  },
  "4608_7168_4096": {
    "N": 4608,
    "K": 7168,
    "M": 4096,
    "best_alg_id": 3,
    "split_k": 1,
    "lat_us": 366.0185546875,
    "tops": 739.2601928710938
  },
  "4608_7168_8192": {
    "N": 4608,
    "K": 7168,
    "M": 8192,
    "best_alg_id": 4,
    "split_k": 1,
    "lat_us": 700.3750610351562,
    "tops": 772.6801147460938
  },
  "4608_7168_16384": {
    "N": 4608,
    "K": 7168,
    "M": 16384,
    "best_alg_id": 4,
    "split_k": 1,
    "lat_us": 1447.424072265625,
    "tops": 747.7640991210938
  },
  "4608_7168_32768": {
    "N": 4608,
    "K": 7168,
    "M": 32768,
    "best_alg_id": 3,
    "split_k": 1,
    "lat_us": 2853.457763671875,
    "tops": 758.6106567382812
  },
  "4608_7168_65536": {
    "N": 4608,
    "K": 7168,
    "M": 65536,
    "best_alg_id": 3,
    "split_k": 1,
    "lat_us": 5717.19677734375,
    "tops": 757.2464599609375
  },
  "3584_7168_64": {
    "N": 3584,
    "K": 7168,
    "M": 64,
    "best_alg_id": 1,
    "split_k": 1,
    "lat_us": 26.255359649658203,
    "tops": 125.24430847167969
  },
  "3584_7168_128": {
    "N": 3584,
    "K": 7168,
    "M": 128,
    "best_alg_id": 1,
    "split_k": 1,
    "lat_us": 24.51456069946289,
    "tops": 268.2760009765625
  },
  "3584_7168_256": {
    "N": 3584,
    "K": 7168,
    "M": 256,
    "best_alg_id": 2,
    "split_k": 1,
    "lat_us": 34.140159606933594,
    "tops": 385.2746276855469
  },
  "3584_7168_512": {
    "N": 3584,
    "K": 7168,
    "M": 512,
    "best_alg_id": 4,
    "split_k": 1,
    "lat_us": 54.968318939208984,
    "tops": 478.578857421875
  },
  "3584_7168_1024": {
    "N": 3584,
    "K": 7168,
    "M": 1024,
    "best_alg_id": 2,
    "split_k": 1,
    "lat_us": 96.78848266601562,
    "tops": 543.5910034179688
  },
  "3584_7168_2048": {
    "N": 3584,
    "K": 7168,
    "M": 2048,
    "best_alg_id": 3,
    "split_k": 1,
    "lat_us": 162.1196746826172,
    "tops": 649.0680541992188
  },
  "3584_7168_4096": {
    "N": 3584,
    "K": 7168,
    "M": 4096,
    "best_alg_id": 3,
    "split_k": 1,
    "lat_us": 291.409912109375,
    "tops": 722.1902465820312
  },
  "3584_7168_8192": {
    "N": 3584,
    "K": 7168,
    "M": 8192,
    "best_alg_id": 4,
    "split_k": 1,
    "lat_us": 575.4265747070312,
    "tops": 731.4691772460938
  },
  "3584_7168_16384": {
    "N": 3584,
    "K": 7168,
    "M": 16384,
    "best_alg_id": 4,
    "split_k": 1,
    "lat_us": 1120.78857421875,
    "tops": 751.0904541015625
  },
  "3584_7168_32768": {
    "N": 3584,
    "K": 7168,
    "M": 32768,
    "best_alg_id": 3,
    "split_k": 1,
    "lat_us": 2266.5830078125,
    "tops": 742.8041381835938
  },
  "3584_7168_65536": {
    "N": 3584,
    "K": 7168,
    "M": 65536,
    "best_alg_id": 3,
    "split_k": 1,
    "lat_us": 4468.24462890625,
    "tops": 753.5966796875
  },
  "37888_7168_64": {
    "N": 37888,
    "K": 7168,
    "M": 64,
    "best_alg_id": 1,
    "split_k": 1,
    "lat_us": 133.7548828125,
    "tops": 259.896240234375
  },
  "37888_7168_128": {
    "N": 37888,
    "K": 7168,
    "M": 128,
    "best_alg_id": 0,
    "split_k": 1,
    "lat_us": 137.78944396972656,
    "tops": 504.5726318359375
  },
  "37888_7168_256": {
    "N": 37888,
    "K": 7168,
    "M": 256,
    "best_alg_id": 4,
    "split_k": 1,
    "lat_us": 185.44638061523438,
    "tops": 749.81005859375
  },
  "37888_7168_512": {
    "N": 37888,
    "K": 7168,
    "M": 512,
    "best_alg_id": 4,
    "split_k": 1,
    "lat_us": 366.9401550292969,
    "tops": 757.8869018554688
  },
  "37888_7168_1024": {
    "N": 37888,
    "K": 7168,
    "M": 1024,
    "best_alg_id": 4,
    "split_k": 1,
    "lat_us": 680.7142944335938,
    "tops": 817.080322265625
  },
  "37888_7168_2048": {
    "N": 37888,
    "K": 7168,
    "M": 2048,
    "best_alg_id": 4,
    "split_k": 1,
    "lat_us": 1460.6949462890625,
    "tops": 761.5529174804688
  },
  "37888_7168_4096": {
    "N": 37888,
    "K": 7168,
    "M": 4096,
    "best_alg_id": 3,
    "split_k": 1,
    "lat_us": 2929.172607421875,
    "tops": 759.529541015625
  },
  "37888_7168_8192": {
    "N": 37888,
    "K": 7168,
    "M": 8192,
    "best_alg_id": 3,
    "split_k": 1,
    "lat_us": 5856.17431640625,
    "tops": 759.8110961914062
  },
  "37888_7168_16384": {
    "N": 37888,
    "K": 7168,
    "M": 16384,
    "best_alg_id": 4,
    "split_k": 1,
    "lat_us": 11661.271484375,
    "tops": 763.1390991210938
  },
  "37888_7168_32768": {
    "N": 37888,
    "K": 7168,
    "M": 32768,
    "best_alg_id": 3,
    "split_k": 1,
    "lat_us": 23244.4296875,
    "tops": 765.70361328125
  },
  "37888_7168_65536": {
    "N": 37888,
    "K": 7168,
    "M": 65536,
    "best_alg_id": 3,
    "split_k": 1,
    "lat_us": 46540.203125,
    "tops": 764.85888671875
  }
}