{
    "elapsed_time": 1.0673835559282452,
    "num_requests": 128,
    "total_num_tokens": 32896,
    "requests_per_second": 119.91940412524474,
    "tokens_per_second": 30819.286860187898
}