{
    "elapsed_time": 1.044971828116104,
    "num_requests": 128,
    "total_num_tokens": 16512,
    "requests_per_second": 122.49134048978233,
    "tokens_per_second": 15801.382923181922
}