{
    "elapsed_time": 1.0382936529349536,
    "num_requests": 128,
    "total_num_tokens": 2176,
    "requests_per_second": 123.27918950306717,
    "tokens_per_second": 2095.746221552142
}