{
  "meta": {
    "model": "BitNet-2B4T-FP8E4M3",
    "dtype": "fp8e4m3",
    "outdtype": "fp32",
    "gpu": "NVIDIA GeForce RTX 5080",
    "gpu_short": "RTX5080",
    "cc": "cc120",
    "warmup": 5,
    "repeat": 10,
    "verify": false,
    "m_list": [
      16,
      256
    ],
    "nk_list": [
      [
        3840,
        2560
      ],
      [
        2560,
        2560
      ],
      [
        13824,
        2560
      ],
      [
        2560,
        6912
      ]
    ],
    "layout_names": [
      "TN_CC_Col",
      "NT_RR_Col",
      "NN_RC_Col",
      "TT_CR_Col",
      "TN_CC_Row",
      "NT_RR_Row",
      "NN_RC_Row",
      "TT_CR_Row",
      "TN_RR_Col",
      "NT_CC_Col",
      "NN_CR_Col",
      "TT_RC_Col",
      "TN_RR_Row",
      "NT_CC_Row",
      "NN_CR_Row",
      "TT_RC_Row"
    ],
    "is_sparse": false
  },
  "results": {
    "(3840,2560)": {
      "16": {
        "TN_CC_Col": {
          "tops": 37.49199295043945,
          "lat_us": 8.390399932861328,
          "best_alg_id": 35,
          "workspace": 0,
          "waves_count": 0.2380952388048172
        },
        "NT_RR_Col": {
          "tops": 37.49199295043945,
          "lat_us": 8.390399932861328,
          "best_alg_id": 35,
          "workspace": 0,
          "waves_count": 0.2380952388048172
        },
        "NN_RC_Col": {
          "tops": 37.39216613769531,
          "lat_us": 8.412799835205078,
          "best_alg_id": 35,
          "workspace": 0,
          "waves_count": 0.2380952388048172
        },
        "TT_CR_Col": {
          "tops": 37.44914627075195,
          "lat_us": 8.399999618530273,
          "best_alg_id": 35,
          "workspace": 0,
          "waves_count": 0.2380952388048172
        },
        "TN_CC_Row": {
          "tops": 29.58290672302246,
          "lat_us": 10.633600234985352,
          "best_alg_id": 35,
          "workspace": 0,
          "waves_count": 0.2380952388048172
        },
        "NT_RR_Row": {
          "tops": 29.591812133789062,
          "lat_us": 10.630399703979492,
          "best_alg_id": 35,
          "workspace": 0,
          "waves_count": 0.3571428656578064
        },
        "NN_RC_Row": {
          "tops": 29.591812133789062,
          "lat_us": 10.630399703979492,
          "best_alg_id": 35,
          "workspace": 0,
          "waves_count": 0.3571428656578064
        },
        "TT_CR_Row": {
          "tops": 25.296964645385742,
          "lat_us": 12.435199737548828,
          "best_alg_id": 35,
          "workspace": 0,
          "waves_count": 0.3571428656578064
        }
      },
      "256": {
        "TN_CC_Col": {
          "tops": 173.01332092285156,
          "lat_us": 29.091197967529297,
          "best_alg_id": 35,
          "workspace": 0,
          "waves_count": 0.9523809552192688
        },
        "NT_RR_Col": {
          "tops": 174.23995971679688,
          "lat_us": 28.886398315429688,
          "best_alg_id": 35,
          "workspace": 0,
          "waves_count": 0.9523809552192688
        },
        "NN_RC_Col": {
          "tops": 173.16567993164062,
          "lat_us": 29.065601348876953,
          "best_alg_id": 35,
          "workspace": 0,
          "waves_count": 1.4285714626312256
        },
        "TT_CR_Col": {
          "tops": 174.278564453125,
          "lat_us": 28.8799991607666,
          "best_alg_id": 35,
          "workspace": 0,
          "waves_count": 0.9523809552192688
        },
        "TN_CC_Row": {
          "tops": 173.12759399414062,
          "lat_us": 29.071996688842773,
          "best_alg_id": 35,
          "workspace": 0,
          "waves_count": 0.9523809552192688
        },
        "NT_RR_Row": {
          "tops": 174.23995971679688,
          "lat_us": 28.886398315429688,
          "best_alg_id": 35,
          "workspace": 0,
          "waves_count": 0.9523809552192688
        },
        "NN_RC_Row": {
          "tops": 173.22291564941406,
          "lat_us": 29.055999755859375,
          "best_alg_id": 35,
          "workspace": 0,
          "waves_count": 1.4285714626312256
        },
        "TT_CR_Row": {
          "tops": 173.8739776611328,
          "lat_us": 28.947200775146484,
          "best_alg_id": 35,
          "workspace": 0,
          "waves_count": 1.4285714626312256
        }
      }
    },
    "(2560,2560)": {
      "16": {
        "TN_CC_Col": {
          "tops": 24.796062469482422,
          "lat_us": 8.457600593566895,
          "best_alg_id": 35,
          "workspace": 0,
          "waves_count": 0.1587301641702652
        },
        "NT_RR_Col": {
          "tops": 24.918630599975586,
          "lat_us": 8.416000366210938,
          "best_alg_id": 35,
          "workspace": 0,
          "waves_count": 0.1587301641702652
        },
        "NN_RC_Col": {
          "tops": 24.909160614013672,
          "lat_us": 8.41919994354248,
          "best_alg_id": 35,
          "workspace": 0,
          "waves_count": 0.1587301641702652
        },
        "TT_CR_Col": {
          "tops": 24.861909866333008,
          "lat_us": 8.435200691223145,
          "best_alg_id": 35,
          "workspace": 0,
          "waves_count": 0.1587301641702652
        },
        "TN_CC_Row": {
          "tops": 24.947086334228516,
          "lat_us": 8.406400680541992,
          "best_alg_id": 35,
          "workspace": 0,
          "waves_count": 0.3174603283405304
        },
        "NT_RR_Row": {
          "tops": 24.947086334228516,
          "lat_us": 8.406400680541992,
          "best_alg_id": 35,
          "workspace": 0,
          "waves_count": 0.3174603283405304
        },
        "NN_RC_Row": {
          "tops": 24.928110122680664,
          "lat_us": 8.412799835205078,
          "best_alg_id": 35,
          "workspace": 0,
          "waves_count": 0.3174603283405304
        },
        "TT_CR_Row": {
          "tops": 24.937593460083008,
          "lat_us": 8.409600257873535,
          "best_alg_id": 35,
          "workspace": 0,
          "waves_count": 0.3174603283405304
        }
      },
      "256": {
        "TN_CC_Col": {
          "tops": 161.7174530029297,
          "lat_us": 20.74880027770996,
          "best_alg_id": 35,
          "workspace": 0,
          "waves_count": 0.4761904776096344
        },
        "NT_RR_Col": {
          "tops": 162.1175079345703,
          "lat_us": 20.697599411010742,
          "best_alg_id": 35,
          "workspace": 0,
          "waves_count": 0.4761904776096344
        },
        "NN_RC_Col": {
          "tops": 162.19273376464844,
          "lat_us": 20.687999725341797,
          "best_alg_id": 35,
          "workspace": 0,
          "waves_count": 0.6349206566810608
        },
        "TT_CR_Col": {
          "tops": 161.36903381347656,
          "lat_us": 20.79360008239746,
          "best_alg_id": 35,
          "workspace": 0,
          "waves_count": 0.4761904776096344
        },
        "TN_CC_Row": {
          "tops": 162.21783447265625,
          "lat_us": 20.684799194335938,
          "best_alg_id": 35,
          "workspace": 0,
          "waves_count": 0.4761904776096344
        },
        "NT_RR_Row": {
          "tops": 162.1676483154297,
          "lat_us": 20.691200256347656,
          "best_alg_id": 35,
          "workspace": 0,
          "waves_count": 0.4761904776096344
        },
        "NN_RC_Row": {
          "tops": 162.06739807128906,
          "lat_us": 20.703998565673828,
          "best_alg_id": 35,
          "workspace": 0,
          "waves_count": 0.6349206566810608
        },
        "TT_CR_Row": {
          "tops": 162.06739807128906,
          "lat_us": 20.703998565673828,
          "best_alg_id": 35,
          "workspace": 0,
          "waves_count": 0.4761904776096344
        }
      }
    },
    "(13824,2560)": {
      "16": {
        "TN_CC_Col": {
          "tops": 67.92598724365234,
          "lat_us": 16.672000885009766,
          "best_alg_id": 35,
          "workspace": 0,
          "waves_count": 0.8571428656578064
        },