{
    "elapsed_time": 8.769629761110991,
    "num_requests": 128,
    "total_num_tokens": 34816,
    "requests_per_second": 14.595827131450548,
    "tokens_per_second": 3970.0649797545493
}