{
    "elapsed_time": 13.916589566972107,
    "num_requests": 256,
    "total_num_tokens": 69632,
    "requests_per_second": 18.39531149266329,
    "tokens_per_second": 5003.524726004414
}