{
    "elapsed_time": 27.273959174286574,
    "num_requests": 512,
    "total_num_tokens": 139264,
    "requests_per_second": 18.772485385352667,
    "tokens_per_second": 5106.116024815926
}