{
    "elapsed_time": 7.033957667648792,
    "num_requests": 64,
    "total_num_tokens": 17408,
    "requests_per_second": 9.098718392115797,
    "tokens_per_second": 2474.8514026554967
}