{
    "elapsed_time": 4.038347078952938,
    "num_requests": 64,
    "total_num_tokens": 17408,
    "requests_per_second": 15.848068219186823,
    "tokens_per_second": 4310.674555618816
}