{
    "elapsed_time": 10.440623664762825,
    "num_requests": 128,
    "total_num_tokens": 34816,
    "requests_per_second": 12.259804022244463,
    "tokens_per_second": 3334.666694050494
}