{
    "elapsed_time": 5.2830804153345525,
    "num_requests": 128,
    "total_num_tokens": 34816,
    "requests_per_second": 24.22828916790099,
    "tokens_per_second": 6590.094653669069
}