{
    "elapsed_time": 16.575763021130115,
    "num_requests": 256,
    "total_num_tokens": 69632,
    "requests_per_second": 15.444236242618908,
    "tokens_per_second": 4200.832257992343
}