{
    "elapsed_time": 8.113847108092159,
    "num_requests": 64,
    "total_num_tokens": 17408,
    "requests_per_second": 7.887750304805604,
    "tokens_per_second": 2145.4680829071244
}