{
    "elapsed_time": 2.9494549743831158,
    "num_requests": 16,
    "total_num_tokens": 4352,
    "requests_per_second": 5.424731056742587,
    "tokens_per_second": 1475.5268474339837
}