{
    "elapsed_time": 32.44336625607684,
    "num_requests": 512,
    "total_num_tokens": 139264,
    "requests_per_second": 15.781346360878914,
    "tokens_per_second": 4292.526210159064
}