{
    "elapsed_time": 16.94639727473259,
    "num_requests": 512,
    "total_num_tokens": 139264,
    "requests_per_second": 30.21291143477452,
    "tokens_per_second": 8217.911910258668
}