{
    "elapsed_time": 8.753341770730913,
    "num_requests": 256,
    "total_num_tokens": 69632,
    "requests_per_second": 29.24597333283649,
    "tokens_per_second": 7954.904746531525
}