{
    "elapsed_time": 43.862554682418704,
    "num_requests": 256,
    "total_num_tokens": 69632,
    "requests_per_second": 5.836413356530091,
    "tokens_per_second": 1587.5044329761847
}