{
    "elapsed_time": 15.704889805056155,
    "num_requests": 128,
    "total_num_tokens": 34816,
    "requests_per_second": 8.150327801650075,
    "tokens_per_second": 2216.8891620488203
}