{
    "elapsed_time": 12.95969503885135,
    "num_requests": 64,
    "total_num_tokens": 17408,
    "requests_per_second": 4.938387809908872,
    "tokens_per_second": 1343.2414842952132
}