{
    "elapsed_time": 85.92010010778904,
    "num_requests": 512,
    "total_num_tokens": 139264,
    "requests_per_second": 5.959024714329737,
    "tokens_per_second": 1620.8547222976886
}