{
    "elapsed_time": 46.464244324248284,
    "num_requests": 512,
    "total_num_tokens": 139264,
    "requests_per_second": 11.019225803545517,
    "tokens_per_second": 2997.2294185643805
}