{
    "elapsed_time": 23.601974887773395,
    "num_requests": 256,
    "total_num_tokens": 69632,
    "requests_per_second": 10.846549969537358,
    "tokens_per_second": 2950.2615917141616
}