{
    "elapsed_time": 24.73972456017509,
    "num_requests": 64,
    "total_num_tokens": 17408,
    "requests_per_second": 2.5869326008190225,
    "tokens_per_second": 703.6456674227742
}