{
    "elapsed_time": 29.429070263635367,
    "num_requests": 128,
    "total_num_tokens": 34816,
    "requests_per_second": 4.349440837013659,
    "tokens_per_second": 1183.0479076677152
}