{
    "elapsed_time": 36.74101511500021,
    "num_requests": 2048,
    "total_num_tokens": 2099200,
    "requests_per_second": 55.74151921469,
    "tokens_per_second": 57135.057195057256
}