{
    "elapsed_time": 71.12736611299988,
    "num_requests": 4096,
    "total_num_tokens": 4198400,
    "requests_per_second": 57.58683645747116,
    "tokens_per_second": 59026.507368907936
}