{
    "elapsed_time": 7.557400547999805,
    "num_requests": 128,
    "total_num_tokens": 65664,
    "requests_per_second": 16.937040611652822,
    "tokens_per_second": 8688.701833777899
}