{
    "elapsed_time": 7.864976988999842,
    "num_requests": 128,
    "total_num_tokens": 131200,
    "requests_per_second": 16.27468207205489,
    "tokens_per_second": 16681.549123856264
}