{
    "elapsed_time": 9.842469608999636,
    "num_requests": 512,
    "total_num_tokens": 524800,
    "requests_per_second": 52.01946466076398,
    "tokens_per_second": 53319.95127728308
}