{
    "elapsed_time": 7.399292406999848,
    "num_requests": 256,
    "total_num_tokens": 262400,
    "requests_per_second": 34.597902869444646,
    "tokens_per_second": 35462.85044118076
}