{
    "elapsed_time": 18.886871864000113,
    "num_requests": 1024,
    "total_num_tokens": 1049600,
    "requests_per_second": 54.21755425533573,
    "tokens_per_second": 55572.99311171912
}