{
    "elapsed_time": 97.65677959099776,
    "num_requests": 4096,
    "total_num_tokens": 4198400,
    "requests_per_second": 41.94281254363194,
    "tokens_per_second": 42991.382857222736
}