{
    "elapsed_time": 8.185884317997989,
    "num_requests": 512,
    "total_num_tokens": 524800,
    "requests_per_second": 62.54669380976779,
    "tokens_per_second": 64110.36115501198
}