{
    "elapsed_time": 24.52269034800338,
    "num_requests": 1024,
    "total_num_tokens": 1049600,
    "requests_per_second": 41.757245451797395,
    "tokens_per_second": 42801.17658809233
}