{
    "elapsed_time": 10.902735661999031,
    "num_requests": 1024,
    "total_num_tokens": 1049600,
    "requests_per_second": 93.92138191234916,
    "tokens_per_second": 96269.4164601579
}