{
    "elapsed_time": 43.91750210900136,
    "num_requests": 4096,
    "total_num_tokens": 4198400,
    "requests_per_second": 93.26577795417197,
    "tokens_per_second": 95597.42240302627
}