{
    "elapsed_time": 48.83634344299935,
    "num_requests": 2048,
    "total_num_tokens": 2099200,
    "requests_per_second": 41.935981599244386,
    "tokens_per_second": 42984.381139225494
}