{
    "elapsed_time": 8.064799675001268,
    "num_requests": 128,
    "total_num_tokens": 131200,
    "requests_per_second": 15.871441964859452,
    "tokens_per_second": 16268.228013980939
}