{
    "elapsed_time": 583.0108690069974,
    "num_requests": 8192,
    "total_num_tokens": 8396800,
    "requests_per_second": 14.051196016212998,
    "tokens_per_second": 14402.475916618323
}