{
    "elapsed_time": 7.903095810997911,
    "num_requests": 128,
    "total_num_tokens": 65664,
    "requests_per_second": 16.196184768742878,
    "tokens_per_second": 8308.642786365095
}