{
    "elapsed_time": 8.866021193000051,
    "num_requests": 128,
    "total_num_tokens": 65664,
    "requests_per_second": 14.437141217422225,
    "tokens_per_second": 7406.2534445376
}