{
    "elapsed_time": 11.953220356001111,
    "num_requests": 512,
    "total_num_tokens": 524800,
    "requests_per_second": 42.833645222891796,
    "tokens_per_second": 43904.48635346409
}