{
    "elapsed_time": 8.54549687799954,
    "num_requests": 128,
    "total_num_tokens": 131200,
    "requests_per_second": 14.978649202896227,
    "tokens_per_second": 15353.115432968632
}