{
    "elapsed_time": 137.9591854220016,
    "num_requests": 8192,
    "total_num_tokens": 8396800,
    "requests_per_second": 59.37988090420797,
    "tokens_per_second": 60864.37792681317
}