{
    "elapsed_time": 8.913536441999895,
    "num_requests": 256,
    "total_num_tokens": 262400,
    "requests_per_second": 28.72036275004697,
    "tokens_per_second": 29438.371818798147
}