{
    "elapsed_time": 21.882320842996705,
    "num_requests": 2048,
    "total_num_tokens": 2099200,
    "requests_per_second": 93.59153513442104,
    "tokens_per_second": 95931.32351278157
}