{
    "elapsed_time": 8.039459380997869,
    "num_requests": 256,
    "total_num_tokens": 262400,
    "requests_per_second": 31.842937176233974,
    "tokens_per_second": 32639.01060563982
}