{
    "elapsed_time": 8.168836975000886,
    "num_requests": 128,
    "total_num_tokens": 16512,
    "requests_per_second": 15.669305237908254,
    "tokens_per_second": 2021.3403756901648
}