{
    "elapsed_time": 7.959934557999077,
    "num_requests": 128,
    "total_num_tokens": 2176,
    "requests_per_second": 16.080534213861164,
    "tokens_per_second": 273.3690816356398
}