{
    "elapsed_time": 8.095722902000489,
    "num_requests": 128,
    "total_num_tokens": 32896,
    "requests_per_second": 15.810817829297324,
    "tokens_per_second": 4063.3801821294123
}