{
    "elapsed_time": 7.512618814999769,
    "num_requests": 128,
    "total_num_tokens": 65664,
    "requests_per_second": 17.038000083863423,
    "tokens_per_second": 8740.494043021936
}