{
    "elapsed_time": 45.99646667200068,
    "num_requests": 1024,
    "total_num_tokens": 1049600,
    "requests_per_second": 22.26257958686503,
    "tokens_per_second": 22819.144076536657
}