{
    "elapsed_time": 248.762324972,
    "num_requests": 2048,
    "total_num_tokens": 2099200,
    "requests_per_second": 8.232757915534506,
    "tokens_per_second": 8438.576863422868
}