{
    "elapsed_time": 12.190253236999524,
    "num_requests": 256,
    "total_num_tokens": 262400,
    "requests_per_second": 21.00038407922452,
    "tokens_per_second": 21525.393681205136
}