{
    "elapsed_time": 7.711259151999911,
    "num_requests": 128,
    "total_num_tokens": 131200,
    "requests_per_second": 16.599104955097154,
    "tokens_per_second": 17014.082578974583
}