{
    "elapsed_time": 776.1157930749996,
    "num_requests": 4096,
    "total_num_tokens": 4198400,
    "requests_per_second": 5.27756300869938,
    "tokens_per_second": 5409.502083916864
}