{
    "elapsed_time": 23.41680705300041,
    "num_requests": 512,
    "total_num_tokens": 524800,
    "requests_per_second": 21.864637601581002,
    "tokens_per_second": 22411.25354162053
}