{
    "elapsed_time": 2.682319995000398,
    "num_requests": 64,
    "total_num_tokens": 17408,
    "requests_per_second": 23.859942184113084,
    "tokens_per_second": 6489.904274078759
}