{
    "elapsed_time": 3.3668038499999966,
    "num_requests": 128,
    "total_num_tokens": 34816,
    "requests_per_second": 38.018252830499804,
    "tokens_per_second": 10340.964769895945
}