{
    "elapsed_time": 4.603840868000589,
    "num_requests": 256,
    "total_num_tokens": 69632,
    "requests_per_second": 55.605744711845084,
    "tokens_per_second": 15124.762561621861
}