{
    "elapsed_time": 9.028735704999235,
    "num_requests": 512,
    "total_num_tokens": 139264,
    "requests_per_second": 56.707828950680685,
    "tokens_per_second": 15424.529474585146
}