{
    "elapsed_time": 3.651601235000271,
    "num_requests": 256,
    "total_num_tokens": 69632,
    "requests_per_second": 70.10623108193275,
    "tokens_per_second": 19068.894854285707
}