{
    "elapsed_time": 2.642054935997294,
    "num_requests": 128,
    "total_num_tokens": 34816,
    "requests_per_second": 48.44713796675237,
    "tokens_per_second": 13177.621526956646
}