{
    "elapsed_time": 4.009512635002466,
    "num_requests": 128,
    "total_num_tokens": 34816,
    "requests_per_second": 31.924079471050547,
    "tokens_per_second": 8683.349616125748
}