{
    "elapsed_time": 5.738204204997601,
    "num_requests": 256,
    "total_num_tokens": 69632,
    "requests_per_second": 44.61326067431353,
    "tokens_per_second": 12134.80690341328
}