{
    "elapsed_time": 1.4774300789995323,
    "num_requests": 16,
    "total_num_tokens": 4352,
    "requests_per_second": 10.829615714088265,
    "tokens_per_second": 2945.6554742320077
}