{
    "elapsed_time": 11.835563281998475,
    "num_requests": 512,
    "total_num_tokens": 139264,
    "requests_per_second": 43.259453546983785,
    "tokens_per_second": 11766.571364779591
}