{
    "elapsed_time": 2.0725164099967515,
    "num_requests": 64,
    "total_num_tokens": 17408,
    "requests_per_second": 30.88033450123578,
    "tokens_per_second": 8399.450984336132
}