{
    "elapsed_time": 7.118830788000196,
    "num_requests": 512,
    "total_num_tokens": 139264,
    "requests_per_second": 71.92192303026067,
    "tokens_per_second": 19562.7630642309
}