{
    "elapsed_time": 3.355548272997112,
    "num_requests": 64,
    "total_num_tokens": 17408,
    "requests_per_second": 19.07288907598889,
    "tokens_per_second": 5187.825828668978
}