{
    "elapsed_time": 15.746230210999784,
    "num_requests": 512,
    "total_num_tokens": 139264,
    "requests_per_second": 32.51571920003647,
    "tokens_per_second": 8844.27562240992
}