{
    "elapsed_time": 27.728930045996094,
    "num_requests": 256,
    "total_num_tokens": 69632,
    "requests_per_second": 9.23223505470111,
    "tokens_per_second": 2511.167934878702
}