{
    "elapsed_time": 5.20345430499583,
    "num_requests": 128,
    "total_num_tokens": 34816,
    "requests_per_second": 24.59904373083614,
    "tokens_per_second": 6690.93989478743
}