{
    "elapsed_time": 90.4164324049998,
    "num_requests": 512,
    "total_num_tokens": 139264,
    "requests_per_second": 5.662687482587376,
    "tokens_per_second": 1540.2509952637665
}