{
    "elapsed_time": 4.557475447996694,
    "num_requests": 64,
    "total_num_tokens": 17408,
    "requests_per_second": 14.04286226668147,
    "tokens_per_second": 3819.6585365373594
}