{
    "elapsed_time": 13.71327492799901,
    "num_requests": 128,
    "total_num_tokens": 34816,
    "requests_per_second": 9.334021280260096,
    "tokens_per_second": 2538.8537882307464
}