{
    "elapsed_time": 10.372117070997774,
    "num_requests": 64,
    "total_num_tokens": 17408,
    "requests_per_second": 6.170389281370052,
    "tokens_per_second": 1678.345884532654
}