{
    "elapsed_time": 8.120558428003278,
    "num_requests": 256,
    "total_num_tokens": 69632,
    "requests_per_second": 31.52492556635006,
    "tokens_per_second": 8574.779754047217
}