{
    "elapsed_time": 9.528126141987741,
    "num_requests": 512,
    "total_num_tokens": 139264,
    "requests_per_second": 53.73564459267197,
    "tokens_per_second": 14616.095329206775
}