{
    "elapsed_time": 4.374328859848902,
    "num_requests": 256,
    "total_num_tokens": 69632,
    "requests_per_second": 58.52326338556145,
    "tokens_per_second": 15918.327640872714
}