{
    "elapsed_time": 1.9928049929440022,
    "num_requests": 64,
    "total_num_tokens": 17408,
    "requests_per_second": 32.11553575317563,
    "tokens_per_second": 8735.42572486377
}