{
    "elapsed_time": 2.4520448648836464,
    "num_requests": 128,
    "total_num_tokens": 34816,
    "requests_per_second": 52.201328708589436,
    "tokens_per_second": 14198.761408736327
}