{
    "elapsed_time": 2.1169387199915946,
    "num_requests": 64,
    "total_num_tokens": 17408,
    "requests_per_second": 30.23233473676277,
    "tokens_per_second": 8223.195048399473
}