{
    "elapsed_time": 5.228031343081966,
    "num_requests": 256,
    "total_num_tokens": 69632,
    "requests_per_second": 48.96680666208209,
    "tokens_per_second": 13318.971412086328
}