{
    "elapsed_time": 1.161046386929229,
    "num_requests": 64,
    "total_num_tokens": 17408,
    "requests_per_second": 55.122689946324336,
    "tokens_per_second": 14993.371665400218
}