{
    "elapsed_time": 3.03845305996947,
    "num_requests": 256,
    "total_num_tokens": 69632,
    "requests_per_second": 84.2533996567886,
    "tokens_per_second": 22916.9247066465
}