{
    "elapsed_time": 5.945625610882416,
    "num_requests": 512,
    "total_num_tokens": 139264,
    "requests_per_second": 86.11373024612827,
    "tokens_per_second": 23422.934626946888
}