{
    "elapsed_time": 12.197517829947174,
    "num_requests": 512,
    "total_num_tokens": 139264,
    "requests_per_second": 41.97575335720722,
    "tokens_per_second": 11417.404913160364
}