{
    "elapsed_time": 1.6146750659681857,
    "num_requests": 128,
    "total_num_tokens": 34816,
    "requests_per_second": 79.27291546008304,
    "tokens_per_second": 21562.23300514259
}