{
    "elapsed_time": 2.852972494903952,
    "num_requests": 128,
    "total_num_tokens": 34816,
    "requests_per_second": 44.86548686629005,
    "tokens_per_second": 12203.412427630892
}