{
    "elapsed_time": 3.97727158293128,
    "num_requests": 128,
    "total_num_tokens": 34816,
    "requests_per_second": 32.18286640251582,
    "tokens_per_second": 8753.739661484302
}