{
    "elapsed_time": 28.40859824582003,
    "num_requests": 512,
    "total_num_tokens": 139264,
    "requests_per_second": 18.022712545323646,
    "tokens_per_second": 4902.177812328032
}