{
    "elapsed_time": 10.075554725946859,
    "num_requests": 256,
    "total_num_tokens": 69632,
    "requests_per_second": 25.408030323208056,
    "tokens_per_second": 6910.984247912591
}