{
    "elapsed_time": 3.3184336030390114,
    "num_requests": 64,
    "total_num_tokens": 17408,
    "requests_per_second": 19.28620778833393,
    "tokens_per_second": 5245.848518426828
}