{
    "elapsed_time": 29.850198350846767,
    "num_requests": 512,
    "total_num_tokens": 524800,
    "requests_per_second": 17.15231483496913,
    "tokens_per_second": 17581.122705843354
}