{
    "elapsed_time": 120.28910616459325,
    "num_requests": 2048,
    "total_num_tokens": 2099200,
    "requests_per_second": 17.025648167986994,
    "tokens_per_second": 17451.289372186668
}