{
    "elapsed_time": 60.78358541196212,
    "num_requests": 1024,
    "total_num_tokens": 1049600,
    "requests_per_second": 16.84665346836349,
    "tokens_per_second": 17267.819805072577
}