{
    "elapsed_time": 239.4129197401926,
    "num_requests": 4096,
    "total_num_tokens": 4198400,
    "requests_per_second": 17.10851696911311,
    "tokens_per_second": 17536.229893340937
}