{
    "elapsed_time": 4.209927183110267,
    "num_requests": 128,
    "total_num_tokens": 65664,
    "requests_per_second": 30.404326353558076,
    "tokens_per_second": 15597.419419375292
}