{
    "elapsed_time": 7.536472849082202,
    "num_requests": 128,
    "total_num_tokens": 131200,
    "requests_per_second": 16.984072332402544,
    "tokens_per_second": 17408.674140712606
}