{
    "elapsed_time": 13.937010590918362,
    "num_requests": 256,
    "total_num_tokens": 262400,
    "requests_per_second": 18.368358001163806,
    "tokens_per_second": 18827.5669511929
}