{
    "elapsed_time": 31.746088059153408,
    "num_requests": 1024,
    "total_num_tokens": 1049600,
    "requests_per_second": 32.25594278236585,
    "tokens_per_second": 33062.341351924995
}