{
    "elapsed_time": 141.80072845891118,
    "num_requests": 2048,
    "total_num_tokens": 2099200,
    "requests_per_second": 14.442803095990001,
    "tokens_per_second": 14803.873173389753
}