{
    "elapsed_time": 15.407526187133044,
    "num_requests": 512,
    "total_num_tokens": 524800,
    "requests_per_second": 33.23051304806969,
    "tokens_per_second": 34061.27587427143
}