{
    "elapsed_time": 2.2443429571576416,
    "num_requests": 128,
    "total_num_tokens": 65664,
    "requests_per_second": 57.03228180514184,
    "tokens_per_second": 29257.560566037766
}