{
    "elapsed_time": 8.565583121031523,
    "num_requests": 128,
    "total_num_tokens": 131200,
    "requests_per_second": 14.943524356878276,
    "tokens_per_second": 15317.112465800232
}