{
    "elapsed_time": 1.6385841378942132,
    "num_requests": 128,
    "total_num_tokens": 16512,
    "requests_per_second": 78.1162206076864,
    "tokens_per_second": 10076.992458391547
}