{
    "elapsed_time": 1.5216529611498117,
    "num_requests": 128,
    "total_num_tokens": 2176,
    "requests_per_second": 84.11904900002884,
    "tokens_per_second": 1430.0238330004904
}