{
    "elapsed_time": 62.99240089068189,
    "num_requests": 2048,
    "total_num_tokens": 2099200,
    "requests_per_second": 32.511858113713345,
    "tokens_per_second": 33324.65456655618
}