{
    "elapsed_time": 16.70478227781132,
    "num_requests": 256,
    "total_num_tokens": 262400,
    "requests_per_second": 15.324952803487927,
    "tokens_per_second": 15708.076623575125
}