{
    "elapsed_time": 1.7875046553090215,
    "num_requests": 128,
    "total_num_tokens": 32896,
    "requests_per_second": 71.60820511422475,
    "tokens_per_second": 18403.308714355757
}