{
    "elapsed_time": 249.28378166723996,
    "num_requests": 8192,
    "total_num_tokens": 8396800,
    "requests_per_second": 32.86214588534769,
    "tokens_per_second": 33683.699532481376
}