{
    "elapsed_time": 35.26605464797467,
    "num_requests": 512,
    "total_num_tokens": 524800,
    "requests_per_second": 14.518210361515566,
    "tokens_per_second": 14881.165620553455
}