{
    "elapsed_time": 366.3991150893271,
    "num_requests": 4096,
    "total_num_tokens": 4198400,
    "requests_per_second": 11.17906630042326,
    "tokens_per_second": 11458.542957933842
}