{
    "elapsed_time": 71.59370210720226,
    "num_requests": 1024,
    "total_num_tokens": 1049600,
    "requests_per_second": 14.302934055102963,
    "tokens_per_second": 14660.507406480538
}