{
    "elapsed_time": 7.555004228837788,
    "num_requests": 256,
    "total_num_tokens": 262400,
    "requests_per_second": 33.884825507156776,
    "tokens_per_second": 34731.946144835696
}