{
    "elapsed_time": 4.719511985778809,
    "num_requests": 128,
    "total_num_tokens": 65664,
    "requests_per_second": 27.12144823144836,
    "tokens_per_second": 13913.302942733008
}