{
    "elapsed_time": 4.114131698384881,
    "num_requests": 128,
    "total_num_tokens": 131200,
    "requests_per_second": 31.11227578112048,
    "tokens_per_second": 31890.082675648493
}