{
    "elapsed_time": 565.092481713742,
    "num_requests": 8192,
    "total_num_tokens": 8396800,
    "requests_per_second": 14.496742152994717,
    "tokens_per_second": 14859.160706819584
}