{
    "elapsed_time": 128.42746113892645,
    "num_requests": 4096,
    "total_num_tokens": 4198400,
    "requests_per_second": 31.893490408325917,
    "tokens_per_second": 32690.827668534064
}