{
    "elapsed_time": 33.90776385134086,
    "num_requests": 256,
    "total_num_tokens": 262400,
    "requests_per_second": 7.549893325975746,
    "tokens_per_second": 7738.640659125139
}