{
    "elapsed_time": 67.68101653689519,
    "num_requests": 512,
    "total_num_tokens": 524800,
    "requests_per_second": 7.564898197427216,
    "tokens_per_second": 7754.020652362897
}