{
    "elapsed_time": 3835.971004355233,
    "num_requests": 4096,
    "total_num_tokens": 4198400,
    "requests_per_second": 1.0677870076049947,
    "tokens_per_second": 1094.4816827951195
}