{
    "elapsed_time": 17.11697475798428,
    "num_requests": 128,
    "total_num_tokens": 65664,
    "requests_per_second": 7.477956929292888,
    "tokens_per_second": 3836.1919047272513
}