{
    "elapsed_time": 1560.5718193030916,
    "num_requests": 2048,
    "total_num_tokens": 2099200,
    "requests_per_second": 1.3123394736902148,
    "tokens_per_second": 1345.14796053247
}