{
    "elapsed_time": 241.2337257983163,
    "num_requests": 1024,
    "total_num_tokens": 1049600,
    "requests_per_second": 4.244845933591044,
    "tokens_per_second": 4350.96708193082
}