{
    "elapsed_time": 10.677409519907087,
    "num_requests": 128,
    "total_num_tokens": 65664,
    "requests_per_second": 11.987926449889864,
    "tokens_per_second": 6149.8062687935
}