{
    "elapsed_time": 118.77499669697136,
    "num_requests": 512,
    "total_num_tokens": 524800,
    "requests_per_second": 4.310671557468083,
    "tokens_per_second": 4418.438346404786
}