{
    "elapsed_time": 59.92398518091068,
    "num_requests": 256,
    "total_num_tokens": 262400,
    "requests_per_second": 4.27207902189975,
    "tokens_per_second": 4378.880997447244
}