{
    "elapsed_time": 1922.2809083061293,
    "num_requests": 8192,
    "total_num_tokens": 8396800,
    "requests_per_second": 4.2616039958585485,
    "tokens_per_second": 4368.144095755012
}