{
    "elapsed_time": 17.38043901603669,
    "num_requests": 128,
    "total_num_tokens": 131200,
    "requests_per_second": 7.3646010829701245,
    "tokens_per_second": 7548.716110044377
}