{
    "elapsed_time": 539.8823293638416,
    "num_requests": 4096,
    "total_num_tokens": 4198400,
    "requests_per_second": 7.586838422414068,
    "tokens_per_second": 7776.50938297442
}