{
    "elapsed_time": 137.4940490364097,
    "num_requests": 1024,
    "total_num_tokens": 1049600,
    "requests_per_second": 7.447595057214697,
    "tokens_per_second": 7633.784933645064
}