{
    "elapsed_time": 29.67056496301666,
    "num_requests": 128,
    "total_num_tokens": 131200,
    "requests_per_second": 4.314039862724138,
    "tokens_per_second": 4421.890859292242
}