{
    "elapsed_time": 476.6154714212753,
    "num_requests": 2048,
    "total_num_tokens": 2099200,
    "requests_per_second": 4.296965001771406,
    "tokens_per_second": 4404.389126815692
}