{
    "elapsed_time": 8.007692876970395,
    "num_requests": 512,
    "total_num_tokens": 139264,
    "requests_per_second": 63.93851610773919,
    "tokens_per_second": 17391.27638130506
}