{
    "elapsed_time": 4.107258328003809,
    "num_requests": 256,
    "total_num_tokens": 69632,
    "requests_per_second": 62.328682433865794,
    "tokens_per_second": 16953.401622011497
}