{
    "elapsed_time": 2.9678809449542314,
    "num_requests": 128,
    "total_num_tokens": 34816,
    "requests_per_second": 43.12841464130022,
    "tokens_per_second": 11730.928782433659
}