{
    "elapsed_time": 2.205153294838965,
    "num_requests": 64,
    "total_num_tokens": 17408,
    "requests_per_second": 29.02292559423798,
    "tokens_per_second": 7894.23576163273
}