{
    "elapsed_time": 8.933731797966175,
    "num_requests": 512,
    "total_num_tokens": 139264,
    "requests_per_second": 57.310876527159714,
    "tokens_per_second": 15588.558415387442
}