{
    "elapsed_time": 4.628065502969548,
    "num_requests": 256,
    "total_num_tokens": 69632,
    "requests_per_second": 55.31468814253825,
    "tokens_per_second": 15045.595174770406
}