{
    "elapsed_time": 3.184216666035354,
    "num_requests": 128,
    "total_num_tokens": 34816,
    "requests_per_second": 40.19826959808357,
    "tokens_per_second": 10933.929330678731
}