{
    "elapsed_time": 2.5046848070342094,
    "num_requests": 64,
    "total_num_tokens": 17408,
    "requests_per_second": 25.552117304445275,
    "tokens_per_second": 6950.175906809115
}