{
    "elapsed_time": 2.9441777149913833,
    "num_requests": 256,
    "total_num_tokens": 69632,
    "requests_per_second": 86.95127291280012,
    "tokens_per_second": 23650.746232281632
}