{
    "elapsed_time": 2.258645428926684,
    "num_requests": 128,
    "total_num_tokens": 34816,
    "requests_per_second": 56.67113499121729,
    "tokens_per_second": 15414.548717611106
}