{
    "elapsed_time": 1.5587000160012394,
    "num_requests": 64,
    "total_num_tokens": 17408,
    "requests_per_second": 41.05985715210842,
    "tokens_per_second": 11168.28114537349
}