{
    "elapsed_time": 5.761238488950767,
    "num_requests": 512,
    "total_num_tokens": 139264,
    "requests_per_second": 88.86978051367652,
    "tokens_per_second": 24172.580299720015
}