{
    "elapsed_time": 1.0414603829849511,
    "num_requests": 16,
    "total_num_tokens": 4352,
    "requests_per_second": 15.363042379146549,
    "tokens_per_second": 4178.747527127862
}