{
    "elapsed_time": 3.0483175470726565,
    "num_requests": 64,
    "total_num_tokens": 17408,
    "requests_per_second": 20.99518800508829,
    "tokens_per_second": 5710.691137384015
}