{
    "elapsed_time": 3.891198545927182,
    "num_requests": 128,
    "total_num_tokens": 34816,
    "requests_per_second": 32.89474913429291,
    "tokens_per_second": 8947.371764527672
}