{
    "elapsed_time": 20.94413728499785,
    "num_requests": 512,
    "total_num_tokens": 139264,
    "requests_per_second": 24.44598185320062,
    "tokens_per_second": 6649.307064070569
}