{
    "elapsed_time": 4.93370742094703,
    "num_requests": 64,
    "total_num_tokens": 17408,
    "requests_per_second": 12.971989325567899,
    "tokens_per_second": 3528.381096554468
}