{
    "elapsed_time": 12.189630795037374,
    "num_requests": 512,
    "total_num_tokens": 139264,
    "requests_per_second": 42.00291285347582,
    "tokens_per_second": 11424.792296145422
}