{
    "elapsed_time": 10.16125624999404,
    "num_requests": 256,
    "total_num_tokens": 69632,
    "requests_per_second": 25.19373527265885,
    "tokens_per_second": 6852.695994163207
}