{
    "elapsed_time": 6.02435654506553,
    "num_requests": 256,
    "total_num_tokens": 69632,
    "requests_per_second": 42.49416482656329,
    "tokens_per_second": 11558.412832825215
}