{
    "elapsed_time": 6.412884571007453,
    "num_requests": 128,
    "total_num_tokens": 34816,
    "requests_per_second": 19.959816613367085,
    "tokens_per_second": 5429.070118835847
}