{
  "meta": {
    "model": "BitNet-2B4T-FP8E4M3",
    "dtype": "fp8e4m3",
    "outdtype": "bf16",
    "gpu": "NVIDIA GeForce RTX 5080",
    "gpu_short": "RTX5080",
    "cc": "cc120",
    "warmup": 25,
    "repeat": 100,
    "verify": false,
    "m_list": [
      16,
      256,
      1024
    ],
    "nk_list": [
      [
        3840,
        2560
      ],
      [
        2560,
        2560
      ],
      [
        13824,
        2560
      ],
      [
        2560,
        6912
      ]
    ],
    "layout_names": [
      "TN_CC_Col",
      "NT_RR_Col",
      "NN_RC_Col",
      "TT_CR_Col",
      "TN_CC_Row",
      "NT_RR_Row",
      "NN_RC_Row",
      "TT_CR_Row",
      "TN_RR_Col",
      "NT_CC_Col",
      "NN_CR_Col",
      "TT_RC_Col",
      "TN_RR_Row",
      "NT_CC_Row",
      "NN_CR_Row",
      "TT_RC_Row"
    ],
    "is_sparse": true
  },
  "results": {
    "(3840,2560)": {
      "16": {
        "TN_CC_Col": {
          "tops": 25.59866714477539,
          "lat_us": 12.288640022277832,
          "best_alg_id": 2,
          "workspace": 0,
          "best_split_k": -1
        },
        "NT_RR_Col": {
          "tops": 25.5866756439209,
          "lat_us": 12.29439926147461,
          "best_alg_id": 2,
          "workspace": 0,
          "best_split_k": -1
        },
        "NN_RC_Col": {
          "tops": 25.584674835205078,
          "lat_us": 12.295360565185547,
          "best_alg_id": 2,
          "workspace": 0,
          "best_split_k": 1
        },
        "TT_CR_Col": {
          "tops": 25.60466957092285,
          "lat_us": 12.285758972167969,
          "best_alg_id": 2,
          "workspace": 0,
          "best_split_k": -1
        },
        "TN_CC_Row": {
          "tops": 25.59800148010254,
          "lat_us": 12.288959503173828,
          "best_alg_id": 2,
          "workspace": 0,
          "best_split_k": 2
        },
        "NT_RR_Row": {
          "tops": 25.592668533325195,
          "lat_us": 12.291520118713379,
          "best_alg_id": 2,
          "workspace": 0,
          "best_split_k": 2
        },
        "NN_RC_Row": {
          "tops": 25.590003967285156,
          "lat_us": 12.292799949645996,
          "best_alg_id": 2,
          "workspace": 0,
          "best_split_k": 1
        },
        "TT_CR_Row": {
          "tops": 25.59333610534668,
          "lat_us": 12.291199684143066,
          "best_alg_id": 2,
          "workspace": 0,
          "best_split_k": -1
        }
      },
      "256": {
        "TN_CC_Col": {
          "tops": 245.6256866455078,
          "lat_us": 20.491199493408203,
          "best_alg_id": 0,
          "workspace": 0,
          "best_split_k": 1
        },
        "NT_RR_Col": {
          "tops": 245.760009765625,
          "lat_us": 20.479999542236328,
          "best_alg_id": 0,
          "workspace": 0,
          "best_split_k": 8
        },
        "NN_RC_Col": {
          "tops": 245.59881591796875,
          "lat_us": 20.493440628051758,
          "best_alg_id": 0,
          "workspace": 0,
          "best_split_k": 2
        },
        "TT_CR_Col": {
          "tops": 245.7062530517578,
          "lat_us": 20.484479904174805,
          "best_alg_id": 0,
          "workspace": 0,
          "best_split_k": 1
        },
        "TN_CC_Row": {
          "tops": 245.4493408203125,
          "lat_us": 20.50592041015625,
          "best_alg_id": 0,
          "workspace": 0,
          "best_split_k": 1
        },
        "NT_RR_Row": {
          "tops": 245.7753448486328,
          "lat_us": 20.478721618652344,
          "best_alg_id": 0,
          "workspace": 0,
          "best_split_k": 8
        },
        "NN_RC_Row": {
          "tops": 245.7984161376953,
          "lat_us": 20.47679901123047,
          "best_alg_id": 0,
          "workspace": 0,
          "best_split_k": 4
        },
        "TT_CR_Row": {
          "tops": 245.6947479248047,
          "lat_us": 20.48543930053711,
          "best_alg_id": 0,
          "workspace": 0,
          "best_split_k": -1
        }
      },
      "1024": {
        "TN_CC_Col": {
          "tops": 363.99407958984375,
          "lat_us": 55.310401916503906,
          "best_alg_id": 0,
          "workspace": 0,
          "best_split_k": 1
        },
        "NT_RR_Col": {
          "tops": 364.0130615234375,
          "lat_us": 55.307518005371094,
          "best_alg_id": 0,
          "workspace": 0,
          "best_split_k": -1
        },
        "NN_RC_Col": {
          "tops": 364.181640625,
          "lat_us": 55.281917572021484,
          "best_alg_id": 0,
          "workspace": 0,
          "best_split_k": 1
        },
        "TT_CR_Col": {
          "tops": 363.9751281738281,
          "lat_us": 55.31328201293945,
          "best_alg_id": 0,
          "workspace": 0,
          "best_split_k": 1
        },
        "TN_CC_Row": {
          "tops": 364.1204833984375,
          "lat_us": 55.291202545166016,
          "best_alg_id": 0,
          "workspace": 0,
          "best_split_k": 2
        },
        "NT_RR_Row": {
          "tops": 363.9898986816406,
          "lat_us": 55.311038970947266,
          "best_alg_id": 0,
          "workspace": 0,
          "best_split_k": 4
        },
        "NN_RC_Row": {
          "tops": 363.8551330566406,
          "lat_us": 55.33152389526367,
          "best_alg_id": 2,
          "workspace": 0,
          "best_split_k": 1
        },
        "TT_CR_Row": {
          "tops": 363.8488464355469,
          "lat_us": 55.332481384277344,
          "best_alg_id": 0,
          "workspace": 0,
          "best_split_k": -1
        }
      }
    },
    "(2560,2560)": {
      "16": {
        "TN_CC_Col": {
          "tops": 17.067554473876953,
          "lat_us": 12.287361145019531,
          "best_alg_id": 2,
          "workspace": 0,
          "best_split_k": 2
        },
        "NT_RR_Col": {
          "tops": 17.059560775756836,
          "lat_us": 12.293118476867676,
          "best_alg_id": 2,
          "workspace": 0,
          "best_split_k": 2
        },
        "NN_RC_Col": {
          "tops": 17.058225631713867,
          "lat_us": 12.29408073425293,
          "best_alg_id": 2,
          "workspace": 0,
          "best_split_k": 1
        },
        "TT_CR_Col": {
          "tops": 17.06000328063965,
          "lat_us": 12.292799949645996,
          "best_alg_id": 2,
          "workspace": 0,
          "best_split_k": 2
        },
        "TN_CC_Row": {
          "tops": 17.07066535949707,
          "lat_us": 12.285120964050293,
          "best_alg_id": 2,
          "workspace": 0,
          "best_split_k": 2
        },
        "NT_RR_Row": {
          "tops": 17.058671951293945,
          "lat_us": 12.2937593460083,
          "best_alg_id": 2,
          "workspace": 0,
          "best_split_k": 2
        },
        "NN_RC_Row": {
          "tops": 17.068889617919922,
          "lat_us": 12.286399841308594,
          "best_alg_id": 2,
          "workspace": 0,
          "best_split_k": 2
        },
        "TT_CR_Row": {
          "tops": 17.068889617919922,
          "lat_us": 12.286399841308594,
          "best_alg_id": 2,
          "workspace": 0,
          "best_split_k": -1
        }
      },
      "256": {
        "TN_CC_Col": {
          "tops": 260.7100830078125,
          "lat_us": 12.870400428771973,
          "best_alg_id": 2,
          "workspace": 0,
          "best_split_k": 2
        },
        "NT_RR_Col": {
          "tops": 259.94744873046875,
          "lat_us": 12.908159255981445,
          "best_alg_id": 2,
          "workspace": 0,
          "best_split_k": 1
        },
        "NN_RC_Col": {
          "tops": 261.55548095703125,
          "lat_us": 12.828800201416016,
          "best_alg_id": 2,
          "workspace": 0,
          "best_split_k": 2
        },
        "TT_CR_Col": {
          "tops": 264.93243408203125,
          "lat_us": 12.665279388427734,
          "best_alg_id": 2,
          "workspace": 0,
          "best_split_k": 4
        },