{
    "elapsed_time": 4.574458085000515,
    "num_requests": 256,
    "total_num_tokens": 69632,
    "requests_per_second": 55.9629130365004,
    "tokens_per_second": 15221.91234592811
}