{
    "elapsed_time": 2.078635091893375,
    "num_requests": 64,
    "total_num_tokens": 17408,
    "requests_per_second": 30.78943497567149,
    "tokens_per_second": 8374.726313382645
}