{
    "elapsed_time": 2.5903376729693264,
    "num_requests": 128,
    "total_num_tokens": 34816,
    "requests_per_second": 49.41440698473589,
    "tokens_per_second": 13440.718699848163
}