{
    "elapsed_time": 10.235115729970858,
    "num_requests": 512,
    "total_num_tokens": 139264,
    "requests_per_second": 50.02386035565206,
    "tokens_per_second": 13606.490016737362
}