{
    "elapsed_time": 2.252093897899613,
    "num_requests": 64,
    "total_num_tokens": 17408,
    "requests_per_second": 28.41799805047596,
    "tokens_per_second": 7729.6954697294605
}