{
    "elapsed_time": 1.6719596330076456,
    "num_requests": 128,
    "total_num_tokens": 34816,
    "requests_per_second": 76.55687223126557,
    "tokens_per_second": 20823.469246904235
}