{
    "elapsed_time": 12.95831174380146,
    "num_requests": 512,
    "total_num_tokens": 139264,
    "requests_per_second": 39.51131984804367,
    "tokens_per_second": 10747.07899866788
}