{
    "elapsed_time": 3.070905687054619,
    "num_requests": 256,
    "total_num_tokens": 69632,
    "requests_per_second": 83.36302905008323,
    "tokens_per_second": 22674.743901622638
}