{
    "elapsed_time": 1.1749498080462217,
    "num_requests": 64,
    "total_num_tokens": 17408,
    "requests_per_second": 54.470411894805196,
    "tokens_per_second": 14815.952035387014
}