{
    "elapsed_time": 6.328639924991876,
    "num_requests": 512,
    "total_num_tokens": 139264,
    "requests_per_second": 80.90205890496405,
    "tokens_per_second": 22005.36002215022
}