{
    "elapsed_time": 2.9700171288568527,
    "num_requests": 128,
    "total_num_tokens": 34816,
    "requests_per_second": 43.09739454238996,
    "tokens_per_second": 11722.491315530067
}