{
    "elapsed_time": 1.6709335211198777,
    "num_requests": 128,
    "total_num_tokens": 34816,
    "requests_per_second": 76.60388542221177,
    "tokens_per_second": 20836.256834841606
}