{
    "elapsed_time": 3.1646295220125467,
    "num_requests": 256,
    "total_num_tokens": 69632,
    "requests_per_second": 80.89414518170733,
    "tokens_per_second": 22003.207489424392
}