{
    "elapsed_time": 5.465856418944895,
    "num_requests": 256,
    "total_num_tokens": 69632,
    "requests_per_second": 46.83621017059521,
    "tokens_per_second": 12739.449166401897
}