{
    "elapsed_time": 0.9071980270091444,
    "num_requests": 16,
    "total_num_tokens": 4352,
    "requests_per_second": 17.636722659934446,
    "tokens_per_second": 4797.18856350217
}