{
    "elapsed_time": 0.8997826059348881,
    "num_requests": 16,
    "total_num_tokens": 4352,
    "requests_per_second": 17.78207301904414,
    "tokens_per_second": 4836.723861180006
}