{
    "elapsed_time": 3.244192267069593,
    "num_requests": 64,
    "total_num_tokens": 17408,
    "requests_per_second": 19.72756073973685,
    "tokens_per_second": 5365.896521208424
}