{
    "elapsed_time": 3.9309207280166447,
    "num_requests": 128,
    "total_num_tokens": 34816,
    "requests_per_second": 32.562345785228466,
    "tokens_per_second": 8856.958053582142
}