{
    "elapsed_time": 20.047223228029907,
    "num_requests": 512,
    "total_num_tokens": 139264,
    "requests_per_second": 25.53969665405455,
    "tokens_per_second": 6946.797489902837
}