{
    "elapsed_time": 2.5840945260133594,
    "num_requests": 256,
    "total_num_tokens": 69632,
    "requests_per_second": 99.06758341187575,
    "tokens_per_second": 26946.382688030204
}