{
    "elapsed_time": 7.405050312867388,
    "num_requests": 256,
    "total_num_tokens": 69632,
    "requests_per_second": 34.571000760813405,
    "tokens_per_second": 9403.312206941246
}