{
    "elapsed_time": 1.6069765470456332,
    "num_requests": 128,
    "total_num_tokens": 34816,
    "requests_per_second": 79.65268705092383,
    "tokens_per_second": 21665.53087785128
}