{
    "elapsed_time": 1.1522702919319272,
    "num_requests": 16,
    "total_num_tokens": 4352,
    "requests_per_second": 13.88563092533955,
    "tokens_per_second": 3776.891611692358
}