{
    "elapsed_time": 1.267867307877168,
    "num_requests": 16,
    "total_num_tokens": 4352,
    "requests_per_second": 12.619617132323828,
    "tokens_per_second": 3432.5358599920814
}