{
    "elapsed_time": 1.956612034002319,
    "num_requests": 128,
    "total_num_tokens": 34816,
    "requests_per_second": 65.41920307940225,
    "tokens_per_second": 17794.023237597412
}