{
    "elapsed_time": 3.433071111096069,
    "num_requests": 256,
    "total_num_tokens": 69632,
    "requests_per_second": 74.56880201886277,
    "tokens_per_second": 20282.714149130672
}