{
    "elapsed_time": 2.548762161983177,
    "num_requests": 128,
    "total_num_tokens": 34816,
    "requests_per_second": 50.22045678063737,
    "tokens_per_second": 13659.964244333363
}