{
    "elapsed_time": 0.9873293340206146,
    "num_requests": 16,
    "total_num_tokens": 4352,
    "requests_per_second": 16.205332353334022,
    "tokens_per_second": 4407.850400106854
}