{
    "elapsed_time": 3.5599956419318914,
    "num_requests": 256,
    "total_num_tokens": 69632,
    "requests_per_second": 71.91020039032331,
    "tokens_per_second": 19559.57450616794
}