{
    "elapsed_time": 1.5722000289242715,
    "num_requests": 128,
    "total_num_tokens": 34816,
    "requests_per_second": 81.4145768001162,
    "tokens_per_second": 22144.764889631606
}