{
    "elapsed_time": 1.821852362016216,
    "num_requests": 16,
    "total_num_tokens": 4352,
    "requests_per_second": 8.782270360422096,
    "tokens_per_second": 2388.7775380348103
}