{
    "elapsed_time": 2.6269119130447507,
    "num_requests": 256,
    "total_num_tokens": 69632,
    "requests_per_second": 97.45282996690986,
    "tokens_per_second": 26507.169750999485
}