{
    "elapsed_time": 1.5791562049998902,
    "num_requests": 64,
    "total_num_tokens": 17408,
    "requests_per_second": 40.52797297529186,
    "tokens_per_second": 11023.608649279386
}