{
    "elapsed_time": 3.962063883023802,
    "num_requests": 512,
    "total_num_tokens": 139264,
    "requests_per_second": 129.22557917194595,
    "tokens_per_second": 35149.357534769304
}