{
    "elapsed_time": 2.344402146001812,
    "num_requests": 256,
    "total_num_tokens": 69632,
    "requests_per_second": 109.19628291442544,
    "tokens_per_second": 29701.38895272372
}