{
    "elapsed_time": 1.7082952570053749,
    "num_requests": 128,
    "total_num_tokens": 34816,
    "requests_per_second": 74.92849931831033,
    "tokens_per_second": 20380.55181458041
}