{
    "elapsed_time": 1.4285566919716075,
    "num_requests": 64,
    "total_num_tokens": 17408,
    "requests_per_second": 44.8004621445377,
    "tokens_per_second": 12185.725703314254
}