{
    "elapsed_time": 2.922107398044318,
    "num_requests": 512,
    "total_num_tokens": 139264,
    "requests_per_second": 175.21601031593391,
    "tokens_per_second": 47658.75480593402
}