{
    "elapsed_time": 1.2482603999669664,
    "num_requests": 128,
    "total_num_tokens": 34816,
    "requests_per_second": 102.54270663668203,
    "tokens_per_second": 27891.61620517751
}