{
    "elapsed_time": 0.8769370199879631,
    "num_requests": 64,
    "total_num_tokens": 17408,
    "requests_per_second": 72.98129573875039,
    "tokens_per_second": 19850.912440940105
}