{
    "elapsed_time": 1.0520586430211551,
    "num_requests": 64,
    "total_num_tokens": 17408,
    "requests_per_second": 60.83311080094712,
    "tokens_per_second": 16546.606137857616
}