{
    "elapsed_time": 1.7105777109973133,
    "num_requests": 128,
    "total_num_tokens": 34816,
    "requests_per_second": 74.82852090091396,
    "tokens_per_second": 20353.357685048595
}