{
    "elapsed_time": 1.7727978159673512,
    "num_requests": 256,
    "total_num_tokens": 69632,
    "requests_per_second": 144.40451003168127,
    "tokens_per_second": 39278.026728617304
}