{
    "elapsed_time": 1.2442433779942803,
    "num_requests": 128,
    "total_num_tokens": 34816,
    "requests_per_second": 102.8737643003059,
    "tokens_per_second": 27981.6638896832
}