{
    "elapsed_time": 4.047835866978858,
    "num_requests": 512,
    "total_num_tokens": 139264,
    "requests_per_second": 126.48734208240916,
    "tokens_per_second": 34404.55704641529
}