{
    "elapsed_time": 2.9302465619985014,
    "num_requests": 512,
    "total_num_tokens": 139264,
    "requests_per_second": 174.72932368216934,
    "tokens_per_second": 47526.37604155006
}