{
    "elapsed_time": 1.7907957079587504,
    "num_requests": 256,
    "total_num_tokens": 69632,
    "requests_per_second": 142.9532128440285,
    "tokens_per_second": 38883.27389357576
}