{
    "elapsed_time": 2.3918989959638566,
    "num_requests": 256,
    "total_num_tokens": 69632,
    "requests_per_second": 107.0279307077682,
    "tokens_per_second": 29111.597152512953
}