{
    "elapsed_time": 1.8631677289959043,
    "num_requests": 128,
    "total_num_tokens": 34816,
    "requests_per_second": 68.70020235321572,
    "tokens_per_second": 18686.455040074674
}