{
    "elapsed_time": 4.614971107977908,
    "num_requests": 512,
    "total_num_tokens": 139264,
    "requests_per_second": 110.94327310411646,
    "tokens_per_second": 30176.570284319678
}