{
    "elapsed_time": 2.278775744023733,
    "num_requests": 64,
    "total_num_tokens": 17408,
    "requests_per_second": 28.085255939661895,
    "tokens_per_second": 7639.189615588036
}