{
    "elapsed_time": 3.824456722009927,
    "num_requests": 256,
    "total_num_tokens": 69632,
    "requests_per_second": 66.93761195589116,
    "tokens_per_second": 18207.030452002396
}