{
    "elapsed_time": 1.47487277694745,
    "num_requests": 64,
    "total_num_tokens": 17408,
    "requests_per_second": 43.39357333075267,
    "tokens_per_second": 11803.051945964728
}