{
    "elapsed_time": 2.6049386259983294,
    "num_requests": 256,
    "total_num_tokens": 69632,
    "requests_per_second": 98.27486814661106,
    "tokens_per_second": 26730.76413587821
}