{
    "elapsed_time": 7.149261079961434,
    "num_requests": 512,
    "total_num_tokens": 139264,
    "requests_per_second": 71.6157927754349,
    "tokens_per_second": 19479.495634918294
}