{
    "elapsed_time": 2.8796611740253866,
    "num_requests": 128,
    "total_num_tokens": 34816,
    "requests_per_second": 44.449673855578254,
    "tokens_per_second": 12090.311288717285
}