{
    "elapsed_time": 6.464978411095217,
    "num_requests": 256,
    "total_num_tokens": 262400,
    "requests_per_second": 39.597966724939404,
    "tokens_per_second": 40587.915893062884
}