{
    "elapsed_time": 6.441533536184579,
    "num_requests": 128,
    "total_num_tokens": 131200,
    "requests_per_second": 19.871044570516418,
    "tokens_per_second": 20367.820684779326
}