{
    "elapsed_time": 6.517724385950714,
    "num_requests": 128,
    "total_num_tokens": 65664,
    "requests_per_second": 19.638756170161244,
    "tokens_per_second": 10074.681915292718
}