{
    "elapsed_time": 63.45622393395752,
    "num_requests": 4096,
    "total_num_tokens": 4198400,
    "requests_per_second": 64.54843585182344,
    "tokens_per_second": 66162.14674811902
}