{
    "elapsed_time": 31.9604048950132,
    "num_requests": 2048,
    "total_num_tokens": 2099200,
    "requests_per_second": 64.0792883171374,
    "tokens_per_second": 65681.27052506583
}