{
    "elapsed_time": 16.28286934713833,
    "num_requests": 1024,
    "total_num_tokens": 1049600,
    "requests_per_second": 62.88817886879165,
    "tokens_per_second": 64460.38334051144
}