{
    "elapsed_time": 8.491713392781094,
    "num_requests": 512,
    "total_num_tokens": 524800,
    "requests_per_second": 60.294074507420056,
    "tokens_per_second": 61801.42637010555
}