{
    "elapsed_time": 6.2117196570616215,
    "num_requests": 256,
    "total_num_tokens": 262400,
    "requests_per_second": 41.21242009191022,
    "tokens_per_second": 42242.73059420797
}