{
    "elapsed_time": 6.652455196017399,
    "num_requests": 512,
    "total_num_tokens": 524800,
    "requests_per_second": 76.96406588450489,
    "tokens_per_second": 78888.16753161751
}