{
    "elapsed_time": 163.43419597903267,
    "num_requests": 8192,
    "total_num_tokens": 8396800,
    "requests_per_second": 50.12414905538477,
    "tokens_per_second": 51377.25278176939
}