{
    "elapsed_time": 6.105469038011506,
    "num_requests": 256,
    "total_num_tokens": 262400,
    "requests_per_second": 41.92962054285952,
    "tokens_per_second": 42977.86105643101
}