{
    "elapsed_time": 35.03892578789964,
    "num_requests": 4096,
    "total_num_tokens": 4198400,
    "requests_per_second": 116.89856089750657,
    "tokens_per_second": 119821.02491994423
}