{
    "elapsed_time": 6.386369079933502,
    "num_requests": 128,
    "total_num_tokens": 16512,
    "requests_per_second": 20.04268754247019,
    "tokens_per_second": 2585.5066929786544
}