{
    "elapsed_time": 6.3235855950042605,
    "num_requests": 128,
    "total_num_tokens": 131200,
    "requests_per_second": 20.241680622006946,
    "tokens_per_second": 20747.72263755712
}