{
    "elapsed_time": 81.65143093804363,
    "num_requests": 4096,
    "total_num_tokens": 4198400,
    "requests_per_second": 50.16446071971485,
    "tokens_per_second": 51418.572237707725
}