{
    "elapsed_time": 17.816178577020764,
    "num_requests": 2048,
    "total_num_tokens": 2099200,
    "requests_per_second": 114.95169916187875,
    "tokens_per_second": 117825.49164092573
}