{
    "elapsed_time": 6.406800674041733,
    "num_requests": 128,
    "total_num_tokens": 65664,
    "requests_per_second": 19.978770452249943,
    "tokens_per_second": 10249.10924200422
}