{
    "elapsed_time": 6.294682160019875,
    "num_requests": 128,
    "total_num_tokens": 2176,
    "requests_per_second": 20.334624806472494,
    "tokens_per_second": 345.6886217100324
}