{
    "elapsed_time": 69.97336010495201,
    "num_requests": 8192,
    "total_num_tokens": 8396800,
    "requests_per_second": 117.07312593982824,
    "tokens_per_second": 119999.95408832395
}