{
    "elapsed_time": 9.205089526018128,
    "num_requests": 1024,
    "total_num_tokens": 1049600,
    "requests_per_second": 111.24280726501034,
    "tokens_per_second": 114023.8774466356
}