{
    "elapsed_time": 10.710253895958886,
    "num_requests": 512,
    "total_num_tokens": 524800,
    "requests_per_second": 47.80465570411772,
    "tokens_per_second": 48999.77209672066
}