{
    "elapsed_time": 20.924089841078967,
    "num_requests": 1024,
    "total_num_tokens": 1049600,
    "requests_per_second": 48.938807268435845,
    "tokens_per_second": 50162.27745014674
}