{
    "elapsed_time": 6.376373716047965,
    "num_requests": 128,
    "total_num_tokens": 131200,
    "requests_per_second": 20.074105706485092,
    "tokens_per_second": 20575.95834914722
}