{
    "elapsed_time": 41.052654391969554,
    "num_requests": 2048,
    "total_num_tokens": 2099200,
    "requests_per_second": 49.88715176479833,
    "tokens_per_second": 51134.33055891829
}