{
    "elapsed_time": 6.237373942043632,
    "num_requests": 128,
    "total_num_tokens": 65664,
    "requests_per_second": 20.521456816498272,
    "tokens_per_second": 10527.507346863615
}