{
    "elapsed_time": 6.273090332048014,
    "num_requests": 128,
    "total_num_tokens": 32896,
    "requests_per_second": 20.40461610222199,
    "tokens_per_second": 5243.986338271052
}