{
    "elapsed_time": 155.77657156193163,
    "num_requests": 2048,
    "total_num_tokens": 2099200,
    "requests_per_second": 13.147034752820854,
    "tokens_per_second": 13475.710621641376
}