{
    "elapsed_time": 79.26540858997032,
    "num_requests": 2048,
    "total_num_tokens": 2099200,
    "requests_per_second": 25.837247753229136,
    "tokens_per_second": 26483.178947059863
}