{
    "elapsed_time": 40.100032943999395,
    "num_requests": 1024,
    "total_num_tokens": 1049600,
    "requests_per_second": 25.536138621881914,
    "tokens_per_second": 26174.54208742896
}