{
    "elapsed_time": 159.83372994407546,
    "num_requests": 4096,
    "total_num_tokens": 4198400,
    "requests_per_second": 25.62663088343842,
    "tokens_per_second": 26267.29665552438
}