{
    "elapsed_time": 627.0290489610052,
    "num_requests": 8192,
    "total_num_tokens": 8396800,
    "requests_per_second": 13.064785457028258,
    "tokens_per_second": 13391.405093453965
}