{
    "elapsed_time": 5.939714379957877,
    "num_requests": 128,
    "total_num_tokens": 65664,
    "requests_per_second": 21.549857756107752,
    "tokens_per_second": 11055.077028883275
}