{
    "elapsed_time": 10.990198710002005,
    "num_requests": 256,
    "total_num_tokens": 262400,
    "requests_per_second": 23.29348237962417,
    "tokens_per_second": 23875.819439114774
}