{
    "elapsed_time": 39.09985913801938,
    "num_requests": 512,
    "total_num_tokens": 524800,
    "requests_per_second": 13.094676330998556,
    "tokens_per_second": 13422.04323927352
}