{
    "elapsed_time": 20.02941993693821,
    "num_requests": 256,
    "total_num_tokens": 262400,
    "requests_per_second": 12.781198896723183,
    "tokens_per_second": 13100.728869141263
}