{
    "elapsed_time": 9.671354696969502,
    "num_requests": 128,
    "total_num_tokens": 65664,
    "requests_per_second": 13.234960769261056,
    "tokens_per_second": 6789.534874630922
}