{
    "elapsed_time": 11.344533683964983,
    "num_requests": 128,
    "total_num_tokens": 131200,
    "requests_per_second": 11.282967071702785,
    "tokens_per_second": 11565.041248495356
}