{
    "elapsed_time": 77.58469155791681,
    "num_requests": 1024,
    "total_num_tokens": 1049600,
    "requests_per_second": 13.198480002148182,
    "tokens_per_second": 13528.442002201888
}