{
    "elapsed_time": 6.3824769631028175,
    "num_requests": 128,
    "total_num_tokens": 131200,
    "requests_per_second": 20.05490983202441,
    "tokens_per_second": 20556.282577825023
}