{
    "elapsed_time": 312.3723262170097,
    "num_requests": 4096,
    "total_num_tokens": 4198400,
    "requests_per_second": 13.112557215309938,
    "tokens_per_second": 13440.371145692687
}