{
    "elapsed_time": 20.6107653779909,
    "num_requests": 512,
    "total_num_tokens": 524800,
    "requests_per_second": 24.841387042653764,
    "tokens_per_second": 25462.42171872011
}