{
    "elapsed_time": 30.68876457796432,
    "num_requests": 2048,
    "total_num_tokens": 2099200,
    "requests_per_second": 66.73452086339573,
    "tokens_per_second": 68402.88388498063
}