{
    "elapsed_time": 6.343075026990846,
    "num_requests": 128,
    "total_num_tokens": 131200,
    "requests_per_second": 20.179486992560953,
    "tokens_per_second": 20683.974167374978
}