{
    "elapsed_time": 8.173996880883351,
    "num_requests": 512,
    "total_num_tokens": 524800,
    "requests_per_second": 62.6376554164612,
    "tokens_per_second": 64203.59680187273
}