{
    "elapsed_time": 60.9738493419718,
    "num_requests": 4096,
    "total_num_tokens": 4198400,
    "requests_per_second": 67.17633943410046,
    "tokens_per_second": 68855.74791995296
}