{
    "elapsed_time": 6.486906802048907,
    "num_requests": 256,
    "total_num_tokens": 262400,
    "requests_per_second": 39.46410944568245,
    "tokens_per_second": 40450.712181824514
}