{
    "elapsed_time": 6.586047319928184,
    "num_requests": 128,
    "total_num_tokens": 65664,
    "requests_per_second": 19.435025863342226,
    "tokens_per_second": 9970.168267894562
}