{
    "elapsed_time": 15.654274931875989,
    "num_requests": 1024,
    "total_num_tokens": 1049600,
    "requests_per_second": 65.41344166090259,
    "tokens_per_second": 67048.77770242517
}