{
    "elapsed_time": 6.161764190997928,
    "num_requests": 128,
    "total_num_tokens": 131200,
    "requests_per_second": 20.773271425576862,
    "tokens_per_second": 21292.603211216283
}