{
    "elapsed_time": 6.520665328018367,
    "num_requests": 128,
    "total_num_tokens": 65664,
    "requests_per_second": 19.62989872367813,
    "tokens_per_second": 10070.138045246882
}