{
    "elapsed_time": 6.6368458229117095,
    "num_requests": 512,
    "total_num_tokens": 524800,
    "requests_per_second": 77.14507970525311,
    "tokens_per_second": 79073.70669788444
}