{
    "elapsed_time": 19.575953513965942,
    "num_requests": 1024,
    "total_num_tokens": 1049600,
    "requests_per_second": 52.30907394980554,
    "tokens_per_second": 53616.80079855068
}