{
    "elapsed_time": 6.319078044034541,
    "num_requests": 128,
    "total_num_tokens": 131200,
    "requests_per_second": 20.256119501615753,
    "tokens_per_second": 20762.52248915615
}