{
    "elapsed_time": 6.218076845980249,
    "num_requests": 128,
    "total_num_tokens": 65664,
    "requests_per_second": 20.585142829610916,
    "tokens_per_second": 10560.178271590401
}