{
    "elapsed_time": 31.64728297002148,
    "num_requests": 4096,
    "total_num_tokens": 4198400,
    "requests_per_second": 129.4265926044905,
    "tokens_per_second": 132662.25741960277
}