{
    "elapsed_time": 75.77022238296922,
    "num_requests": 4096,
    "total_num_tokens": 4198400,
    "requests_per_second": 54.05817577382025,
    "tokens_per_second": 55409.63016816576
}