{
    "elapsed_time": 10.046377258957364,
    "num_requests": 512,
    "total_num_tokens": 524800,
    "requests_per_second": 50.9636445857635,
    "tokens_per_second": 52237.73570040759
}