{
    "elapsed_time": 6.436482243007049,
    "num_requests": 256,
    "total_num_tokens": 262400,
    "requests_per_second": 39.773278373933614,
    "tokens_per_second": 40767.610333281955
}