{
    "elapsed_time": 6.176534857018851,
    "num_requests": 256,
    "total_num_tokens": 262400,
    "requests_per_second": 41.447187772135436,
    "tokens_per_second": 42483.36746643882
}