{
    "elapsed_time": 16.072276171064004,
    "num_requests": 2048,
    "total_num_tokens": 2099200,
    "requests_per_second": 127.42439080826347,
    "tokens_per_second": 130610.00057847005
}