{
    "elapsed_time": 8.33490116300527,
    "num_requests": 1024,
    "total_num_tokens": 1049600,
    "requests_per_second": 122.85688575949254,
    "tokens_per_second": 125928.30790347986
}