{
    "elapsed_time": 62.868930648081005,
    "num_requests": 8192,
    "total_num_tokens": 8396800,
    "requests_per_second": 130.30283664050282,
    "tokens_per_second": 133560.4075565154
}