{
    "elapsed_time": 151.18339382694103,
    "num_requests": 8192,
    "total_num_tokens": 8396800,
    "requests_per_second": 54.18584536723224,
    "tokens_per_second": 55540.491501413046
}