{
    "elapsed_time": 38.12933068105485,
    "num_requests": 2048,
    "total_num_tokens": 2099200,
    "requests_per_second": 53.71193156080184,
    "tokens_per_second": 55054.72984982188
}