{
    "elapsed_time": 19.680046178982593,
    "num_requests": 512,
    "total_num_tokens": 524800,
    "requests_per_second": 26.016199115772046,
    "tokens_per_second": 26666.60409366635
}