{
    "elapsed_time": 19.20391629904043,
    "num_requests": 256,
    "total_num_tokens": 262400,
    "requests_per_second": 13.330614235846866,
    "tokens_per_second": 13663.879591743038
}