{
    "elapsed_time": 595.2585616839351,
    "num_requests": 8192,
    "total_num_tokens": 8396800,
    "requests_per_second": 13.762086809512725,
    "tokens_per_second": 14106.138979750544
}