{
    "elapsed_time": 75.30273025506176,
    "num_requests": 2048,
    "total_num_tokens": 2099200,
    "requests_per_second": 27.19688905120855,
    "tokens_per_second": 27876.811277488763
}