{
    "elapsed_time": 37.2914796799887,
    "num_requests": 512,
    "total_num_tokens": 524800,
    "requests_per_second": 13.729677781457108,
    "tokens_per_second": 14072.919725993535
}