{
    "elapsed_time": 147.66524056100752,
    "num_requests": 2048,
    "total_num_tokens": 2099200,
    "requests_per_second": 13.869208435372263,
    "tokens_per_second": 14215.938646256569
}