{
    "elapsed_time": 73.97392520704307,
    "num_requests": 1024,
    "total_num_tokens": 1049600,
    "requests_per_second": 13.842715485679065,
    "tokens_per_second": 14188.783372821043
}