{
    "elapsed_time": 151.3277685319772,
    "num_requests": 4096,
    "total_num_tokens": 4198400,
    "requests_per_second": 27.067074600617474,
    "tokens_per_second": 27743.751465632908
}