{
    "elapsed_time": 6.1798323129769415,
    "num_requests": 128,
    "total_num_tokens": 131200,
    "requests_per_second": 20.712536120311004,
    "tokens_per_second": 21230.34952331878
}