{
    "elapsed_time": 296.4889580470044,
    "num_requests": 4096,
    "total_num_tokens": 4198400,
    "requests_per_second": 13.815017014396311,
    "tokens_per_second": 14160.392439756219
}