{
    "elapsed_time": 10.479750977945514,
    "num_requests": 256,
    "total_num_tokens": 262400,
    "requests_per_second": 24.428061366987475,
    "tokens_per_second": 25038.76290116216
}