{
    "elapsed_time": 5.785923662944697,
    "num_requests": 128,
    "total_num_tokens": 65664,
    "requests_per_second": 22.122656200903883,
    "tokens_per_second": 11348.922631063691
}