{
    "elapsed_time": 38.25796018494293,
    "num_requests": 1024,
    "total_num_tokens": 1049600,
    "requests_per_second": 26.765671641924406,
    "tokens_per_second": 27434.813432972514
}