{
    "elapsed_time": 10.644124062964693,
    "num_requests": 128,
    "total_num_tokens": 131200,
    "requests_per_second": 12.025414138619908,
    "tokens_per_second": 12326.049492085405
}