{
    "elapsed_time": 10.115483195986599,
    "num_requests": 128,
    "total_num_tokens": 65664,
    "requests_per_second": 12.6538690757536,
    "tokens_per_second": 6491.434835861596
}