{
    "elapsed_time": 7.961170374000176,
    "num_requests": 128,
    "total_num_tokens": 131200,
    "requests_per_second": 16.07803802541724,
    "tokens_per_second": 16479.988976052668
}