{
    "elapsed_time": 32.86448194900004,
    "num_requests": 2048,
    "total_num_tokens": 2099200,
    "requests_per_second": 62.31651553729464,
    "tokens_per_second": 63874.428425727005
}