{
    "elapsed_time": 7.7893572660000245,
    "num_requests": 128,
    "total_num_tokens": 65664,
    "requests_per_second": 16.432678028354232,
    "tokens_per_second": 8429.963828545722
}