{
    "elapsed_time": 16.58404996099989,
    "num_requests": 1024,
    "total_num_tokens": 1049600,
    "requests_per_second": 61.7460754404445,
    "tokens_per_second": 63289.72732645561
}