{
    "elapsed_time": 8.565323389999776,
    "num_requests": 512,
    "total_num_tokens": 524800,
    "requests_per_second": 59.77590999048238,
    "tokens_per_second": 61270.30774024444
}