{
    "elapsed_time": 7.846443937000004,
    "num_requests": 256,
    "total_num_tokens": 262400,
    "requests_per_second": 32.62624471103768,
    "tokens_per_second": 33441.90082881362
}