{
    "elapsed_time": 65.62182764900035,
    "num_requests": 4096,
    "total_num_tokens": 4198400,
    "requests_per_second": 62.418255430323974,
    "tokens_per_second": 63978.71181608207
}