{
    "elapsed_time": 390.6442345889991,
    "num_requests": 8192,
    "total_num_tokens": 8396800,
    "requests_per_second": 20.970487401711917,
    "tokens_per_second": 21494.749586754715
}