{
    "elapsed_time": 7.799540585998329,
    "num_requests": 256,
    "total_num_tokens": 262400,
    "requests_per_second": 32.82244603734341,
    "tokens_per_second": 33643.007188277
}