{
    "elapsed_time": 8.794818705999205,
    "num_requests": 128,
    "total_num_tokens": 32896,
    "requests_per_second": 14.554023713153681,
    "tokens_per_second": 3740.384094280496
}