{
    "elapsed_time": 89.58221402199706,
    "num_requests": 4096,
    "total_num_tokens": 4198400,
    "requests_per_second": 45.723361994538564,
    "tokens_per_second": 46866.44604440203
}