{
    "elapsed_time": 38.49932562200047,
    "num_requests": 4096,
    "total_num_tokens": 4198400,
    "requests_per_second": 106.39147397582823,
    "tokens_per_second": 109051.26082522394
}