{
    "elapsed_time": 8.731563871002436,
    "num_requests": 256,
    "total_num_tokens": 262400,
    "requests_per_second": 29.318917410680253,
    "tokens_per_second": 30051.89034594726
}