{
    "elapsed_time": 9.292509610000707,
    "num_requests": 128,
    "total_num_tokens": 2176,
    "requests_per_second": 13.774535122594322,
    "tokens_per_second": 234.16709708410346
}