{
    "elapsed_time": 10.050084332997358,
    "num_requests": 1024,
    "total_num_tokens": 1049600,
    "requests_per_second": 101.88969227232346,
    "tokens_per_second": 104436.93457913156
}