{
    "elapsed_time": 8.913243808998232,
    "num_requests": 128,
    "total_num_tokens": 65664,
    "requests_per_second": 14.36065283783436,
    "tokens_per_second": 7367.014905809027
}