{
    "elapsed_time": 8.590322123000078,
    "num_requests": 128,
    "total_num_tokens": 16512,
    "requests_per_second": 14.90048896505145,
    "tokens_per_second": 1922.163076491637
}