{
    "elapsed_time": 10.99366940100299,
    "num_requests": 512,
    "total_num_tokens": 524800,
    "requests_per_second": 46.57225729866759,
    "tokens_per_second": 47736.56373113428
}