{
    "elapsed_time": 7.527837544002978,
    "num_requests": 128,
    "total_num_tokens": 65664,
    "requests_per_second": 17.003555038454664,
    "tokens_per_second": 8722.823734727242
}