{
    "elapsed_time": 7.8726878380002745,
    "num_requests": 128,
    "total_num_tokens": 131200,
    "requests_per_second": 16.25874194860913,
    "tokens_per_second": 16665.210497324362
}