{
    "elapsed_time": 22.43748750799932,
    "num_requests": 1024,
    "total_num_tokens": 1049600,
    "requests_per_second": 45.63790841710453,
    "tokens_per_second": 46778.85612753214
}