{
    "elapsed_time": 44.79712036099954,
    "num_requests": 2048,
    "total_num_tokens": 2099200,
    "requests_per_second": 45.7172243103151,
    "tokens_per_second": 46860.15491807298
}