{
    "elapsed_time": 8.74343381899962,
    "num_requests": 128,
    "total_num_tokens": 131200,
    "requests_per_second": 14.63955725516604,
    "tokens_per_second": 15005.54618654519
}