{
    "elapsed_time": 8.052794589002588,
    "num_requests": 512,
    "total_num_tokens": 524800,
    "requests_per_second": 63.58041228311225,
    "tokens_per_second": 65169.92259019006
}