{
    "elapsed_time": 19.63445354199939,
    "num_requests": 2048,
    "total_num_tokens": 2099200,
    "requests_per_second": 104.30644253068682,
    "tokens_per_second": 106914.103593954
}