{
    "elapsed_time": 76.67162934799853,
    "num_requests": 8192,
    "total_num_tokens": 8396800,
    "requests_per_second": 106.84525775261677,
    "tokens_per_second": 109516.3891964322
}