{
    "elapsed_time": 21.20059824800046,
    "num_requests": 512,
    "total_num_tokens": 524800,
    "requests_per_second": 24.150261894061853,
    "tokens_per_second": 24754.0184414134
}