{
    "elapsed_time": 42.239886527000635,
    "num_requests": 1024,
    "total_num_tokens": 1049600,
    "requests_per_second": 24.24248936713969,
    "tokens_per_second": 24848.551601318184
}