{
    "elapsed_time": 39.07918330699977,
    "num_requests": 512,
    "total_num_tokens": 524800,
    "requests_per_second": 13.101604400936695,
    "tokens_per_second": 13429.144510960114
}