{
    "elapsed_time": 13.919554427997355,
    "num_requests": 128,
    "total_num_tokens": 65664,
    "requests_per_second": 9.19569664834564,
    "tokens_per_second": 4717.392380601314
}