{
    "elapsed_time": 7.793335753000065,
    "num_requests": 128,
    "total_num_tokens": 65664,
    "requests_per_second": 16.424289169207945,
    "tokens_per_second": 8425.660343803675
}