{
    "elapsed_time": 13.253436475999479,
    "num_requests": 128,
    "total_num_tokens": 131200,
    "requests_per_second": 9.657872524744354,
    "tokens_per_second": 9899.319337862962
}