{
    "elapsed_time": 84.29593942899919,
    "num_requests": 2048,
    "total_num_tokens": 2099200,
    "requests_per_second": 24.29535768712786,
    "tokens_per_second": 24902.741629306056
}