{
    "elapsed_time": 19.714668287000677,
    "num_requests": 256,
    "total_num_tokens": 262400,
    "requests_per_second": 12.985255256300686,
    "tokens_per_second": 13309.886637708203
}