{
    "elapsed_time": 158.9188478310025,
    "num_requests": 2048,
    "total_num_tokens": 2099200,
    "requests_per_second": 12.887080594605647,
    "tokens_per_second": 13209.25760947079
}