{
    "elapsed_time": 7.8686242090007,
    "num_requests": 128,
    "total_num_tokens": 131200,
    "requests_per_second": 16.267138523858385,
    "tokens_per_second": 16673.816986954844
}