{
    "elapsed_time": 318.53894455000045,
    "num_requests": 4096,
    "total_num_tokens": 4198400,
    "requests_per_second": 12.858710277283093,
    "tokens_per_second": 13180.17803421517
}