{
    "elapsed_time": 11.114956990000792,
    "num_requests": 256,
    "total_num_tokens": 262400,
    "requests_per_second": 23.03202794489462,
    "tokens_per_second": 23607.828643516983
}