{
    "elapsed_time": 507.26314229700074,
    "num_requests": 4096,
    "total_num_tokens": 4198400,
    "requests_per_second": 8.07470454378451,
    "tokens_per_second": 8276.572157379122
}