{
    "elapsed_time": 78.88726473499992,
    "num_requests": 1024,
    "total_num_tokens": 1049600,
    "requests_per_second": 12.980548931945435,
    "tokens_per_second": 13305.062655244072
}