{
  "interrupted": true,
  "signal": 2,
  "results": {
    "0": {
      "success": true,
      "duration": 845.1119093894958,
      "skipped": false
    },
    "1": {
      "success": true,
      "duration": 91.40927386283875,
      "skipped": false
    },
    "2": {
      "success": true,
      "duration": 16187.328934431076,
      "skipped": false
    },
    "3": {
      "success": true,
      "duration": 1758.813428401947,
      "skipped": false
    }
  },
  "timestamp": "2026-01-28T03:11:26.757636"
}