{
    "elapsed_time": 4.330493877991103,
    "num_requests": 1024,
    "total_num_tokens": 1049600,
    "requests_per_second": 236.46263656075857,
    "tokens_per_second": 242374.20247477753
}