{
    "elapsed_time": 7.197820804954972,
    "num_requests": 2048,
    "total_num_tokens": 2099200,
    "requests_per_second": 284.5305621654486,
    "tokens_per_second": 291643.8262195848
}