{
    "elapsed_time": 14.148046077985782,
    "num_requests": 4096,
    "total_num_tokens": 4198400,
    "requests_per_second": 289.5099420388046,
    "tokens_per_second": 296747.6905897747
}