{
    "elapsed_time": 3.9294135620002635,
    "num_requests": 256,
    "total_num_tokens": 262400,
    "requests_per_second": 65.14967079965069,
    "tokens_per_second": 66778.41256964197
}