{
    "elapsed_time": 4.019246655981988,
    "num_requests": 512,
    "total_num_tokens": 524800,
    "requests_per_second": 127.3870562877678,
    "tokens_per_second": 130571.732694962
}