{
    "elapsed_time": 3.923450784990564,
    "num_requests": 128,
    "total_num_tokens": 65664,
    "requests_per_second": 32.62434194145444,
    "tokens_per_second": 16736.287415966126
}