{
    "elapsed_time": 3.853702551976312,
    "num_requests": 128,
    "total_num_tokens": 131200,
    "requests_per_second": 33.21481050330601,
    "tokens_per_second": 34045.18076588867
}