{
    "elapsed_time": 2.6468428379739635,
    "num_requests": 128,
    "total_num_tokens": 32896,
    "requests_per_second": 48.35950142698239,
    "tokens_per_second": 12428.391866734473
}