{
    "elapsed_time": 2.7008788480306976,
    "num_requests": 128,
    "total_num_tokens": 2176,
    "requests_per_second": 47.391981352043665,
    "tokens_per_second": 805.6636829847423
}