{
    "elapsed_time": 3.8456460089655593,
    "num_requests": 256,
    "total_num_tokens": 262400,
    "requests_per_second": 66.5687895878023,
    "tokens_per_second": 68233.00932749736
}