{
    "elapsed_time": 4.485428580024745,
    "num_requests": 2048,
    "total_num_tokens": 2099200,
    "requests_per_second": 456.5895908186998,
    "tokens_per_second": 468004.33058916725
}