{
    "elapsed_time": 3.030590326001402,
    "num_requests": 256,
    "total_num_tokens": 262400,
    "requests_per_second": 84.4719914148771,
    "tokens_per_second": 86583.79120024902
}