{
    "elapsed_time": 17.74673062702641,
    "num_requests": 8192,
    "total_num_tokens": 8396800,
    "requests_per_second": 461.60615000964987,
    "tokens_per_second": 473146.30375989113
}