{
    "elapsed_time": 8.818131294974592,
    "num_requests": 2048,
    "total_num_tokens": 2099200,
    "requests_per_second": 232.24875333475075,
    "tokens_per_second": 238054.9721681195
}