{
    "elapsed_time": 8.891962215013336,
    "num_requests": 4096,
    "total_num_tokens": 4198400,
    "requests_per_second": 460.64073383985436,
    "tokens_per_second": 472156.7521858507
}