{
    "elapsed_time": 2.6607420290238224,
    "num_requests": 128,
    "total_num_tokens": 65664,
    "requests_per_second": 48.106880939134435,
    "tokens_per_second": 24678.829921775963
}