{
    "elapsed_time": 17.232335013046395,
    "num_requests": 4096,
    "total_num_tokens": 4198400,
    "requests_per_second": 237.6926862725781,
    "tokens_per_second": 243635.00342939256
}