{
    "elapsed_time": 3.6236981049878523,
    "num_requests": 128,
    "total_num_tokens": 131200,
    "requests_per_second": 35.3230308628122,
    "tokens_per_second": 36206.10663438251
}