{
    "elapsed_time": 4.6677880639908835,
    "num_requests": 1024,
    "total_num_tokens": 1049600,
    "requests_per_second": 219.37585553627224,
    "tokens_per_second": 224860.25192467906
}