{
    "elapsed_time": 3.069671705015935,
    "num_requests": 1024,
    "total_num_tokens": 1049600,
    "requests_per_second": 333.5861611281602,
    "tokens_per_second": 341925.81515636423
}