{
    "elapsed_time": 33.56786530901445,
    "num_requests": 8192,
    "total_num_tokens": 8396800,
    "requests_per_second": 244.04292392701203,
    "tokens_per_second": 250143.99702518733
}