{
    "elapsed_time": 2.8739395629963838,
    "num_requests": 512,
    "total_num_tokens": 524800,
    "requests_per_second": 178.15266771517847,
    "tokens_per_second": 182606.48440805794
}