{
    "elapsed_time": 2.6718458479736,
    "num_requests": 128,
    "total_num_tokens": 16512,
    "requests_per_second": 47.906955446953894,
    "tokens_per_second": 6179.997252657052
}