{
    "elapsed_time": 2.7182517490000464,
    "num_requests": 128,
    "total_num_tokens": 131200,
    "requests_per_second": 47.08908953965978,
    "tokens_per_second": 48266.31677815128
}