{
    "elapsed_time": 3.8207137749996036,
    "num_requests": 512,
    "total_num_tokens": 524800,
    "requests_per_second": 134.00637424091082,
    "tokens_per_second": 137356.5335969336
}