{
    "elapsed_time": 3.685188108996954,
    "num_requests": 128,
    "total_num_tokens": 65664,
    "requests_per_second": 34.73364078417138,
    "tokens_per_second": 17818.357722279918
}