{
    "elapsed_time": 30.982522932987195,
    "num_requests": 2048,
    "total_num_tokens": 2099200,
    "requests_per_second": 66.10178275118737,
    "tokens_per_second": 67754.32731996705
}