{
    "elapsed_time": 8.379277711967006,
    "num_requests": 512,
    "total_num_tokens": 524800,
    "requests_per_second": 61.10311862188057,
    "tokens_per_second": 62630.696587427585
}