{
    "elapsed_time": 121.5519560490502,
    "num_requests": 8192,
    "total_num_tokens": 8396800,
    "requests_per_second": 67.39504872051799,
    "tokens_per_second": 69079.92493853094
}