{
    "elapsed_time": 5.858599634026177,
    "num_requests": 128,
    "total_num_tokens": 65664,
    "requests_per_second": 21.848224489789068,
    "tokens_per_second": 11208.139163261792
}