{
    "elapsed_time": 5.667838120949455,
    "num_requests": 128,
    "total_num_tokens": 131200,
    "requests_per_second": 22.58356665602121,
    "tokens_per_second": 23148.155822421737
}