{
    "elapsed_time": 5.672378969029523,
    "num_requests": 256,
    "total_num_tokens": 262400,
    "requests_per_second": 45.13097615616443,
    "tokens_per_second": 46259.25056006854
}