{
    "elapsed_time": 8.547295597963966,
    "num_requests": 1024,
    "total_num_tokens": 1049600,
    "requests_per_second": 119.80397638803143,
    "tokens_per_second": 122799.07579773222
}