{
    "elapsed_time": 3.396783523960039,
    "num_requests": 128,
    "total_num_tokens": 131200,
    "requests_per_second": 37.68270750759383,
    "tokens_per_second": 38624.77519528368
}