{
    "elapsed_time": 60.946068789984565,
    "num_requests": 4096,
    "total_num_tokens": 4198400,
    "requests_per_second": 67.20695987979961,
    "tokens_per_second": 68887.1338767946
}