{
    "elapsed_time": 15.931530074973125,
    "num_requests": 1024,
    "total_num_tokens": 1049600,
    "requests_per_second": 64.27505676988325,
    "tokens_per_second": 65881.93318913033
}