{
    "elapsed_time": 31.92953058099374,
    "num_requests": 4096,
    "total_num_tokens": 4198400,
    "requests_per_second": 128.28249978839872,
    "tokens_per_second": 131489.56228310868
}