{
    "elapsed_time": 3.551506710005924,
    "num_requests": 128,
    "total_num_tokens": 65664,
    "requests_per_second": 36.04104129646611,
    "tokens_per_second": 18489.054185087116
}