{
    "elapsed_time": 4.493061546003446,
    "num_requests": 512,
    "total_num_tokens": 524800,
    "requests_per_second": 113.95348021783082,
    "tokens_per_second": 116802.31722327658
}