{
    "elapsed_time": 16.312277149001602,
    "num_requests": 2048,
    "total_num_tokens": 2099200,
    "requests_per_second": 125.54960789918583,
    "tokens_per_second": 128688.34809666548
}