{
    "elapsed_time": 3.6847200309857726,
    "num_requests": 256,
    "total_num_tokens": 262400,
    "requests_per_second": 69.47610614842625,
    "tokens_per_second": 71213.0088021369
}