{
    "elapsed_time": 34.69039402389899,
    "num_requests": 512,
    "total_num_tokens": 524800,
    "requests_per_second": 14.759128986752694,
    "tokens_per_second": 15128.107211421511
}