{
    "elapsed_time": 70.28642274113372,
    "num_requests": 1024,
    "total_num_tokens": 1049600,
    "requests_per_second": 14.5689588410469,
    "tokens_per_second": 14933.182812073073
}