{
    "elapsed_time": 274.7114017675631,
    "num_requests": 4096,
    "total_num_tokens": 4198400,
    "requests_per_second": 14.910192928452528,
    "tokens_per_second": 15282.94775166384
}