{
    "elapsed_time": 8.407530300784856,
    "num_requests": 128,
    "total_num_tokens": 131200,
    "requests_per_second": 15.224447063610464,
    "tokens_per_second": 15605.058240200726
}