{
    "elapsed_time": 6.098798917140812,
    "num_requests": 128,
    "total_num_tokens": 65664,
    "requests_per_second": 20.987739018621046,
    "tokens_per_second": 10766.710116552596
}