{
    "elapsed_time": 16.10604663612321,
    "num_requests": 256,
    "total_num_tokens": 262400,
    "requests_per_second": 15.894651604064908,
    "tokens_per_second": 16292.01789416653
}