{
    "elapsed_time": 139.40927347913384,
    "num_requests": 2048,
    "total_num_tokens": 2099200,
    "requests_per_second": 14.690557872439781,
    "tokens_per_second": 15057.821819250776
}