{
    "elapsed_time": 638.0690238210373,
    "num_requests": 8192,
    "total_num_tokens": 8396800,
    "requests_per_second": 12.83873639711063,
    "tokens_per_second": 13159.704807038395
}