{
    "elapsed_time": 18.736833246890455,
    "num_requests": 256,
    "total_num_tokens": 262400,
    "requests_per_second": 13.66292780785064,
    "tokens_per_second": 14004.501003046906
}