{
    "elapsed_time": 9.761209227144718,
    "num_requests": 128,
    "total_num_tokens": 131200,
    "requests_per_second": 13.113129431141358,
    "tokens_per_second": 13440.957666919892
}