{
    "elapsed_time": 280.78549212170765,
    "num_requests": 8192,
    "total_num_tokens": 8396800,
    "requests_per_second": 29.175296551465497,
    "tokens_per_second": 29904.678965252137
}