{
    "elapsed_time": 2.5686682569794357,
    "num_requests": 128,
    "total_num_tokens": 65664,
    "requests_per_second": 49.831269433958965,
    "tokens_per_second": 25563.44121962095
}