{
    "elapsed_time": 318.5384447220713,
    "num_requests": 4096,
    "total_num_tokens": 4198400,
    "requests_per_second": 12.858730454259016,
    "tokens_per_second": 13180.19871561549
}