{
    "elapsed_time": 70.07979946723208,
    "num_requests": 2048,
    "total_num_tokens": 2099200,
    "requests_per_second": 29.2238279157406,
    "tokens_per_second": 29954.423613634113
}