{
    "elapsed_time": 138.62842823704705,
    "num_requests": 4096,
    "total_num_tokens": 4198400,
    "requests_per_second": 29.546609249554958,
    "tokens_per_second": 30285.274480793832
}