{
    "elapsed_time": 17.23218181775883,
    "num_requests": 512,
    "total_num_tokens": 524800,
    "requests_per_second": 29.711849922123754,
    "tokens_per_second": 30454.646170176846
}