{
    "elapsed_time": 4.545178052969277,
    "num_requests": 128,
    "total_num_tokens": 131200,
    "requests_per_second": 28.161713030445547,
    "tokens_per_second": 28865.755856206684
}