{
    "elapsed_time": 1.7779988418333232,
    "num_requests": 128,
    "total_num_tokens": 16512,
    "requests_per_second": 71.9910480189161,
    "tokens_per_second": 9286.845194440179
}