{
    "elapsed_time": 77.97378416685387,
    "num_requests": 1024,
    "total_num_tokens": 1049600,
    "requests_per_second": 13.132619007034103,
    "tokens_per_second": 13460.934482209956
}