{
    "elapsed_time": 38.83079102821648,
    "num_requests": 512,
    "total_num_tokens": 524800,
    "requests_per_second": 13.185412566742563,
    "tokens_per_second": 13515.047880911128
}