{
    "elapsed_time": 5.493054756894708,
    "num_requests": 128,
    "total_num_tokens": 65664,
    "requests_per_second": 23.302152566263512,
    "tokens_per_second": 11954.00426649318
}