{
    "elapsed_time": 156.97451648907736,
    "num_requests": 2048,
    "total_num_tokens": 2099200,
    "requests_per_second": 13.046703667614128,
    "tokens_per_second": 13372.871259304482
}