{
    "elapsed_time": 2.0429938887245953,
    "num_requests": 128,
    "total_num_tokens": 32896,
    "requests_per_second": 62.65314874725745,
    "tokens_per_second": 16101.859228045165
}