{
    "elapsed_time": 35.092042920179665,
    "num_requests": 1024,
    "total_num_tokens": 1049600,
    "requests_per_second": 29.18040429647227,
    "tokens_per_second": 29909.914403884075
}