{
    "elapsed_time": 8.473819979000837,
    "num_requests": 256,
    "total_num_tokens": 262400,
    "requests_per_second": 30.21069607737707,
    "tokens_per_second": 30965.963479311493
}