{
    "elapsed_time": 1.5794209241867065,
    "num_requests": 128,
    "total_num_tokens": 2176,
    "requests_per_second": 81.04236055116924,
    "tokens_per_second": 1377.720129369877
}