{
    "elapsed_time": 647.5171931786463,
    "num_requests": 4096,
    "total_num_tokens": 4198400,
    "requests_per_second": 6.325700758450652,
    "tokens_per_second": 6483.843277411918
}