{
    "elapsed_time": 12.368290069047362,
    "num_requests": 128,
    "total_num_tokens": 65664,
    "requests_per_second": 10.349045768285324,
    "tokens_per_second": 5309.060479130371
}