{
    "elapsed_time": 20.105116435792297,
    "num_requests": 128,
    "total_num_tokens": 131200,
    "requests_per_second": 6.366538607661429,
    "tokens_per_second": 6525.702072852964
}