{
    "elapsed_time": 35.171401399653405,
    "num_requests": 128,
    "total_num_tokens": 131200,
    "requests_per_second": 3.639320439510874,
    "tokens_per_second": 3730.303450498646
}