{
    "elapsed_time": 2359.391299912706,
    "num_requests": 8192,
    "total_num_tokens": 8396800,
    "requests_per_second": 3.4720819731356523,
    "tokens_per_second": 3558.8840224640435
}