{
    "elapsed_time": 73.47554391482845,
    "num_requests": 256,
    "total_num_tokens": 262400,
    "requests_per_second": 3.484152499731757,
    "tokens_per_second": 3571.2563122250504
}