{
    "elapsed_time": 148.02923712413758,
    "num_requests": 512,
    "total_num_tokens": 524800,
    "requests_per_second": 3.4587761846711125,
    "tokens_per_second": 3545.24558928789
}