{
    "elapsed_time": 325.13413931196555,
    "num_requests": 2048,
    "total_num_tokens": 2099200,
    "requests_per_second": 6.2989386606213875,
    "tokens_per_second": 6456.412127136922
}