{
    "elapsed_time": 20.03549749404192,
    "num_requests": 128,
    "total_num_tokens": 65664,
    "requests_per_second": 6.388660927339796,
    "tokens_per_second": 3277.383055725315
}