{
    "elapsed_time": 591.40568874171,
    "num_requests": 2048,
    "total_num_tokens": 2099200,
    "requests_per_second": 3.462935915204633,
    "tokens_per_second": 3549.509313084749
}