{
    "elapsed_time": 39.76533748302609,
    "num_requests": 256,
    "total_num_tokens": 262400,
    "requests_per_second": 6.4377675685331255,
    "tokens_per_second": 6598.711757746453
}