{
    "elapsed_time": 1183.0796375139616,
    "num_requests": 4096,
    "total_num_tokens": 4198400,
    "requests_per_second": 3.4621507040785855,
    "tokens_per_second": 3548.7044716805503
}