{
    "elapsed_time": 81.50994583405554,
    "num_requests": 512,
    "total_num_tokens": 524800,
    "requests_per_second": 6.281442034599931,
    "tokens_per_second": 6438.478085464929
}