{
    "elapsed_time": 163.31964541971684,
    "num_requests": 1024,
    "total_num_tokens": 1049600,
    "requests_per_second": 6.269913196103334,
    "tokens_per_second": 6426.661026005917
}