{
    "elapsed_time": 26.90716679720208,
    "num_requests": 512,
    "total_num_tokens": 139264,
    "requests_per_second": 19.028387635863613,
    "tokens_per_second": 5175.721436954903
}