{
    "elapsed_time": 8.86367020290345,
    "num_requests": 128,
    "total_num_tokens": 34816,
    "requests_per_second": 14.440970508816017,
    "tokens_per_second": 3927.943978397957
}