{
    "elapsed_time": 6.894517925102264,
    "num_requests": 64,
    "total_num_tokens": 17408,
    "requests_per_second": 9.282737487269744,
    "tokens_per_second": 2524.9045965373707
}