{
    "elapsed_time": 13.922836828045547,
    "num_requests": 256,
    "total_num_tokens": 69632,
    "requests_per_second": 18.387057405163645,
    "tokens_per_second": 5001.279614204512
}