{
    "elapsed_time": 8.4873660732992,
    "num_requests": 256,
    "total_num_tokens": 69632,
    "requests_per_second": 30.16247888792759,
    "tokens_per_second": 8204.194257516305
}