{
    "elapsed_time": 33.187390154227614,
    "num_requests": 512,
    "total_num_tokens": 139264,
    "requests_per_second": 15.427546354824718,
    "tokens_per_second": 4196.292608512324
}