{
    "elapsed_time": 11.053783997893333,
    "num_requests": 128,
    "total_num_tokens": 34816,
    "requests_per_second": 11.579745001747336,
    "tokens_per_second": 3149.690640475275
}