{
    "elapsed_time": 8.258714036084712,
    "num_requests": 64,
    "total_num_tokens": 17408,
    "requests_per_second": 7.749390488684495,
    "tokens_per_second": 2107.834212922183
}