{
    "elapsed_time": 3.9355703899636865,
    "num_requests": 64,
    "total_num_tokens": 17408,
    "requests_per_second": 16.261937574083266,
    "tokens_per_second": 4423.247020150648
}