{
    "elapsed_time": 17.31866814615205,
    "num_requests": 256,
    "total_num_tokens": 69632,
    "requests_per_second": 14.781737131263144,
    "tokens_per_second": 4020.6324997035754
}