{
    "elapsed_time": 16.104922588914633,
    "num_requests": 512,
    "total_num_tokens": 139264,
    "requests_per_second": 31.79152195071218,
    "tokens_per_second": 8647.293970593713
}