{
    "elapsed_time": 5.238104871939868,
    "num_requests": 128,
    "total_num_tokens": 34816,
    "requests_per_second": 24.436318693366818,
    "tokens_per_second": 6646.678684595775
}