{
    "elapsed_time": 3.022344863973558,
    "num_requests": 16,
    "total_num_tokens": 4352,
    "requests_per_second": 5.293902820528684,
    "tokens_per_second": 1439.9415671838021
}