{
    "elapsed_time": 47.29303788021207,
    "num_requests": 512,
    "total_num_tokens": 139264,
    "requests_per_second": 10.82611781668241,
    "tokens_per_second": 2944.7040461376155
}