{
    "elapsed_time": 23.941466632764786,
    "num_requests": 256,
    "total_num_tokens": 69632,
    "requests_per_second": 10.692745098984641,
    "tokens_per_second": 2908.4266669238227
}