{
    "elapsed_time": 90.89081768319011,
    "num_requests": 512,
    "total_num_tokens": 139264,
    "requests_per_second": 5.633132290487605,
    "tokens_per_second": 1532.2119830126285
}