{
    "elapsed_time": 31.614860243629664,
    "num_requests": 128,
    "total_num_tokens": 34816,
    "requests_per_second": 4.048728952575135,
    "tokens_per_second": 1101.2542751004366
}