{
    "elapsed_time": 16.519926318898797,
    "num_requests": 128,
    "total_num_tokens": 34816,
    "requests_per_second": 7.748218577317018,
    "tokens_per_second": 2107.515453030229
}