{
    "elapsed_time": 13.813076790887862,
    "num_requests": 64,
    "total_num_tokens": 17408,
    "requests_per_second": 4.6332906830880125,
    "tokens_per_second": 1260.2550657999395
}