{
    "elapsed_time": 26.829347549006343,
    "num_requests": 64,
    "total_num_tokens": 17408,
    "requests_per_second": 2.3854474986056946,
    "tokens_per_second": 648.8417196207489
}