{
    "elapsed_time": 47.01330878213048,
    "num_requests": 256,
    "total_num_tokens": 69632,
    "requests_per_second": 5.445266598578662,
    "tokens_per_second": 1481.1125148133963
}