{
    "elapsed_time": 3.9758595260209404,
    "num_requests": 512,
    "total_num_tokens": 139264,
    "requests_per_second": 128.7771855743636,
    "tokens_per_second": 35027.3944762269
}