{
    "elapsed_time": 1.5202338860253803,
    "num_requests": 64,
    "total_num_tokens": 17408,
    "requests_per_second": 42.09878531738735,
    "tokens_per_second": 11450.86960632936
}