{
    "elapsed_time": 1.721345262019895,
    "num_requests": 128,
    "total_num_tokens": 34816,
    "requests_per_second": 74.36044518448304,
    "tokens_per_second": 20226.041090179388
}