{
    "elapsed_time": 2.3476296820444986,
    "num_requests": 256,
    "total_num_tokens": 69632,
    "requests_per_second": 109.04615917833144,
    "tokens_per_second": 29660.55529650615
}