{
    "elapsed_time": 3.993625914969016,
    "num_requests": 512,
    "total_num_tokens": 139264,
    "requests_per_second": 128.20429627144293,
    "tokens_per_second": 34871.56858583247
}