{
    "elapsed_time": 2.950991380959749,
    "num_requests": 512,
    "total_num_tokens": 139264,
    "requests_per_second": 173.50101504989232,
    "tokens_per_second": 47192.27609357071
}