{
    "elapsed_time": 1.697933935036417,
    "num_requests": 128,
    "total_num_tokens": 34816,
    "requests_per_second": 75.38573636980445,
    "tokens_per_second": 20504.92029258681
}