{
    "elapsed_time": 1.8075835590134375,
    "num_requests": 256,
    "total_num_tokens": 69632,
    "requests_per_second": 141.6255413053892,
    "tokens_per_second": 38522.14723506586
}