{
    "elapsed_time": 0.6594520990038291,
    "num_requests": 16,
    "total_num_tokens": 4352,
    "requests_per_second": 24.262565884875738,
    "tokens_per_second": 6599.417920686201
}