{
    "elapsed_time": 1.2454993310384452,
    "num_requests": 128,
    "total_num_tokens": 34816,
    "requests_per_second": 102.77002709690655,
    "tokens_per_second": 27953.447370358583
}