{
    "elapsed_time": 1.216929259011522,
    "num_requests": 128,
    "total_num_tokens": 34816,
    "requests_per_second": 105.18277792414233,
    "tokens_per_second": 28609.715595366717
}