{
    "elapsed_time": 1.3675015019834973,
    "num_requests": 64,
    "total_num_tokens": 17408,
    "requests_per_second": 46.80067985824584,
    "tokens_per_second": 12729.78492144287
}