{
    "elapsed_time": 1.573258870979771,
    "num_requests": 256,
    "total_num_tokens": 69632,
    "requests_per_second": 162.71956556048025,
    "tokens_per_second": 44259.72183245063
}