{
    "elapsed_time": 2.1831136690452695,
    "num_requests": 256,
    "total_num_tokens": 69632,
    "requests_per_second": 117.263706251244,
    "tokens_per_second": 31895.72810033837
}