{
    "elapsed_time": 0.8705596289946698,
    "num_requests": 64,
    "total_num_tokens": 17408,
    "requests_per_second": 73.51592914308212,
    "tokens_per_second": 19996.332726918336
}