{
    "elapsed_time": 4.541012653033249,
    "num_requests": 512,
    "total_num_tokens": 139264,
    "requests_per_second": 112.75018131869786,
    "tokens_per_second": 30668.049318685815
}