{
    "elapsed_time": 2.5955427730223164,
    "num_requests": 256,
    "total_num_tokens": 69632,
    "requests_per_second": 98.63062272015924,
    "tokens_per_second": 26827.529379883315
}