{
    "elapsed_time": 1.4308594040339813,
    "num_requests": 64,
    "total_num_tokens": 17408,
    "requests_per_second": 44.728363820768564,
    "tokens_per_second": 12166.11495924905
}