{
    "elapsed_time": 2.826778607966844,
    "num_requests": 128,
    "total_num_tokens": 34816,
    "requests_per_second": 45.28122564648379,
    "tokens_per_second": 12316.493375843591
}