{
    "elapsed_time": 6.9576918999664485,
    "num_requests": 512,
    "total_num_tokens": 139264,
    "requests_per_second": 73.58762178050296,
    "tokens_per_second": 20015.8331242968
}