{
    "elapsed_time": 2.2262480189674534,
    "num_requests": 64,
    "total_num_tokens": 17408,
    "requests_per_second": 28.747920022713178,
    "tokens_per_second": 7819.434246177984
}