{
    "elapsed_time": 3.934973423019983,
    "num_requests": 256,
    "total_num_tokens": 69632,
    "requests_per_second": 65.05761856036301,
    "tokens_per_second": 17695.672248418738
}