{
    "elapsed_time": 1.8480718510109,
    "num_requests": 128,
    "total_num_tokens": 34816,
    "requests_per_second": 69.26137635286403,
    "tokens_per_second": 18839.094367979014
}