{
    "elapsed_time": 8.943225307999455,
    "num_requests": 512,
    "total_num_tokens": 139264,
    "requests_per_second": 57.25003926067152,
    "tokens_per_second": 15572.010678902654
}