{
    "elapsed_time": 2.6262859499993283,
    "num_requests": 64,
    "total_num_tokens": 17408,
    "requests_per_second": 24.36901434895784,
    "tokens_per_second": 6628.371902916532
}