{
    "elapsed_time": 4.496505690000049,
    "num_requests": 256,
    "total_num_tokens": 69632,
    "requests_per_second": 56.93309819874757,
    "tokens_per_second": 15485.802710059339
}