{
    "elapsed_time": 3.0896447490003993,
    "num_requests": 128,
    "total_num_tokens": 34816,
    "requests_per_second": 41.4287111945191,
    "tokens_per_second": 11268.609444909196
}