{
    "elapsed_time": 6.918123329000082,
    "num_requests": 512,
    "total_num_tokens": 139264,
    "requests_per_second": 74.0085100613554,
    "tokens_per_second": 20130.314736688666
}