{
    "elapsed_time": 3.323135162001563,
    "num_requests": 64,
    "total_num_tokens": 17408,
    "requests_per_second": 19.258921735055775,
    "tokens_per_second": 5238.426711935171
}