{
    "elapsed_time": 1.390247936000378,
    "num_requests": 16,
    "total_num_tokens": 4352,
    "requests_per_second": 11.508738539134683,
    "tokens_per_second": 3130.376882644634
}