{
    "elapsed_time": 2.59587240700057,
    "num_requests": 128,
    "total_num_tokens": 34816,
    "requests_per_second": 49.30904910996725,
    "tokens_per_second": 13412.061357911092
}