{
    "elapsed_time": 5.633326924998983,
    "num_requests": 256,
    "total_num_tokens": 69632,
    "requests_per_second": 45.44383867798445,
    "tokens_per_second": 12360.724120411773
}