{
    "elapsed_time": 11.671677067999553,
    "num_requests": 512,
    "total_num_tokens": 139264,
    "requests_per_second": 43.86687508719373,
    "tokens_per_second": 11931.790023716696
}