{
    "elapsed_time": 3.4192871209997975,
    "num_requests": 256,
    "total_num_tokens": 69632,
    "requests_per_second": 74.86940725970557,
    "tokens_per_second": 20364.478774639916
}