{
    "elapsed_time": 3.880193701999815,
    "num_requests": 128,
    "total_num_tokens": 34816,
    "requests_per_second": 32.988043853076206,
    "tokens_per_second": 8972.747928036728
}