{
    "elapsed_time": 1.9700512989984418,
    "num_requests": 64,
    "total_num_tokens": 17408,
    "requests_per_second": 32.48646369388304,
    "tokens_per_second": 8836.318124736186
}