{
    "elapsed_time": 4.851648468997155,
    "num_requests": 64,
    "total_num_tokens": 17408,
    "requests_per_second": 13.191392659416836,
    "tokens_per_second": 3588.0588033613794
}