{
    "elapsed_time": 5.47292390599614,
    "num_requests": 128,
    "total_num_tokens": 34816,
    "requests_per_second": 23.38786400076988,
    "tokens_per_second": 6361.499008209407
}