{
    "elapsed_time": 7.972699985002691,
    "num_requests": 256,
    "total_num_tokens": 69632,
    "requests_per_second": 32.1095739814062,
    "tokens_per_second": 8733.804122942485
}