{
    "elapsed_time": 36.24064183500013,
    "num_requests": 128,
    "total_num_tokens": 34816,
    "requests_per_second": 3.5319462768559857,
    "tokens_per_second": 960.6893873048281
}