{
    "elapsed_time": 15.419071079995774,
    "num_requests": 512,
    "total_num_tokens": 139264,
    "requests_per_second": 33.20563199583748,
    "tokens_per_second": 9031.931902867793
}