{
    "elapsed_time": 60.721767528913915,
    "num_requests": 1024,
    "total_num_tokens": 1049600,
    "requests_per_second": 16.86380422823498,
    "tokens_per_second": 17285.399333940855
}