{
    "elapsed_time": 30.759753067977726,
    "num_requests": 512,
    "total_num_tokens": 524800,
    "requests_per_second": 16.64512712012031,
    "tokens_per_second": 17061.25529812332
}