{
    "elapsed_time": 243.73644541203976,
    "num_requests": 4096,
    "total_num_tokens": 4198400,
    "requests_per_second": 16.805037068115343,
    "tokens_per_second": 17225.162994818227
}