{
    "elapsed_time": 119.67648687772453,
    "num_requests": 2048,
    "total_num_tokens": 2099200,
    "requests_per_second": 17.11280179950867,
    "tokens_per_second": 17540.621844496385
}