{
    "elapsed_time": 7.629467805847526,
    "num_requests": 128,
    "total_num_tokens": 131200,
    "requests_per_second": 16.777054869003543,
    "tokens_per_second": 17196.48124072863
}