{
    "elapsed_time": 14.32510800100863,
    "num_requests": 256,
    "total_num_tokens": 262400,
    "requests_per_second": 17.870720414950803,
    "tokens_per_second": 18317.488425324573
}