{
    "elapsed_time": 4.374796818941832,
    "num_requests": 128,
    "total_num_tokens": 65664,
    "requests_per_second": 29.25850166247502,
    "tokens_per_second": 15009.611352849684
}