{
    "elapsed_time": 8.583726263139397,
    "num_requests": 128,
    "total_num_tokens": 131200,
    "requests_per_second": 14.91193871706546,
    "tokens_per_second": 15284.737184992096
}