{
    "elapsed_time": 17.417401178739965,
    "num_requests": 256,
    "total_num_tokens": 262400,
    "requests_per_second": 14.697944737730381,
    "tokens_per_second": 15065.393356173641
}