{
    "elapsed_time": 1.6819109451025724,
    "num_requests": 128,
    "total_num_tokens": 32896,
    "requests_per_second": 76.1039104791567,
    "tokens_per_second": 19558.70499314327
}