{
    "elapsed_time": 72.34930948913097,
    "num_requests": 1024,
    "total_num_tokens": 1049600,
    "requests_per_second": 14.153555952788125,
    "tokens_per_second": 14507.394851607827
}