{
    "elapsed_time": 286.8274267320521,
    "num_requests": 4096,
    "total_num_tokens": 4198400,
    "requests_per_second": 14.280363794590652,
    "tokens_per_second": 14637.372889455419
}