{
    "elapsed_time": 15.489459339063615,
    "num_requests": 512,
    "total_num_tokens": 524800,
    "requests_per_second": 33.05473669495762,
    "tokens_per_second": 33881.105112331556
}