{
    "elapsed_time": 123.64751610578969,
    "num_requests": 4096,
    "total_num_tokens": 4198400,
    "requests_per_second": 33.12642363551861,
    "tokens_per_second": 33954.58422640658
}