{
    "elapsed_time": 143.05496716685593,
    "num_requests": 2048,
    "total_num_tokens": 2099200,
    "requests_per_second": 14.316175387403788,
    "tokens_per_second": 14674.079772088884
}