{
    "elapsed_time": 244.6635518828407,
    "num_requests": 8192,
    "total_num_tokens": 8396800,
    "requests_per_second": 33.48271508754525,
    "tokens_per_second": 34319.78296473388
}