{
    "elapsed_time": 63.56891293870285,
    "num_requests": 2048,
    "total_num_tokens": 2099200,
    "requests_per_second": 32.21700522037887,
    "tokens_per_second": 33022.430350888346
}