{
    "elapsed_time": 36.47659782599658,
    "num_requests": 512,
    "total_num_tokens": 524800,
    "requests_per_second": 14.03639677259324,
    "tokens_per_second": 14387.306691908072
}