{
    "elapsed_time": 566.9012726149522,
    "num_requests": 8192,
    "total_num_tokens": 8396800,
    "requests_per_second": 14.450487934543991,
    "tokens_per_second": 14811.75013290759
}