{
    "elapsed_time": 4.711419757921249,
    "num_requests": 128,
    "total_num_tokens": 65664,
    "requests_per_second": 27.168031416601178,
    "tokens_per_second": 13937.200116716403
}