{
    "elapsed_time": 32.00147212902084,
    "num_requests": 1024,
    "total_num_tokens": 1049600,
    "requests_per_second": 31.998527938699915,
    "tokens_per_second": 32798.49113716741
}