{
    "elapsed_time": 1.5181504939682782,
    "num_requests": 128,
    "total_num_tokens": 16512,
    "requests_per_second": 84.3131168540624,
    "tokens_per_second": 10876.39207417405
}