{
    "elapsed_time": 7.6738680033013225,
    "num_requests": 256,
    "total_num_tokens": 262400,
    "requests_per_second": 33.3599691693769,
    "tokens_per_second": 34193.96839861132
}