{
    "elapsed_time": 4.110813341103494,
    "num_requests": 128,
    "total_num_tokens": 131200,
    "requests_per_second": 31.137390433212925,
    "tokens_per_second": 31915.82519404325
}