{
    "elapsed_time": 2.2202001619152725,
    "num_requests": 128,
    "total_num_tokens": 65664,
    "requests_per_second": 57.652459537512975,
    "tokens_per_second": 29575.711742744155
}