{
    "elapsed_time": 1.3236986128613353,
    "num_requests": 128,
    "total_num_tokens": 2176,
    "requests_per_second": 96.69874906290977,
    "tokens_per_second": 1643.878734069466
}