{
    "elapsed_time": 1854.738976304885,
    "num_requests": 2048,
    "total_num_tokens": 2099200,
    "requests_per_second": 1.10419850241145,
    "tokens_per_second": 1131.8034649717363
}