{
    "elapsed_time": 17.23803880577907,
    "num_requests": 128,
    "total_num_tokens": 131200,
    "requests_per_second": 7.42543867328387,
    "tokens_per_second": 7611.074640115967
}