{
    "elapsed_time": 249.48305608611554,
    "num_requests": 1024,
    "total_num_tokens": 1049600,
    "requests_per_second": 4.104487158625073,
    "tokens_per_second": 4207.099337590699
}