{
    "elapsed_time": 279.44726616423577,
    "num_requests": 2048,
    "total_num_tokens": 2099200,
    "requests_per_second": 7.328753034915563,
    "tokens_per_second": 7511.971860788452
}