{
    "elapsed_time": 122.81046640174463,
    "num_requests": 512,
    "total_num_tokens": 524800,
    "requests_per_second": 4.169025776069576,
    "tokens_per_second": 4273.251420471315
}