{
    "elapsed_time": 15.99801083188504,
    "num_requests": 128,
    "total_num_tokens": 65664,
    "requests_per_second": 8.000994707722535,
    "tokens_per_second": 4104.51028506166
}