{
    "elapsed_time": 1011.0246234526858,
    "num_requests": 4096,
    "total_num_tokens": 4198400,
    "requests_per_second": 4.051335551068985,
    "tokens_per_second": 4152.61893984571
}