{
    "elapsed_time": 34.57169113168493,
    "num_requests": 256,
    "total_num_tokens": 262400,
    "requests_per_second": 7.404902439538926,
    "tokens_per_second": 7590.025000527399
}