{
    "elapsed_time": 71.5316556780599,
    "num_requests": 512,
    "total_num_tokens": 524800,
    "requests_per_second": 7.157670197154963,
    "tokens_per_second": 7336.611952083837
}