{
    "elapsed_time": 10.34279730124399,
    "num_requests": 128,
    "total_num_tokens": 65664,
    "requests_per_second": 12.375762211312471,
    "tokens_per_second": 6348.766014403298
}