{
    "elapsed_time": 140.99374088831246,
    "num_requests": 1024,
    "total_num_tokens": 1049600,
    "requests_per_second": 7.262733746536712,
    "tokens_per_second": 7444.30209020013
}