{
    "elapsed_time": 30.319376495666802,
    "num_requests": 128,
    "total_num_tokens": 131200,
    "requests_per_second": 4.22172269994713,
    "tokens_per_second": 4327.265767445808
}