{
    "elapsed_time": 550.5381251391955,
    "num_requests": 4096,
    "total_num_tokens": 4198400,
    "requests_per_second": 7.4399933682420025,
    "tokens_per_second": 7625.993202448052
}