{
    "elapsed_time": 62.828028752002865,
    "num_requests": 256,
    "total_num_tokens": 262400,
    "requests_per_second": 4.074614548396747,
    "tokens_per_second": 4176.479912106666
}