{
    "elapsed_time": 2024.7368290140294,
    "num_requests": 8192,
    "total_num_tokens": 8396800,
    "requests_per_second": 4.045957915424098,
    "tokens_per_second": 4147.1068633097
}