{
  "completed": true,
  "results": {
    "0": {
      "success": true,
      "duration": 74.3314881324768,
      "skipped": false
    },
    "1": {
      "success": true,
      "duration": 413.3177535533905,
      "skipped": false
    },
    "2": {
      "success": true,
      "duration": 583.7848522663116,
      "skipped": false
    },
    "3": {
      "success": true,
      "duration": 3732.6235485076904,
      "skipped": false
    },
    "4": {
      "success": true,
      "duration": 1126.0780761241913,
      "skipped": false
    },
    "5": {
      "success": true,
      "duration": 75.9338927268982,
      "skipped": false
    },
    "6": {
      "success": true,
      "duration": 243.66289687156677,
      "skipped": false
    },
    "7": {
      "success": true,
      "duration": 294.59732699394226,
      "skipped": false
    }
  },
  "summary": {
    "success": 8,
    "failed": 0,
    "skipped": 0,
    "total_duration": 6544.329835176468
  },
  "timestamp": "2026-01-28T01:39:09.668940"
}