{
  "interrupted": true,
  "signal": 2,
  "results": {
    "0": {
      "success": true,
      "duration": 308.59170174598694,
      "skipped": false
    },
    "1": {
      "success": true,
      "duration": 2698.4328751564026,
      "skipped": false
    },
    "2": {
      "success": true,
      "duration": 1034.4932553768158,
      "skipped": false
    }
  },
  "timestamp": "2026-01-25T15:59:01.547225"
}