{
    "elapsed_time": 3.9816619069315493,
    "num_requests": 128,
    "total_num_tokens": 65664,
    "requests_per_second": 32.14738041348233,
    "tokens_per_second": 16491.606152116437
}