{
    "elapsed_time": 41.534548464929685,
    "num_requests": 4096,
    "total_num_tokens": 4198400,
    "requests_per_second": 98.6166974575038,
    "tokens_per_second": 101082.1148939414
}