{
    "elapsed_time": 11.041932578198612,
    "num_requests": 1024,
    "total_num_tokens": 1049600,
    "requests_per_second": 92.73738928833924,
    "tokens_per_second": 95055.82402054772
}