{
    "elapsed_time": 21.49128164886497,
    "num_requests": 2048,
    "total_num_tokens": 2099200,
    "requests_per_second": 95.29445630378038,
    "tokens_per_second": 97676.81771137488
}