{
    "elapsed_time": 6.253262297948822,
    "num_requests": 512,
    "total_num_tokens": 524800,
    "requests_per_second": 81.87726271580593,
    "tokens_per_second": 83924.19428370107
}