{
    "elapsed_time": 3.978957374114543,
    "num_requests": 128,
    "total_num_tokens": 131200,
    "requests_per_second": 32.16923127468398,
    "tokens_per_second": 32973.46205655108
}