{
    "elapsed_time": 4.032988958060741,
    "num_requests": 256,
    "total_num_tokens": 262400,
    "requests_per_second": 63.47649414916755,
    "tokens_per_second": 65063.406502896745
}