{
    "elapsed_time": 3.6737661049701273,
    "num_requests": 128,
    "total_num_tokens": 131200,
    "requests_per_second": 34.841630180765364,
    "tokens_per_second": 35712.6709352845
}