{
    "elapsed_time": 3.910833331057802,
    "num_requests": 128,
    "total_num_tokens": 65664,
    "requests_per_second": 32.729597291577385,
    "tokens_per_second": 16790.2834105792
}