{
    "elapsed_time": 6.4305082289502025,
    "num_requests": 1024,
    "total_num_tokens": 1049600,
    "requests_per_second": 159.2409127773048,
    "tokens_per_second": 163221.93559673743
}