{
    "elapsed_time": 4.469811954069883,
    "num_requests": 512,
    "total_num_tokens": 524800,
    "requests_per_second": 114.54620580487963,
    "tokens_per_second": 117409.86095000163
}