{
    "elapsed_time": 25.39136505802162,
    "num_requests": 2048,
    "total_num_tokens": 2099200,
    "requests_per_second": 80.6573413961845,
    "tokens_per_second": 82673.77493108912
}