{
    "elapsed_time": 4.040805514086969,
    "num_requests": 128,
    "total_num_tokens": 131200,
    "requests_per_second": 31.67685243790357,
    "tokens_per_second": 32468.77374885116
}