{
    "elapsed_time": 13.275085033965297,
    "num_requests": 1024,
    "total_num_tokens": 1049600,
    "requests_per_second": 77.13698235303349,
    "tokens_per_second": 79065.40691185932
}