{
    "elapsed_time": 11.370107493014075,
    "num_requests": 2048,
    "total_num_tokens": 2099200,
    "requests_per_second": 180.12142816225042,
    "tokens_per_second": 184624.4638663067
}