{
    "elapsed_time": 3.865515392040834,
    "num_requests": 128,
    "total_num_tokens": 65664,
    "requests_per_second": 33.11330754588491,
    "tokens_per_second": 16987.12677103896
}