{
    "elapsed_time": 4.058502667001449,
    "num_requests": 256,
    "total_num_tokens": 262400,
    "requests_per_second": 63.0774502334234,
    "tokens_per_second": 64654.386489258985
}