{
    "elapsed_time": 4.262555169989355,
    "num_requests": 128,
    "total_num_tokens": 32896,
    "requests_per_second": 30.02893684548361,
    "tokens_per_second": 7717.436769289288
}