{
    "elapsed_time": 99.8756909489166,
    "num_requests": 8192,
    "total_num_tokens": 8396800,
    "requests_per_second": 82.02196072105234,
    "tokens_per_second": 84072.50973907865
}