{
    "elapsed_time": 42.39907033194322,
    "num_requests": 8192,
    "total_num_tokens": 8396800,
    "requests_per_second": 193.21178355715486,
    "tokens_per_second": 198042.07814608375
}