{
    "elapsed_time": 3.9393959740409628,
    "num_requests": 256,
    "total_num_tokens": 262400,
    "requests_per_second": 64.98458182090279,
    "tokens_per_second": 66609.19636642536
}