{
    "elapsed_time": 21.676319427089766,
    "num_requests": 4096,
    "total_num_tokens": 4198400,
    "requests_per_second": 188.96196901772285,
    "tokens_per_second": 193686.01824316592
}