{
    "elapsed_time": 4.2395719069754705,
    "num_requests": 128,
    "total_num_tokens": 16512,
    "requests_per_second": 30.19172756320007,
    "tokens_per_second": 3894.732855652809
}