{
    "elapsed_time": 49.9284034849843,
    "num_requests": 4096,
    "total_num_tokens": 4198400,
    "requests_per_second": 82.03747194183467,
    "tokens_per_second": 84088.40874038053
}