{
    "elapsed_time": 4.206801657914184,
    "num_requests": 128,
    "total_num_tokens": 2176,
    "requests_per_second": 30.42691583977956,
    "tokens_per_second": 517.2575692762525
}