{
    "elapsed_time": 6.978692814009264,
    "num_requests": 512,
    "total_num_tokens": 524800,
    "requests_per_second": 73.36617524877924,
    "tokens_per_second": 75200.32962999871
}