{
    "elapsed_time": 93.76359195297118,
    "num_requests": 2048,
    "total_num_tokens": 2099200,
    "requests_per_second": 21.84216663784821,
    "tokens_per_second": 22388.220803794415
}