{
    "elapsed_time": 24.08563037100248,
    "num_requests": 512,
    "total_num_tokens": 524800,
    "requests_per_second": 21.257488058789377,
    "tokens_per_second": 21788.92526025911
}