{
    "elapsed_time": 5.7519749159691855,
    "num_requests": 128,
    "total_num_tokens": 65664,
    "requests_per_second": 22.253226390927765,
    "tokens_per_second": 11415.905138545944
}