{
    "elapsed_time": 48.73349116696045,
    "num_requests": 2048,
    "total_num_tokens": 2099200,
    "requests_per_second": 42.0244876974558,
    "tokens_per_second": 43075.09988989219
}