{
    "elapsed_time": 6.856924184015952,
    "num_requests": 256,
    "total_num_tokens": 262400,
    "requests_per_second": 37.33452392499203,
    "tokens_per_second": 38267.887023116826
}