{
    "elapsed_time": 3.6422090829582885,
    "num_requests": 128,
    "total_num_tokens": 65664,
    "requests_per_second": 35.14350688951535,
    "tokens_per_second": 18028.619034321375
}