{
    "elapsed_time": 3.9355402139481157,
    "num_requests": 128,
    "total_num_tokens": 131200,
    "requests_per_second": 32.52412452713601,
    "tokens_per_second": 33337.227640314406
}