{
    "elapsed_time": 12.49788390705362,
    "num_requests": 256,
    "total_num_tokens": 262400,
    "requests_per_second": 20.483467593703395,
    "tokens_per_second": 20995.554283545982
}