{
    "elapsed_time": 12.79673947696574,
    "num_requests": 512,
    "total_num_tokens": 524800,
    "requests_per_second": 40.0101917306049,
    "tokens_per_second": 41010.44652387003
}