{
    "elapsed_time": 24.961991190095432,
    "num_requests": 1024,
    "total_num_tokens": 1049600,
    "requests_per_second": 41.02236845617944,
    "tokens_per_second": 42047.92766758393
}