{
    "elapsed_time": 98.87032843194902,
    "num_requests": 4096,
    "total_num_tokens": 4198400,
    "requests_per_second": 41.42800034106507,
    "tokens_per_second": 42463.7003495917
}