{
    "elapsed_time": 7.048920702072792,
    "num_requests": 128,
    "total_num_tokens": 131200,
    "requests_per_second": 18.15880833534708,
    "tokens_per_second": 18612.778543730758
}