{
    "elapsed_time": 185.10555718292017,
    "num_requests": 4096,
    "total_num_tokens": 4198400,
    "requests_per_second": 22.12791480891283,
    "tokens_per_second": 22681.11267913565
}