{
    "elapsed_time": 370.123359892983,
    "num_requests": 8192,
    "total_num_tokens": 8396800,
    "requests_per_second": 22.13316123134899,
    "tokens_per_second": 22686.490262132713
}