{
    "elapsed_time": 46.63357307296246,
    "num_requests": 1024,
    "total_num_tokens": 1049600,
    "requests_per_second": 21.958428928400124,
    "tokens_per_second": 22507.389651610127
}