{
    "elapsed_time": 1.8968815389089286,
    "num_requests": 64,
    "total_num_tokens": 17408,
    "requests_per_second": 33.73958715250732,
    "tokens_per_second": 9177.16770548199
}