{
    "elapsed_time": 6.260795881971717,
    "num_requests": 512,
    "total_num_tokens": 139264,
    "requests_per_second": 81.77874021964688,
    "tokens_per_second": 22243.81733974395
}