{
    "elapsed_time": 2.4173353631049395,
    "num_requests": 128,
    "total_num_tokens": 34816,
    "requests_per_second": 52.95086563230961,
    "tokens_per_second": 14402.635451988213
}