{
    "elapsed_time": 3.339673067908734,
    "num_requests": 256,
    "total_num_tokens": 69632,
    "requests_per_second": 76.65420979674047,
    "tokens_per_second": 20849.94506471341
}