{
    "elapsed_time": 2.174641618039459,
    "num_requests": 64,
    "total_num_tokens": 17408,
    "requests_per_second": 29.43013665750543,
    "tokens_per_second": 8004.997170841477
}