{
    "elapsed_time": 4.404100459069014,
    "num_requests": 512,
    "total_num_tokens": 139264,
    "requests_per_second": 116.25529543625171,
    "tokens_per_second": 31621.440358660468
}