{
    "elapsed_time": 3.8891699929954484,
    "num_requests": 256,
    "total_num_tokens": 69632,
    "requests_per_second": 65.82381342576085,
    "tokens_per_second": 17904.07725180695
}