{
    "elapsed_time": 1.7297999880975112,
    "num_requests": 128,
    "total_num_tokens": 34816,
    "requests_per_second": 73.99699438128593,
    "tokens_per_second": 20127.182471709773
}