{
    "elapsed_time": 7.248211765894666,
    "num_requests": 512,
    "total_num_tokens": 139264,
    "requests_per_second": 70.63811275618855,
    "tokens_per_second": 19213.56666968329
}