{
    "elapsed_time": 2.363223443971947,
    "num_requests": 256,
    "total_num_tokens": 69632,
    "requests_per_second": 108.32661661892303,
    "tokens_per_second": 29464.839720347063
}