{
    "elapsed_time": 2.543987103039399,
    "num_requests": 128,
    "total_num_tokens": 34816,
    "requests_per_second": 50.31472048229863,
    "tokens_per_second": 13685.603971185228
}