{
    "elapsed_time": 1.2162206100765616,
    "num_requests": 64,
    "total_num_tokens": 17408,
    "requests_per_second": 52.622032113048284,
    "tokens_per_second": 14313.192734749133
}