{
    "elapsed_time": 0.9933683290146291,
    "num_requests": 16,
    "total_num_tokens": 4352,
    "requests_per_second": 16.10681509835449,
    "tokens_per_second": 4381.053706752422
}