{
    "elapsed_time": 5.440272498992272,
    "num_requests": 128,
    "total_num_tokens": 34816,
    "requests_per_second": 23.52823319488317,
    "tokens_per_second": 6399.679429008223
}