{
    "elapsed_time": 4.613015178008936,
    "num_requests": 256,
    "total_num_tokens": 69632,
    "requests_per_second": 55.49515666464691,
    "tokens_per_second": 15094.682612783961
}