{
    "elapsed_time": 2.545388428028673,
    "num_requests": 64,
    "total_num_tokens": 17408,
    "requests_per_second": 25.14351023806849,
    "tokens_per_second": 6839.034784754629
}