{
    "elapsed_time": 8.818239473970607,
    "num_requests": 512,
    "total_num_tokens": 139264,
    "requests_per_second": 58.06147604760621,
    "tokens_per_second": 15792.72148494889
}