{
    "elapsed_time": 7.777559813926928,
    "num_requests": 256,
    "total_num_tokens": 69632,
    "requests_per_second": 32.91520812756622,
    "tokens_per_second": 8952.93661069801
}