{
    "elapsed_time": 4.128128422074951,
    "num_requests": 64,
    "total_num_tokens": 17408,
    "requests_per_second": 15.503393658434495,
    "tokens_per_second": 4216.923075094182
}