{
    "elapsed_time": 15.435108575969934,
    "num_requests": 512,
    "total_num_tokens": 139264,
    "requests_per_second": 33.17113044459593,
    "tokens_per_second": 9022.547480930092
}