{
    "elapsed_time": 3.1436657469021156,
    "num_requests": 128,
    "total_num_tokens": 34816,
    "requests_per_second": 40.7167969833103,
    "tokens_per_second": 11074.968779460403
}