{
    "elapsed_time": 9.562597926999842,
    "num_requests": 512,
    "total_num_tokens": 524800,
    "requests_per_second": 53.541935351519506,
    "tokens_per_second": 54880.48373530749
}