{
    "elapsed_time": 74.37748194599953,
    "num_requests": 4096,
    "total_num_tokens": 4198400,
    "requests_per_second": 55.07043116858714,
    "tokens_per_second": 56447.19194780182
}