{
    "elapsed_time": 37.7420271750002,
    "num_requests": 2048,
    "total_num_tokens": 2099200,
    "requests_per_second": 54.26311603518125,
    "tokens_per_second": 55619.69393606078
}