{
    "elapsed_time": 19.10490019699955,
    "num_requests": 1024,
    "total_num_tokens": 1049600,
    "requests_per_second": 53.59881441101799,
    "tokens_per_second": 54938.78477129344
}