{
    "elapsed_time": 8.04675682800007,
    "num_requests": 128,
    "total_num_tokens": 131200,
    "requests_per_second": 15.907029718432902,
    "tokens_per_second": 16304.705461393725
}