{
    "elapsed_time": 7.862819882000167,
    "num_requests": 256,
    "total_num_tokens": 262400,
    "requests_per_second": 32.558293823573884,
    "tokens_per_second": 33372.25116916323
}