{
    "elapsed_time": 7.936376139999993,
    "num_requests": 128,
    "total_num_tokens": 65664,
    "requests_per_second": 16.128267831821805,
    "tokens_per_second": 8273.801397724586
}