{
    "elapsed_time": 8.158277802000157,
    "num_requests": 128,
    "total_num_tokens": 16512,
    "requests_per_second": 15.68958585458053,
    "tokens_per_second": 2023.9565752408885
}