{
    "elapsed_time": 12.54098444200281,
    "num_requests": 512,
    "total_num_tokens": 524800,
    "requests_per_second": 40.826141071125754,
    "tokens_per_second": 41846.7945979039
}