{
    "elapsed_time": 51.75853053800165,
    "num_requests": 2048,
    "total_num_tokens": 2099200,
    "requests_per_second": 39.56835672713577,
    "tokens_per_second": 40557.56564531417
}