{
    "elapsed_time": 25.855416084003082,
    "num_requests": 1024,
    "total_num_tokens": 1049600,
    "requests_per_second": 39.60485480771495,
    "tokens_per_second": 40594.976177907825
}