{
    "elapsed_time": 7.832818992999819,
    "num_requests": 128,
    "total_num_tokens": 131200,
    "requests_per_second": 16.341498522357462,
    "tokens_per_second": 16750.035985416398
}