{
    "elapsed_time": 8.758300880999741,
    "num_requests": 256,
    "total_num_tokens": 262400,
    "requests_per_second": 29.229413727423594,
    "tokens_per_second": 29960.149070609186
}