{
    "elapsed_time": 7.885857530000067,
    "num_requests": 128,
    "total_num_tokens": 32896,
    "requests_per_second": 16.231589210564767,
    "tokens_per_second": 4171.518427115145
}