{
    "elapsed_time": 201.9566760029993,
    "num_requests": 8192,
    "total_num_tokens": 8396800,
    "requests_per_second": 40.56315523770226,
    "tokens_per_second": 41577.23411864482
}