{
    "elapsed_time": 8.081750534001912,
    "num_requests": 512,
    "total_num_tokens": 524800,
    "requests_per_second": 63.35261127473436,
    "tokens_per_second": 64936.42655660272
}