{
    "elapsed_time": 11.207617289001064,
    "num_requests": 1024,
    "total_num_tokens": 1049600,
    "requests_per_second": 91.3664317396824,
    "tokens_per_second": 93650.59253317445
}