{
    "elapsed_time": 43.941688250997686,
    "num_requests": 4096,
    "total_num_tokens": 4198400,
    "requests_per_second": 93.21444311842072,
    "tokens_per_second": 95544.80419638124
}