{
    "elapsed_time": 8.699813905001065,
    "num_requests": 128,
    "total_num_tokens": 65664,
    "requests_per_second": 14.712958391721406,
    "tokens_per_second": 7547.747654953082
}