{
    "elapsed_time": 8.50750210499973,
    "num_requests": 128,
    "total_num_tokens": 2176,
    "requests_per_second": 15.045544323142316,
    "tokens_per_second": 255.77425349341937
}