{
    "elapsed_time": 103.33734402799746,
    "num_requests": 4096,
    "total_num_tokens": 4198400,
    "requests_per_second": 39.63717123298872,
    "tokens_per_second": 40628.10051381344
}