{
    "elapsed_time": 7.755328804003511,
    "num_requests": 128,
    "total_num_tokens": 65664,
    "requests_per_second": 16.504780549591,
    "tokens_per_second": 8466.952421940185
}