{
    "elapsed_time": 22.218246242999157,
    "num_requests": 2048,
    "total_num_tokens": 2099200,
    "requests_per_second": 92.1764921317907,
    "tokens_per_second": 94480.90443508547
}