{
    "elapsed_time": 461.963637269997,
    "num_requests": 8192,
    "total_num_tokens": 8396800,
    "requests_per_second": 17.732997446316634,
    "tokens_per_second": 18176.32238247455
}