{
    "elapsed_time": 8.869836331999977,
    "num_requests": 128,
    "total_num_tokens": 131200,
    "requests_per_second": 14.430931441001963,
    "tokens_per_second": 14791.704727027012
}