{
    "elapsed_time": 7.871112495999114,
    "num_requests": 256,
    "total_num_tokens": 262400,
    "requests_per_second": 32.52399201893313,
    "tokens_per_second": 33337.09181940646
}