{
    "elapsed_time": 50.54087687399988,
    "num_requests": 1024,
    "total_num_tokens": 1049600,
    "requests_per_second": 20.26082773658373,
    "tokens_per_second": 20767.348429998325
}