{
    "elapsed_time": 191.73140624799998,
    "num_requests": 2048,
    "total_num_tokens": 2099200,
    "requests_per_second": 10.681609445616651,
    "tokens_per_second": 10948.649681757068
}