{
    "elapsed_time": 13.556441236996761,
    "num_requests": 128,
    "total_num_tokens": 65664,
    "requests_per_second": 9.442006037003011,
    "tokens_per_second": 4843.749096982545
}