{
    "elapsed_time": 13.118615852999937,
    "num_requests": 128,
    "total_num_tokens": 131200,
    "requests_per_second": 9.757126928198696,
    "tokens_per_second": 10001.055101403665
}