{
    "elapsed_time": 96.34011218999876,
    "num_requests": 1024,
    "total_num_tokens": 1049600,
    "requests_per_second": 10.629009835285444,
    "tokens_per_second": 10894.73508116758
}