{
    "elapsed_time": 101.12090965199968,
    "num_requests": 2048,
    "total_num_tokens": 2099200,
    "requests_per_second": 20.25298236584347,
    "tokens_per_second": 20759.306924989552
}