{
    "elapsed_time": 676.9573493890002,
    "num_requests": 4096,
    "total_num_tokens": 4198400,
    "requests_per_second": 6.050602750227791,
    "tokens_per_second": 6201.867818983485
}