{
    "elapsed_time": 7.834887551000065,
    "num_requests": 128,
    "total_num_tokens": 131200,
    "requests_per_second": 16.33718405871208,
    "tokens_per_second": 16745.613660179883
}