{
    "elapsed_time": 47.151491648000956,
    "num_requests": 512,
    "total_num_tokens": 524800,
    "requests_per_second": 10.858617237864348,
    "tokens_per_second": 11130.082668810956
}