{
    "elapsed_time": 13.373916059001203,
    "num_requests": 256,
    "total_num_tokens": 262400,
    "requests_per_second": 19.141738206716298,
    "tokens_per_second": 19620.281661884204
}