{
    "elapsed_time": 7.81758099200124,
    "num_requests": 128,
    "total_num_tokens": 65664,
    "requests_per_second": 16.37335131301697,
    "tokens_per_second": 8399.529223577705
}