{
    "elapsed_time": 23.74801352799841,
    "num_requests": 256,
    "total_num_tokens": 262400,
    "requests_per_second": 10.779849004978095,
    "tokens_per_second": 11049.345230102548
}