{
    "elapsed_time": 25.53674921700076,
    "num_requests": 512,
    "total_num_tokens": 524800,
    "requests_per_second": 20.04953706711983,
    "tokens_per_second": 20550.775493797824
}