{
    "elapsed_time": 1.1013359201606363,
    "num_requests": 128,
    "total_num_tokens": 16512,
    "requests_per_second": 116.22248730553567,
    "tokens_per_second": 14992.700862414102
}