{
    "elapsed_time": 4.473511899006553,
    "num_requests": 512,
    "total_num_tokens": 139264,
    "requests_per_second": 114.45146711551197,
    "tokens_per_second": 31130.799055419255
}