{
    "elapsed_time": 2.0252512469887733,
    "num_requests": 128,
    "total_num_tokens": 34816,
    "requests_per_second": 63.2020349032327,
    "tokens_per_second": 17190.953493679295
}