{
    "elapsed_time": 1.7468611759832129,
    "num_requests": 64,
    "total_num_tokens": 17408,
    "requests_per_second": 36.63714145113901,
    "tokens_per_second": 9965.30247470981
}