{
    "elapsed_time": 2.627435770991724,
    "num_requests": 256,
    "total_num_tokens": 69632,
    "requests_per_second": 97.43339982897963,
    "tokens_per_second": 26501.88475348246
}