{
    "elapsed_time": 1.015389267995488,
    "num_requests": 64,
    "total_num_tokens": 17408,
    "requests_per_second": 63.030014219417964,
    "tokens_per_second": 17144.163867681687
}