{
    "elapsed_time": 2.685834843025077,
    "num_requests": 256,
    "total_num_tokens": 69632,
    "requests_per_second": 95.31487040791576,
    "tokens_per_second": 25925.644750953088
}