{
    "elapsed_time": 1.0167780949850567,
    "num_requests": 64,
    "total_num_tokens": 17408,
    "requests_per_second": 62.94392091613715,
    "tokens_per_second": 17120.746489189307
}