{
    "elapsed_time": 1.5636277290177532,
    "num_requests": 64,
    "total_num_tokens": 17408,
    "requests_per_second": 40.930458581854275,
    "tokens_per_second": 11133.084734264361
}