{
    "elapsed_time": 1.7417013450176455,
    "num_requests": 256,
    "total_num_tokens": 69632,
    "requests_per_second": 146.98271935789683,
    "tokens_per_second": 39979.299665347935
}