{
    "elapsed_time": 2.024229552014731,
    "num_requests": 128,
    "total_num_tokens": 34816,
    "requests_per_second": 63.23393504091502,
    "tokens_per_second": 17199.630331128887
}