{
    "elapsed_time": 0.8021810819627717,
    "num_requests": 16,
    "total_num_tokens": 4352,
    "requests_per_second": 19.94562120668727,
    "tokens_per_second": 5425.208968218938
}