{
    "elapsed_time": 1.3734310810104944,
    "num_requests": 128,
    "total_num_tokens": 34816,
    "requests_per_second": 93.19725013491373,
    "tokens_per_second": 25349.652036696534
}