{
    "elapsed_time": 1.3691237929742783,
    "num_requests": 128,
    "total_num_tokens": 34816,
    "requests_per_second": 93.49045035725614,
    "tokens_per_second": 25429.40249717367
}