{
    "elapsed_time": 3.191348508989904,
    "num_requests": 512,
    "total_num_tokens": 139264,
    "requests_per_second": 160.4337472255744,
    "tokens_per_second": 43637.97924535623
}