{
    "elapsed_time": 1.955644468020182,
    "num_requests": 256,
    "total_num_tokens": 69632,
    "requests_per_second": 130.90313918826175,
    "tokens_per_second": 35605.653859207196
}