{
    "elapsed_time": 3.1848250590264797,
    "num_requests": 512,
    "total_num_tokens": 139264,
    "requests_per_second": 160.76236229958118,
    "tokens_per_second": 43727.36254548609
}