{
    "elapsed_time": 4.57859183603432,
    "num_requests": 512,
    "total_num_tokens": 139264,
    "requests_per_second": 111.82477458909315,
    "tokens_per_second": 30416.338688233336
}