{
    "elapsed_time": 3.475162024027668,
    "num_requests": 128,
    "total_num_tokens": 34816,
    "requests_per_second": 36.83281502128342,
    "tokens_per_second": 10018.52568578909
}