{
    "elapsed_time": 2.8146430439664982,
    "num_requests": 256,
    "total_num_tokens": 69632,
    "requests_per_second": 90.95291871868605,
    "tokens_per_second": 24739.193891482606
}