{
    "elapsed_time": 2.254282071022317,
    "num_requests": 128,
    "total_num_tokens": 34816,
    "requests_per_second": 56.780826874053076,
    "tokens_per_second": 15444.384909742437
}