{
    "elapsed_time": 3.0690520119969733,
    "num_requests": 64,
    "total_num_tokens": 17408,
    "requests_per_second": 20.85334486017929,
    "tokens_per_second": 5672.109801968768
}