{
    "elapsed_time": 7.990570273017511,
    "num_requests": 512,
    "total_num_tokens": 139264,
    "requests_per_second": 64.07552684054569,
    "tokens_per_second": 17428.543300628426
}