{
    "elapsed_time": 4.19797846704023,
    "num_requests": 256,
    "total_num_tokens": 69632,
    "requests_per_second": 60.981732519579104,
    "tokens_per_second": 16587.031245325517
}