{
    "elapsed_time": 5.258264511008747,
    "num_requests": 512,
    "total_num_tokens": 139264,
    "requests_per_second": 97.37052955933892,
    "tokens_per_second": 26484.784040140185
}