{
    "elapsed_time": 1.8199110379791819,
    "num_requests": 64,
    "total_num_tokens": 17408,
    "requests_per_second": 35.16655411413143,
    "tokens_per_second": 9565.30271904375
}