{
    "elapsed_time": 3.2013495198916644,
    "num_requests": 256,
    "total_num_tokens": 69632,
    "requests_per_second": 79.96627622486632,
    "tokens_per_second": 21750.82713316364
}