{
    "elapsed_time": 1.8496719999238849,
    "num_requests": 64,
    "total_num_tokens": 17408,
    "requests_per_second": 34.60072921179195,
    "tokens_per_second": 9411.398345607411
}