{
    "elapsed_time": 2.324557908112183,
    "num_requests": 128,
    "total_num_tokens": 34816,
    "requests_per_second": 55.06423374238553,
    "tokens_per_second": 14977.471577928864
}