{
    "elapsed_time": 6.009407415986061,
    "num_requests": 512,
    "total_num_tokens": 139264,
    "requests_per_second": 85.199748420783,
    "tokens_per_second": 23174.331570452974
}