{
    "elapsed_time": 2.308040845906362,
    "num_requests": 256,
    "total_num_tokens": 69632,
    "requests_per_second": 110.91658124424113,
    "tokens_per_second": 30169.310098433587
}