{
    "elapsed_time": 1.7095069519709796,
    "num_requests": 128,
    "total_num_tokens": 34816,
    "requests_per_second": 74.87539015411556,
    "tokens_per_second": 20366.106121919434
}