{
    "elapsed_time": 4.434506527031772,
    "num_requests": 512,
    "total_num_tokens": 139264,
    "requests_per_second": 115.45816809129971,
    "tokens_per_second": 31404.621720833522
}