{
    "elapsed_time": 2.496252607088536,
    "num_requests": 128,
    "total_num_tokens": 34816,
    "requests_per_second": 51.27686181940166,
    "tokens_per_second": 13947.30641487725
}