{
    "elapsed_time": 2.0065379830775782,
    "num_requests": 64,
    "total_num_tokens": 17408,
    "requests_per_second": 31.89573311831276,
    "tokens_per_second": 8675.63940818107
}