{
    "elapsed_time": 1.1693594329990447,
    "num_requests": 64,
    "total_num_tokens": 17408,
    "requests_per_second": 54.73081945032062,
    "tokens_per_second": 14886.782890487208
}