{
    "elapsed_time": 6.767244577058591,
    "num_requests": 512,
    "total_num_tokens": 139264,
    "requests_per_second": 75.65856297490917,
    "tokens_per_second": 20579.129129175297
}