{
    "elapsed_time": 3.55835006700363,
    "num_requests": 256,
    "total_num_tokens": 69632,
    "requests_per_second": 71.94345558461852,
    "tokens_per_second": 19568.619919016237
}