{
    "elapsed_time": 0.985063262982294,
    "num_requests": 16,
    "total_num_tokens": 4352,
    "requests_per_second": 16.24261161822212,
    "tokens_per_second": 4417.9903601564165
}