{
    "elapsed_time": 3.537255038972944,
    "num_requests": 64,
    "total_num_tokens": 17408,
    "requests_per_second": 18.093125684989527,
    "tokens_per_second": 4921.330186317151
}