{
    "elapsed_time": 13.597456822986715,
    "num_requests": 512,
    "total_num_tokens": 139264,
    "requests_per_second": 37.65410007660079,
    "tokens_per_second": 10241.915220835415
}