{
    "elapsed_time": 4.111339225899428,
    "num_requests": 256,
    "total_num_tokens": 69632,
    "requests_per_second": 62.26681524777258,
    "tokens_per_second": 16936.57374739414
}