{
    "elapsed_time": 4.629971793969162,
    "num_requests": 128,
    "total_num_tokens": 34816,
    "requests_per_second": 27.645956756524583,
    "tokens_per_second": 7519.700237774687
}