{
    "elapsed_time": 7.9395892499014735,
    "num_requests": 512,
    "total_num_tokens": 139264,
    "requests_per_second": 64.48696322751881,
    "tokens_per_second": 17540.453997885117
}