{
    "elapsed_time": 6.936143316095695,
    "num_requests": 256,
    "total_num_tokens": 69632,
    "requests_per_second": 36.90811858024014,
    "tokens_per_second": 10039.00825382532
}