{
    "elapsed_time": 2.2848260370083153,
    "num_requests": 64,
    "total_num_tokens": 17408,
    "requests_per_second": 28.010885276762576,
    "tokens_per_second": 7618.96079527942
}