{
    "elapsed_time": 2.8265909450128675,
    "num_requests": 128,
    "total_num_tokens": 34816,
    "requests_per_second": 45.284231956462776,
    "tokens_per_second": 12317.311092157874
}