{
    "elapsed_time": 3.0019711770000868,
    "num_requests": 128,
    "total_num_tokens": 34816,
    "requests_per_second": 42.63865055756873,
    "tokens_per_second": 11597.712951658694
}