{
    "elapsed_time": 2.5925344870001936,
    "num_requests": 64,
    "total_num_tokens": 17408,
    "requests_per_second": 24.686267558220226,
    "tokens_per_second": 6714.664775835902
}