{
    "elapsed_time": 8.289515509999546,
    "num_requests": 512,
    "total_num_tokens": 139264,
    "requests_per_second": 61.76476772163347,
    "tokens_per_second": 16800.016820284305
}