{
    "elapsed_time": 4.192829868999979,
    "num_requests": 256,
    "total_num_tokens": 69632,
    "requests_per_second": 61.05661522132256,
    "tokens_per_second": 16607.399340199736
}