{
    "elapsed_time": 3.3508221650008636,
    "num_requests": 256,
    "total_num_tokens": 69632,
    "requests_per_second": 76.39916038335446,
    "tokens_per_second": 20780.571624272412
}