{
    "elapsed_time": 5.522446748997027,
    "num_requests": 256,
    "total_num_tokens": 69632,
    "requests_per_second": 46.35626410458265,
    "tokens_per_second": 12608.90383644648
}