{
    "elapsed_time": 1.9213581350013555,
    "num_requests": 64,
    "total_num_tokens": 17408,
    "requests_per_second": 33.309771267580395,
    "tokens_per_second": 9060.257784781867
}