{
    "elapsed_time": 2.4787273830006598,
    "num_requests": 128,
    "total_num_tokens": 34816,
    "requests_per_second": 51.639402089086424,
    "tokens_per_second": 14045.917368231509
}