{
    "elapsed_time": 11.3621032129995,
    "num_requests": 512,
    "total_num_tokens": 139264,
    "requests_per_second": 45.0620796521383,
    "tokens_per_second": 12256.885665381618
}