{
    "elapsed_time": 6.804236112999206,
    "num_requests": 512,
    "total_num_tokens": 139264,
    "requests_per_second": 75.24724179130786,
    "tokens_per_second": 20467.24976723574
}