{
    "elapsed_time": 3.1926391970009718,
    "num_requests": 64,
    "total_num_tokens": 17408,
    "requests_per_second": 20.04611108581228,
    "tokens_per_second": 5452.542215340941
}