{
    "elapsed_time": 3.780228563999117,
    "num_requests": 128,
    "total_num_tokens": 34816,
    "requests_per_second": 33.86038643774184,
    "tokens_per_second": 9210.02511106578
}