{
    "elapsed_time": 18.431317780996324,
    "num_requests": 128,
    "total_num_tokens": 34816,
    "requests_per_second": 6.944701486942776,
    "tokens_per_second": 1888.958804448435
}