{
    "elapsed_time": 7.90128589199594,
    "num_requests": 256,
    "total_num_tokens": 69632,
    "requests_per_second": 32.39978954050123,
    "tokens_per_second": 8812.742755016336
}