{
    "elapsed_time": 49.69837396500225,
    "num_requests": 256,
    "total_num_tokens": 69632,
    "requests_per_second": 5.151073960292464,
    "tokens_per_second": 1401.09211719955
}