{
    "elapsed_time": 17.846356679001474,
    "num_requests": 64,
    "total_num_tokens": 17408,
    "requests_per_second": 3.586166137501006,
    "tokens_per_second": 975.4371894002737
}