{
    "elapsed_time": 4.663957324999501,
    "num_requests": 64,
    "total_num_tokens": 17408,
    "requests_per_second": 13.72225248652052,
    "tokens_per_second": 3732.4526763335816
}