{
    "elapsed_time": 15.037164112000028,
    "num_requests": 512,
    "total_num_tokens": 139264,
    "requests_per_second": 34.04897334274695,
    "tokens_per_second": 9261.320749227169
}