{
    "elapsed_time": 5.273528719000751,
    "num_requests": 128,
    "total_num_tokens": 34816,
    "requests_per_second": 24.27217273678827,
    "tokens_per_second": 6602.0309844064095
}