{
    "elapsed_time": 3.3376504918560386,
    "num_requests": 256,
    "total_num_tokens": 69632,
    "requests_per_second": 76.70066132587796,
    "tokens_per_second": 20862.579880638805
}