{
    "elapsed_time": 6.318151292856783,
    "num_requests": 512,
    "total_num_tokens": 139264,
    "requests_per_second": 81.03636273776165,
    "tokens_per_second": 22041.89066467117
}