{
    "elapsed_time": 1.9522114780265838,
    "num_requests": 64,
    "total_num_tokens": 17408,
    "requests_per_second": 32.78333352731599,
    "tokens_per_second": 8917.066719429948
}