{
    "elapsed_time": 2.384117754176259,
    "num_requests": 128,
    "total_num_tokens": 34816,
    "requests_per_second": 53.6886232971431,
    "tokens_per_second": 14603.305536822925
}