{
    "elapsed_time": 1.7331858450779691,
    "num_requests": 128,
    "total_num_tokens": 34816,
    "requests_per_second": 73.8524379041659,
    "tokens_per_second": 20087.86310993312
}