{
    "elapsed_time": 1.2262988779693842,
    "num_requests": 16,
    "total_num_tokens": 4352,
    "requests_per_second": 13.047390230425911,
    "tokens_per_second": 3548.890142675848
}