{
    "elapsed_time": 2.122251739958301,
    "num_requests": 64,
    "total_num_tokens": 17408,
    "requests_per_second": 30.156648617594016,
    "tokens_per_second": 8202.608423985572
}