{
    "elapsed_time": 4.4335561889456585,
    "num_requests": 512,
    "total_num_tokens": 139264,
    "requests_per_second": 115.48291668809512,
    "tokens_per_second": 31411.353339161873
}