{
    "elapsed_time": 2.3525246060453355,
    "num_requests": 256,
    "total_num_tokens": 69632,
    "requests_per_second": 108.81926562729717,
    "tokens_per_second": 29598.84025062483
}