{
    "elapsed_time": 3.7735143629834056,
    "num_requests": 256,
    "total_num_tokens": 69632,
    "requests_per_second": 67.84126821173723,
    "tokens_per_second": 18452.824953592528
}