{
    "elapsed_time": 1.7105248110601678,
    "num_requests": 128,
    "total_num_tokens": 34816,
    "requests_per_second": 74.83083505854952,
    "tokens_per_second": 20353.98713592547
}