{
    "elapsed_time": 2.5430473659653217,
    "num_requests": 128,
    "total_num_tokens": 34816,
    "requests_per_second": 50.33331337555019,
    "tokens_per_second": 13690.66123814965
}