{
    "elapsed_time": 0.85354904003907,
    "num_requests": 16,
    "total_num_tokens": 4352,
    "requests_per_second": 18.74526154849594,
    "tokens_per_second": 5098.711141190895
}