{
    "elapsed_time": 1.2201127390144393,
    "num_requests": 64,
    "total_num_tokens": 17408,
    "requests_per_second": 52.45416915464449,
    "tokens_per_second": 14267.5340100633
}