{
    "elapsed_time": 7.05905098002404,
    "num_requests": 512,
    "total_num_tokens": 139264,
    "requests_per_second": 72.53099622723738,
    "tokens_per_second": 19728.43097380857
}