{
    "elapsed_time": 2.3449811909813434,
    "num_requests": 256,
    "total_num_tokens": 69632,
    "requests_per_second": 109.16931913337326,
    "tokens_per_second": 29694.05480427753
}