{
    "elapsed_time": 9.071368851931766,
    "num_requests": 512,
    "total_num_tokens": 139264,
    "requests_per_second": 56.44131644927751,
    "tokens_per_second": 15352.038074203483
}