{
    "elapsed_time": 7.883275169995613,
    "num_requests": 256,
    "total_num_tokens": 69632,
    "requests_per_second": 32.47381253090807,
    "tokens_per_second": 8832.877008406995
}