{
    "elapsed_time": 5.159623114042915,
    "num_requests": 128,
    "total_num_tokens": 34816,
    "requests_per_second": 24.808013525566075,
    "tokens_per_second": 6747.7796789539725
}