{
    "elapsed_time": 4.556983482092619,
    "num_requests": 256,
    "total_num_tokens": 69632,
    "requests_per_second": 56.17751326200592,
    "tokens_per_second": 15280.28360726561
}