{
    "elapsed_time": 2.645450744079426,
    "num_requests": 64,
    "total_num_tokens": 17408,
    "requests_per_second": 24.1924746258207,
    "tokens_per_second": 6580.3530982232305
}