{
    "elapsed_time": 4.133792750071734,
    "num_requests": 64,
    "total_num_tokens": 17408,
    "requests_per_second": 15.4821501389709,
    "tokens_per_second": 4211.144837800085
}