{
    "elapsed_time": 15.17088567407336,
    "num_requests": 512,
    "total_num_tokens": 139264,
    "requests_per_second": 33.748853626587824,
    "tokens_per_second": 9179.688186431888
}