{
    "elapsed_time": 3.10553619498387,
    "num_requests": 128,
    "total_num_tokens": 34816,
    "requests_per_second": 41.21671491278975,
    "tokens_per_second": 11210.946456278813
}