{
    "elapsed_time": 2.6714047829991614,
    "num_requests": 16,
    "total_num_tokens": 8448,
    "requests_per_second": 5.989358146629111,
    "tokens_per_second": 3162.3811014201706
}