{
    "elapsed_time": 2.531290075974539,
    "num_requests": 2,
    "total_num_tokens": 1056,
    "requests_per_second": 0.7901109473713739,
    "tokens_per_second": 417.1785802120854
}