{
    "elapsed_time": 2.595431315014139,
    "num_requests": 8,
    "total_num_tokens": 4224,
    "requests_per_second": 3.0823393220700273,
    "tokens_per_second": 1627.4751620529744
}