{
    "elapsed_time": 5.132466186998499,
    "num_requests": 16,
    "total_num_tokens": 8448,
    "requests_per_second": 3.1174097241070977,
    "tokens_per_second": 1645.9923343285477
}