{
    "elapsed_time": 2.5481722729746252,
    "num_requests": 4,
    "total_num_tokens": 2112,
    "requests_per_second": 1.5697525800838317,
    "tokens_per_second": 828.8293622842632
}