{
    "elapsed_time": 5.758392543000809,
    "num_requests": 1,
    "total_num_tokens": 528,
    "requests_per_second": 0.17365957470465893,
    "tokens_per_second": 91.69225544405992
}