{
    "elapsed_time": 5.939326838000852,
    "num_requests": 16,
    "total_num_tokens": 8448,
    "requests_per_second": 2.6939079859402923,
    "tokens_per_second": 1422.3834165764742
}