{
    "elapsed_time": 3.5685369320017344,
    "num_requests": 1,
    "total_num_tokens": 528,
    "requests_per_second": 0.280226888233173,
    "tokens_per_second": 147.95979698711534
}