{
  "interrupted": true,
  "signal": 2,
  "results": {
    "0": {
      "success": true,
      "duration": 62.30475401878357,
      "skipped": false
    },
    "1": {
      "success": true,
      "duration": 3385.3477897644043,
      "skipped": false
    },
    "2": {
      "success": true,
      "duration": 1418.2442145347595,
      "skipped": false
    }
  },
  "timestamp": "2026-01-25T15:22:37.301878"
}