{
    "elapsed_time": 2.3552093289908953,
    "num_requests": 256,
    "total_num_tokens": 69632,
    "requests_per_second": 108.69522163012358,
    "tokens_per_second": 29565.100283393615
}