{
    "elapsed_time": 1.7030974769731984,
    "num_requests": 128,
    "total_num_tokens": 34816,
    "requests_per_second": 75.15717786599383,
    "tokens_per_second": 20442.752379550322
}