{
    "elapsed_time": 1.5909136969712563,
    "num_requests": 64,
    "total_num_tokens": 17408,
    "requests_per_second": 40.228454957576695,
    "tokens_per_second": 10942.13974846086
}