{
    "elapsed_time": 3.9626566620427184,
    "num_requests": 512,
    "total_num_tokens": 139264,
    "requests_per_second": 129.20624814769292,
    "tokens_per_second": 35144.09949617247
}