{
    "elapsed_time": 1.631618341023568,
    "num_requests": 256,
    "total_num_tokens": 69632,
    "requests_per_second": 156.89943754824597,
    "tokens_per_second": 42676.6470131229
}