{
    "elapsed_time": 1.7895226860418916,
    "num_requests": 256,
    "total_num_tokens": 69632,
    "requests_per_second": 143.0549062030763,
    "tokens_per_second": 38910.93448723676
}