{
    "elapsed_time": 0.8873191630118527,
    "num_requests": 64,
    "total_num_tokens": 17408,
    "requests_per_second": 72.12737272884199,
    "tokens_per_second": 19618.64538224502
}