{
    "elapsed_time": 1.729539422027301,
    "num_requests": 128,
    "total_num_tokens": 34816,
    "requests_per_second": 74.00814249724543,
    "tokens_per_second": 20130.214759250757
}