{
    "elapsed_time": 2.4997546690283343,
    "num_requests": 256,
    "total_num_tokens": 69632,
    "requests_per_second": 102.41004974280469,
    "tokens_per_second": 27855.533530042878
}