{
    "elapsed_time": 0.6734430780052207,
    "num_requests": 16,
    "total_num_tokens": 4352,
    "requests_per_second": 23.758503907105215,
    "tokens_per_second": 6462.313062732619
}