{
    "elapsed_time": 1.4577174480073154,
    "num_requests": 64,
    "total_num_tokens": 17408,
    "requests_per_second": 43.90425599109576,
    "tokens_per_second": 11941.957629578046
}