{
    "elapsed_time": 1.2495866770041175,
    "num_requests": 128,
    "total_num_tokens": 34816,
    "requests_per_second": 102.43387061942741,
    "tokens_per_second": 27862.012808484254
}