{
    "elapsed_time": 1.242674851033371,
    "num_requests": 128,
    "total_num_tokens": 34816,
    "requests_per_second": 103.00361345009844,
    "tokens_per_second": 28016.982858426774
}