{
    "elapsed_time": 2.9757884980062954,
    "num_requests": 512,
    "total_num_tokens": 139264,
    "requests_per_second": 172.0552385840013,
    "tokens_per_second": 46799.02489484835
}