{
    "elapsed_time": 4.148845481977332,
    "num_requests": 512,
    "total_num_tokens": 139264,
    "requests_per_second": 123.40782567683907,
    "tokens_per_second": 33566.92858410023
}