{
    "elapsed_time": 0.8907249479671009,
    "num_requests": 64,
    "total_num_tokens": 17408,
    "requests_per_second": 71.85158577411245,
    "tokens_per_second": 19543.631330558586
}