{
    "elapsed_time": 2.963726110989228,
    "num_requests": 512,
    "total_num_tokens": 139264,
    "requests_per_second": 172.7555046674355,
    "tokens_per_second": 46989.49726954245
}