{
    "elapsed_time": 4.699638730031438,
    "num_requests": 512,
    "total_num_tokens": 139264,
    "requests_per_second": 108.94454433874644,
    "tokens_per_second": 29632.91606013903
}