{
    "elapsed_time": 1.5032191289938055,
    "num_requests": 64,
    "total_num_tokens": 17408,
    "requests_per_second": 42.57529641925128,
    "tokens_per_second": 11580.48062603635
}