{
    "elapsed_time": 2.9192028180113994,
    "num_requests": 128,
    "total_num_tokens": 34816,
    "requests_per_second": 43.847587159838156,
    "tokens_per_second": 11926.54370747598
}