{
    "elapsed_time": 2.339973086025566,
    "num_requests": 64,
    "total_num_tokens": 17408,
    "requests_per_second": 27.35074193041413,
    "tokens_per_second": 7439.401805072644
}