{
    "elapsed_time": 4.019783791038208,
    "num_requests": 256,
    "total_num_tokens": 69632,
    "requests_per_second": 63.68501723170582,
    "tokens_per_second": 17322.324687023982
}