{
    "elapsed_time": 1.9143240920384414,
    "num_requests": 128,
    "total_num_tokens": 34816,
    "requests_per_second": 66.86433114034571,
    "tokens_per_second": 18187.098070174034
}