{
    "elapsed_time": 7.194763540988788,
    "num_requests": 512,
    "total_num_tokens": 139264,
    "requests_per_second": 71.16286686603671,
    "tokens_per_second": 19356.299787561988
}