{
    "elapsed_time": 2.6646910249837674,
    "num_requests": 256,
    "total_num_tokens": 69632,
    "requests_per_second": 96.07117583231229,
    "tokens_per_second": 26131.359826388943
}