{
    "elapsed_time": 2.9042866190429777,
    "num_requests": 128,
    "total_num_tokens": 131200,
    "requests_per_second": 44.07278508970944,
    "tokens_per_second": 45174.60471695218
}