{
    "elapsed_time": 10.681138627929613,
    "num_requests": 512,
    "total_num_tokens": 524800,
    "requests_per_second": 47.93496441111578,
    "tokens_per_second": 49133.33852139367
}