{
    "elapsed_time": 91.83429814595729,
    "num_requests": 4096,
    "total_num_tokens": 4198400,
    "requests_per_second": 44.6020722398292,
    "tokens_per_second": 45717.12404582493
}