{
    "elapsed_time": 22.52328368392773,
    "num_requests": 1024,
    "total_num_tokens": 1049600,
    "requests_per_second": 45.46406351622302,
    "tokens_per_second": 46600.6651041286
}