{
    "elapsed_time": 2.3661543128546327,
    "num_requests": 128,
    "total_num_tokens": 65664,
    "requests_per_second": 54.096218198708755,
    "tokens_per_second": 27751.35993593759
}