{
    "elapsed_time": 45.90915002510883,
    "num_requests": 2048,
    "total_num_tokens": 2099200,
    "requests_per_second": 44.609843547090264,
    "tokens_per_second": 45725.08963576752
}