{
    "elapsed_time": 5.258209530962631,
    "num_requests": 256,
    "total_num_tokens": 262400,
    "requests_per_second": 48.685773834717,
    "tokens_per_second": 49902.91818058492
}