{
    "elapsed_time": 1.9847379939164966,
    "num_requests": 128,
    "total_num_tokens": 16512,
    "requests_per_second": 64.49213971432911,
    "tokens_per_second": 8319.486023148456
}