{
    "elapsed_time": 1.7657368450891227,
    "num_requests": 128,
    "total_num_tokens": 65664,
    "requests_per_second": 72.49098321530433,
    "tokens_per_second": 37187.87438945112
}