{
    "elapsed_time": 1.948839845135808,
    "num_requests": 128,
    "total_num_tokens": 16512,
    "requests_per_second": 65.68010209739946,
    "tokens_per_second": 8472.733170564528
}