{
    "elapsed_time": 1.9133134938310832,
    "num_requests": 128,
    "total_num_tokens": 131200,
    "requests_per_second": 66.8996483914938,
    "tokens_per_second": 68572.13960128115
}