{
    "elapsed_time": 2.035274882800877,
    "num_requests": 128,
    "total_num_tokens": 2176,
    "requests_per_second": 62.89076776884835,
    "tokens_per_second": 1069.1430520704218
}