{
    "elapsed_time": 97.37883045594208,
    "num_requests": 8192,
    "total_num_tokens": 8396800,
    "requests_per_second": 84.12506046379737,
    "tokens_per_second": 86228.1869753923
}