{
    "elapsed_time": 1.961100159212947,
    "num_requests": 128,
    "total_num_tokens": 2176,
    "requests_per_second": 65.26948631291252,
    "tokens_per_second": 1109.5812673195128
}