{
    "elapsed_time": 48.72393274912611,
    "num_requests": 4096,
    "total_num_tokens": 4198400,
    "requests_per_second": 84.06546370322425,
    "tokens_per_second": 86167.10029580485
}