{
    "elapsed_time": 56.93685949011706,
    "num_requests": 2048,
    "total_num_tokens": 2099200,
    "requests_per_second": 35.96966917986557,
    "tokens_per_second": 36868.91090936221
}