{
    "elapsed_time": 6.5617235319223255,
    "num_requests": 256,
    "total_num_tokens": 262400,
    "requests_per_second": 39.014139921406006,
    "tokens_per_second": 39989.493419441154
}