{
    "elapsed_time": 1.8851752900518477,
    "num_requests": 128,
    "total_num_tokens": 32896,
    "requests_per_second": 67.89819529009402,
    "tokens_per_second": 17449.836189554164
}