{
    "elapsed_time": 225.3044192760717,
    "num_requests": 8192,
    "total_num_tokens": 8396800,
    "requests_per_second": 36.35969514633496,
    "tokens_per_second": 37268.68752499333
}