{
    "elapsed_time": 3.6752945971675217,
    "num_requests": 128,
    "total_num_tokens": 131200,
    "requests_per_second": 34.82714014235678,
    "tokens_per_second": 35697.8186459157
}