{
    "elapsed_time": 28.199650979833677,
    "num_requests": 1024,
    "total_num_tokens": 1049600,
    "requests_per_second": 36.31250616301208,
    "tokens_per_second": 37220.318817087384
}