{
    "elapsed_time": 2.23609634116292,
    "num_requests": 128,
    "total_num_tokens": 32896,
    "requests_per_second": 57.24261412342879,
    "tokens_per_second": 14711.351829721198
}