{
    "elapsed_time": 11.894296478945762,
    "num_requests": 1024,
    "total_num_tokens": 1049600,
    "requests_per_second": 86.09168283408731,
    "tokens_per_second": 88243.97490493949
}