{
    "elapsed_time": 2.276353186927736,
    "num_requests": 128,
    "total_num_tokens": 65664,
    "requests_per_second": 56.23029006880708,
    "tokens_per_second": 28846.13880529803
}