{
    "elapsed_time": 24.320060063851997,
    "num_requests": 2048,
    "total_num_tokens": 2099200,
    "requests_per_second": 84.21031833897626,
    "tokens_per_second": 86315.57629745067
}