{
    "elapsed_time": 13.697213429026306,
    "num_requests": 512,
    "total_num_tokens": 524800,
    "requests_per_second": 37.37986581380127,
    "tokens_per_second": 38314.362459146294
}