{
    "elapsed_time": 3.0524823719169945,
    "num_requests": 256,
    "total_num_tokens": 262400,
    "requests_per_second": 83.86616818993421,
    "tokens_per_second": 85962.82239468257
}