{
    "elapsed_time": 5.92784684500657,
    "num_requests": 512,
    "total_num_tokens": 524800,
    "requests_per_second": 86.37200207547409,
    "tokens_per_second": 88531.30212736093
}