{
    "elapsed_time": 113.58296449598856,
    "num_requests": 4096,
    "total_num_tokens": 4198400,
    "requests_per_second": 36.06174586281959,
    "tokens_per_second": 36963.28950939008
}