{
    "elapsed_time": 1.0428722428623587,
    "num_requests": 128,
    "total_num_tokens": 16512,
    "requests_per_second": 122.73794884853773,
    "tokens_per_second": 15833.195401461368
}