{
    "elapsed_time": 1.0190623009111732,
    "num_requests": 128,
    "total_num_tokens": 32896,
    "requests_per_second": 125.6056669798809,
    "tokens_per_second": 32280.65641382939
}