{
    "elapsed_time": 27.556557959876955,
    "num_requests": 512,
    "total_num_tokens": 524800,
    "requests_per_second": 18.57996926704289,
    "tokens_per_second": 19044.468498718965
}