{
    "elapsed_time": 1.047265175031498,
    "num_requests": 128,
    "total_num_tokens": 2176,
    "requests_per_second": 122.22310361475564,
    "tokens_per_second": 2077.7927614508462
}