{
    "elapsed_time": 4.020269191125408,
    "num_requests": 128,
    "total_num_tokens": 65664,
    "requests_per_second": 31.838664008508474,
    "tokens_per_second": 16333.234636364847
}