{
    "elapsed_time": 7.191949506988749,
    "num_requests": 128,
    "total_num_tokens": 131200,
    "requests_per_second": 17.797677788980096,
    "tokens_per_second": 18242.619733704596
}