{
    "elapsed_time": 13.90878535900265,
    "num_requests": 256,
    "total_num_tokens": 262400,
    "requests_per_second": 18.40563308673827,
    "tokens_per_second": 18865.773913906727
}