{
    "elapsed_time": 2.3156721231061965,
    "num_requests": 128,
    "total_num_tokens": 65664,
    "requests_per_second": 55.27552831110794,
    "tokens_per_second": 28356.346023598373
}