{
    "elapsed_time": 115.11333614215255,
    "num_requests": 4096,
    "total_num_tokens": 4198400,
    "requests_per_second": 35.58232379732164,
    "tokens_per_second": 36471.881892254685
}