{
    "elapsed_time": 57.46934460615739,
    "num_requests": 2048,
    "total_num_tokens": 2099200,
    "requests_per_second": 35.63639039274119,
    "tokens_per_second": 36527.30015255972
}