{
    "elapsed_time": 3.7992656871210784,
    "num_requests": 128,
    "total_num_tokens": 131200,
    "requests_per_second": 33.690720929020614,
    "tokens_per_second": 34532.98895224613
}