{
    "elapsed_time": 28.320969430962577,
    "num_requests": 1024,
    "total_num_tokens": 1049600,
    "requests_per_second": 36.15695439014483,
    "tokens_per_second": 37060.87824989845
}