{
    "elapsed_time": 6.866417639888823,
    "num_requests": 256,
    "total_num_tokens": 262400,
    "requests_per_second": 37.28290550123674,
    "tokens_per_second": 38214.97813876766
}