{
    "elapsed_time": 13.534364925930277,
    "num_requests": 512,
    "total_num_tokens": 524800,
    "requests_per_second": 37.8296287119514,
    "tokens_per_second": 38775.369429750186
}