{
    "elapsed_time": 4.647176488069817,
    "num_requests": 128,
    "total_num_tokens": 131200,
    "requests_per_second": 27.54360638736236,
    "tokens_per_second": 28232.196547046417
}