{
    "elapsed_time": 287.87718531116843,
    "num_requests": 8192,
    "total_num_tokens": 8396800,
    "requests_per_second": 28.45657946511187,
    "tokens_per_second": 29167.993951739667
}