{
    "elapsed_time": 13.991944056004286,
    "num_requests": 1024,
    "total_num_tokens": 1049600,
    "requests_per_second": 73.18496957258606,
    "tokens_per_second": 75014.5938119007
}