{
    "elapsed_time": 35.94439015793614,
    "num_requests": 1024,
    "total_num_tokens": 1049600,
    "requests_per_second": 28.48845106289588,
    "tokens_per_second": 29200.662339468276
}