{
    "elapsed_time": 17.490223041037098,
    "num_requests": 512,
    "total_num_tokens": 524800,
    "requests_per_second": 29.273497473342715,
    "tokens_per_second": 30005.334910176283
}