{
    "elapsed_time": 8.566523334942758,
    "num_requests": 256,
    "total_num_tokens": 262400,
    "requests_per_second": 29.88376847767153,
    "tokens_per_second": 30630.86268961332
}