{
    "elapsed_time": 114.06173607800156,
    "num_requests": 8192,
    "total_num_tokens": 8396800,
    "requests_per_second": 71.82075498480813,
    "tokens_per_second": 73616.27385942833
}