{
    "elapsed_time": 144.6243609599769,
    "num_requests": 4096,
    "total_num_tokens": 4198400,
    "requests_per_second": 28.321646317479804,
    "tokens_per_second": 29029.6874754168
}