{
    "elapsed_time": 57.126957478933036,
    "num_requests": 4096,
    "total_num_tokens": 4198400,
    "requests_per_second": 71.69995008942145,
    "tokens_per_second": 73492.44884165698
}