{
    "elapsed_time": 28.617123514879495,
    "num_requests": 2048,
    "total_num_tokens": 2099200,
    "requests_per_second": 71.56554357865986,
    "tokens_per_second": 73354.68216812634
}