{
    "elapsed_time": 2.649274889146909,
    "num_requests": 128,
    "total_num_tokens": 65664,
    "requests_per_second": 48.315107097556485,
    "tokens_per_second": 24785.64994104648
}