{
    "elapsed_time": 2.446101257810369,
    "num_requests": 128,
    "total_num_tokens": 32896,
    "requests_per_second": 52.32816899598808,
    "tokens_per_second": 13448.339431968936
}