{
    "elapsed_time": 1.913869955111295,
    "num_requests": 128,
    "total_num_tokens": 16512,
    "requests_per_second": 66.88019719320823,
    "tokens_per_second": 8627.545437923862
}