{
    "elapsed_time": 1.896050866926089,
    "num_requests": 128,
    "total_num_tokens": 2176,
    "requests_per_second": 67.50873736183874,
    "tokens_per_second": 1147.6485351512586
}