{
    "elapsed_time": 1.816586951026693,
    "num_requests": 128,
    "total_num_tokens": 32896,
    "requests_per_second": 70.46180747233561,
    "tokens_per_second": 18108.684520390252
}