{
    "elapsed_time": 72.2099606548436,
    "num_requests": 2048,
    "total_num_tokens": 2099200,
    "requests_per_second": 28.36173820657839,
    "tokens_per_second": 29070.78166174285
}