{
    "elapsed_time": 1.7509259909857064,
    "num_requests": 128,
    "total_num_tokens": 65664,
    "requests_per_second": 73.10417496740725,
    "tokens_per_second": 37502.441758279914
}