{
    "elapsed_time": 2.0146669677924365,
    "num_requests": 128,
    "total_num_tokens": 131200,
    "requests_per_second": 63.53407389225004,
    "tokens_per_second": 65122.425739556296
}