{
    "elapsed_time": 3.5708089389372617,
    "num_requests": 256,
    "total_num_tokens": 262400,
    "requests_per_second": 71.69243842998509,
    "tokens_per_second": 73484.74939073471
}