{
    "elapsed_time": 1.941308126784861,
    "num_requests": 128,
    "total_num_tokens": 2176,
    "requests_per_second": 65.93492204248376,
    "tokens_per_second": 1120.893674722224
}