{
    "elapsed_time": 6.985069106798619,
    "num_requests": 512,
    "total_num_tokens": 524800,
    "requests_per_second": 73.29920322501414,
    "tokens_per_second": 75131.6833056395
}