{
    "elapsed_time": 1.867560112848878,
    "num_requests": 128,
    "total_num_tokens": 16512,
    "requests_per_second": 68.53862380083811,
    "tokens_per_second": 8841.482470308116
}