{
    "elapsed_time": 1.8552874440792948,
    "num_requests": 128,
    "total_num_tokens": 16512,
    "requests_per_second": 68.99200466670614,
    "tokens_per_second": 8899.96860200509
}