{
    "elapsed_time": 1.0587986449245363,
    "num_requests": 128,
    "total_num_tokens": 2176,
    "requests_per_second": 120.89173008822932,
    "tokens_per_second": 2055.1594114998984
}