{
    "elapsed_time": 4.855082232039422,
    "num_requests": 128,
    "total_num_tokens": 65664,
    "requests_per_second": 26.364126060586294,
    "tokens_per_second": 13524.79666908077
}