{
    "elapsed_time": 9.212746755918488,
    "num_requests": 128,
    "total_num_tokens": 131200,
    "requests_per_second": 13.893793392048876,
    "tokens_per_second": 14241.138226850097
}