{
    "elapsed_time": 36.3690436091274,
    "num_requests": 512,
    "total_num_tokens": 524800,
    "requests_per_second": 14.07790662582904,
    "tokens_per_second": 14429.854291474767
}