{
    "elapsed_time": 147.41640692786314,
    "num_requests": 2048,
    "total_num_tokens": 2099200,
    "requests_per_second": 13.892619164176006,
    "tokens_per_second": 14239.934643280407
}