{
    "elapsed_time": 18.106716784182936,
    "num_requests": 256,
    "total_num_tokens": 262400,
    "requests_per_second": 14.138399746972791,
    "tokens_per_second": 14491.85974064711
}