{
    "elapsed_time": 1.7336136461235583,
    "num_requests": 128,
    "total_num_tokens": 32896,
    "requests_per_second": 73.83421345708372,
    "tokens_per_second": 18975.392858470517
}