{
    "elapsed_time": 73.40380321908742,
    "num_requests": 1024,
    "total_num_tokens": 1049600,
    "requests_per_second": 13.950230847626244,
    "tokens_per_second": 14298.986618816902
}