{
    "elapsed_time": 1.8123442130163312,
    "num_requests": 128,
    "total_num_tokens": 2176,
    "requests_per_second": 70.62676012685598,
    "tokens_per_second": 1200.6549221565517
}