{
    "elapsed_time": 1.583174881990999,
    "num_requests": 64,
    "total_num_tokens": 17408,
    "requests_per_second": 40.425098154357826,
    "tokens_per_second": 10995.626697985328
}