{
    "elapsed_time": 3.9614642040105537,
    "num_requests": 512,
    "total_num_tokens": 139264,
    "requests_per_second": 129.24514109749003,
    "tokens_per_second": 35154.67837851729
}