{
    "elapsed_time": 2.3632342999917455,
    "num_requests": 256,
    "total_num_tokens": 69632,
    "requests_per_second": 108.32611899755102,
    "tokens_per_second": 29464.704367333878
}