{
    "elapsed_time": 1.6968991120229475,
    "num_requests": 128,
    "total_num_tokens": 34816,
    "requests_per_second": 75.43170898793483,
    "tokens_per_second": 20517.424844718273
}