{
    "elapsed_time": 0.8755770770367235,
    "num_requests": 64,
    "total_num_tokens": 17408,
    "requests_per_second": 73.09465000682711,
    "tokens_per_second": 19881.744801856974
}