{
    "elapsed_time": 2.9212783169932663,
    "num_requests": 512,
    "total_num_tokens": 139264,
    "requests_per_second": 175.26573795508037,
    "tokens_per_second": 47672.280723781856
}