{
    "elapsed_time": 0.8626192670199089,
    "num_requests": 64,
    "total_num_tokens": 17408,
    "requests_per_second": 74.19263914786048,
    "tokens_per_second": 20180.39784821805
}