{
    "elapsed_time": 1.8786050759954378,
    "num_requests": 256,
    "total_num_tokens": 69632,
    "requests_per_second": 136.27132347885856,
    "tokens_per_second": 37065.799986249534
}