{
    "elapsed_time": 1.8298524080310017,
    "num_requests": 256,
    "total_num_tokens": 69632,
    "requests_per_second": 139.9019936670558,
    "tokens_per_second": 38053.34227743918
}