{
    "elapsed_time": 4.016644365969114,
    "num_requests": 512,
    "total_num_tokens": 139264,
    "requests_per_second": 127.46958738441047,
    "tokens_per_second": 34671.72776855965
}