{
    "elapsed_time": 1.2755425260402262,
    "num_requests": 128,
    "total_num_tokens": 34816,
    "requests_per_second": 100.34945710305806,
    "tokens_per_second": 27295.05233203179
}