{
    "elapsed_time": 0.6456971089937724,
    "num_requests": 16,
    "total_num_tokens": 4352,
    "requests_per_second": 24.77942022217466,
    "tokens_per_second": 6740.002300431508
}