{
    "elapsed_time": 1.2307826679898426,
    "num_requests": 128,
    "total_num_tokens": 34816,
    "requests_per_second": 103.99886456725466,
    "tokens_per_second": 28287.691162293268
}