{
    "elapsed_time": 1.4108635230222717,
    "num_requests": 64,
    "total_num_tokens": 17408,
    "requests_per_second": 45.362289800293965,
    "tokens_per_second": 12338.542825679957
}