{
    "elapsed_time": 2.8905716449953616,
    "num_requests": 512,
    "total_num_tokens": 139264,
    "requests_per_second": 177.12759373615927,
    "tokens_per_second": 48178.70549623532
}