{
    "elapsed_time": 2.3928701499826275,
    "num_requests": 256,
    "total_num_tokens": 69632,
    "requests_per_second": 106.98449307909942,
    "tokens_per_second": 29099.782117515042
}