{
    "elapsed_time": 1.698341887036804,
    "num_requests": 128,
    "total_num_tokens": 34816,
    "requests_per_second": 75.36762825966039,
    "tokens_per_second": 20499.994886627628
}