{
    "elapsed_time": 1.8654917280073278,
    "num_requests": 128,
    "total_num_tokens": 34816,
    "requests_per_second": 68.61461676741202,
    "tokens_per_second": 18663.175760736067
}