{
    "elapsed_time": 1.4604158219881356,
    "num_requests": 64,
    "total_num_tokens": 17408,
    "requests_per_second": 43.82313518958845,
    "tokens_per_second": 11919.892771568057
}