{
    "elapsed_time": 3.8886452790466137,
    "num_requests": 256,
    "total_num_tokens": 69632,
    "requests_per_second": 65.83269535522253,
    "tokens_per_second": 17906.493136620527
}