{
    "elapsed_time": 2.2280720599810593,
    "num_requests": 64,
    "total_num_tokens": 17408,
    "requests_per_second": 28.72438515320912,
    "tokens_per_second": 7813.032761672881
}