{
    "elapsed_time": 4.557149925036356,
    "num_requests": 512,
    "total_num_tokens": 139264,
    "requests_per_second": 112.35092292819736,
    "tokens_per_second": 30559.451036469683
}