{
    "elapsed_time": 6.978620697045699,
    "num_requests": 512,
    "total_num_tokens": 139264,
    "requests_per_second": 73.36693341375438,
    "tokens_per_second": 19955.805888541192
}