{
    "elapsed_time": 2.841836213017814,
    "num_requests": 128,
    "total_num_tokens": 34816,
    "requests_per_second": 45.041300907371344,
    "tokens_per_second": 12251.233846805006
}