{
    "elapsed_time": 2.5677768709720112,
    "num_requests": 256,
    "total_num_tokens": 69632,
    "requests_per_second": 99.69713603000609,
    "tokens_per_second": 27117.621000161656
}