{
    "elapsed_time": 34.72894584699998,
    "num_requests": 2048,
    "total_num_tokens": 2099200,
    "requests_per_second": 58.970980836059965,
    "tokens_per_second": 60445.25535696147
}