{
    "elapsed_time": 18.698752581999997,
    "num_requests": 1024,
    "total_num_tokens": 1049600,
    "requests_per_second": 54.76301135647596,
    "tokens_per_second": 56132.08664038785
}