{
    "elapsed_time": 7.662835377999954,
    "num_requests": 128,
    "total_num_tokens": 65664,
    "requests_per_second": 16.70399971888849,
    "tokens_per_second": 8569.151855789794
}