{
    "elapsed_time": 69.55136726699993,
    "num_requests": 4096,
    "total_num_tokens": 4198400,
    "requests_per_second": 58.89172507962228,
    "tokens_per_second": 60364.01820661284
}