{
    "elapsed_time": 7.777886402999911,
    "num_requests": 256,
    "total_num_tokens": 262400,
    "requests_per_second": 32.91382603650028,
    "tokens_per_second": 33736.67168741279
}