{
    "elapsed_time": 9.037090470000066,
    "num_requests": 512,
    "total_num_tokens": 524800,
    "requests_per_second": 56.65540272056126,
    "tokens_per_second": 58071.78778857529
}