{
    "elapsed_time": 7.647659448000013,
    "num_requests": 128,
    "total_num_tokens": 131200,
    "requests_per_second": 16.737146949381234,
    "tokens_per_second": 17155.575623115765
}