{
    "elapsed_time": 9.042286075000447,
    "num_requests": 128,
    "total_num_tokens": 65664,
    "requests_per_second": 14.155712276554318,
    "tokens_per_second": 7261.880397872365
}