{
    "elapsed_time": 194.92210693200104,
    "num_requests": 8192,
    "total_num_tokens": 8396800,
    "requests_per_second": 42.02704418159093,
    "tokens_per_second": 43077.72028613071
}