{
    "elapsed_time": 40.41910586800077,
    "num_requests": 4096,
    "total_num_tokens": 4198400,
    "requests_per_second": 101.33821399653338,
    "tokens_per_second": 103871.66934644671
}