{
    "elapsed_time": 47.351439478999964,
    "num_requests": 2048,
    "total_num_tokens": 2099200,
    "requests_per_second": 43.251061056090464,
    "tokens_per_second": 44332.33758249273
}