{
    "elapsed_time": 11.7044140240032,
    "num_requests": 512,
    "total_num_tokens": 524800,
    "requests_per_second": 43.744180524543964,
    "tokens_per_second": 44837.785037657566
}