{
    "elapsed_time": 7.842297054998198,
    "num_requests": 256,
    "total_num_tokens": 262400,
    "requests_per_second": 32.64349695053203,
    "tokens_per_second": 33459.58437429533
}