{
    "elapsed_time": 20.42975833300079,
    "num_requests": 2048,
    "total_num_tokens": 2099200,
    "requests_per_second": 100.24592394183172,
    "tokens_per_second": 102752.0720403775
}