{
    "elapsed_time": 23.507625559002918,
    "num_requests": 1024,
    "total_num_tokens": 1049600,
    "requests_per_second": 43.56033311105,
    "tokens_per_second": 44649.341438826246
}