{
    "elapsed_time": 10.42062086900114,
    "num_requests": 1024,
    "total_num_tokens": 1049600,
    "requests_per_second": 98.26669762510558,
    "tokens_per_second": 100723.36506573322
}