{
    "elapsed_time": 8.121347326999967,
    "num_requests": 128,
    "total_num_tokens": 65664,
    "requests_per_second": 15.760931634392161,
    "tokens_per_second": 8085.357928443179
}