{
    "elapsed_time": 93.70512683199922,
    "num_requests": 4096,
    "total_num_tokens": 4198400,
    "requests_per_second": 43.71158909313021,
    "tokens_per_second": 44804.37882045846
}