{
    "elapsed_time": 7.87137806499959,
    "num_requests": 128,
    "total_num_tokens": 131200,
    "requests_per_second": 16.26144735305719,
    "tokens_per_second": 16667.983536883617
}