{
    "elapsed_time": 8.880593355999736,
    "num_requests": 128,
    "total_num_tokens": 131200,
    "requests_per_second": 14.413451316687427,
    "tokens_per_second": 14773.787599604611
}