{
    "elapsed_time": 8.51043238100101,
    "num_requests": 256,
    "total_num_tokens": 262400,
    "requests_per_second": 30.080727810199566,
    "tokens_per_second": 30832.746005454555
}