{
    "elapsed_time": 8.00514969699725,
    "num_requests": 512,
    "total_num_tokens": 524800,
    "requests_per_second": 63.9588289263413,
    "tokens_per_second": 65557.79964949982
}