{
    "elapsed_time": 487.35028360700016,
    "num_requests": 8192,
    "total_num_tokens": 8396800,
    "requests_per_second": 16.80926486667655,
    "tokens_per_second": 17229.496488343462
}