{
    "elapsed_time": 13.653887841999676,
    "num_requests": 128,
    "total_num_tokens": 65664,
    "requests_per_second": 9.374619264578183,
    "tokens_per_second": 4809.179682728608
}