{
    "elapsed_time": 11.7608760789999,
    "num_requests": 256,
    "total_num_tokens": 262400,
    "requests_per_second": 21.767085910981663,
    "tokens_per_second": 22311.263058756205
}