{
    "elapsed_time": 7.437586053000359,
    "num_requests": 128,
    "total_num_tokens": 65664,
    "requests_per_second": 17.209884912640998,
    "tokens_per_second": 8828.670960184832
}