{
    "elapsed_time": 22.390580868999677,
    "num_requests": 512,
    "total_num_tokens": 524800,
    "requests_per_second": 22.866758258553126,
    "tokens_per_second": 23438.427215016953
}