{
    "elapsed_time": 729.6465848429998,
    "num_requests": 4096,
    "total_num_tokens": 4198400,
    "requests_per_second": 5.613676655365074,
    "tokens_per_second": 5754.018571749201
}