{
    "elapsed_time": 44.42577192799945,
    "num_requests": 1024,
    "total_num_tokens": 1049600,
    "requests_per_second": 23.049683901038115,
    "tokens_per_second": 23625.92599856407
}