{
    "elapsed_time": 41.13463442799912,
    "num_requests": 512,
    "total_num_tokens": 524800,
    "requests_per_second": 12.446932059070322,
    "tokens_per_second": 12758.10536054708
}