{
    "elapsed_time": 170.84348890799993,
    "num_requests": 2048,
    "total_num_tokens": 2099200,
    "requests_per_second": 11.98758005406257,
    "tokens_per_second": 12287.269555414136
}