{
    "elapsed_time": 20.811240009999892,
    "num_requests": 256,
    "total_num_tokens": 262400,
    "requests_per_second": 12.301045006303847,
    "tokens_per_second": 12608.571131461444
}