{
    "elapsed_time": 7.647360678000041,
    "num_requests": 128,
    "total_num_tokens": 131200,
    "requests_per_second": 16.737800842613705,
    "tokens_per_second": 17156.245863679047
}