{
    "elapsed_time": 13.289588396000909,
    "num_requests": 128,
    "total_num_tokens": 131200,
    "requests_per_second": 9.631600030480827,
    "tokens_per_second": 9872.390031242849
}