{
    "elapsed_time": 82.37171126500107,
    "num_requests": 1024,
    "total_num_tokens": 1049600,
    "requests_per_second": 12.431452306552815,
    "tokens_per_second": 12742.238614216636
}