{
    "elapsed_time": 5.176107454113662,
    "num_requests": 256,
    "total_num_tokens": 262400,
    "requests_per_second": 49.45801497929616,
    "tokens_per_second": 50694.46535377856
}