{
    "elapsed_time": 2.88792588096112,
    "num_requests": 128,
    "total_num_tokens": 131200,
    "requests_per_second": 44.32246715327776,
    "tokens_per_second": 45430.52883210971
}