{
    "elapsed_time": 89.44254087191075,
    "num_requests": 4096,
    "total_num_tokens": 4198400,
    "requests_per_second": 45.794763432154916,
    "tokens_per_second": 46939.63251795879
}