{
    "elapsed_time": 44.804157212842256,
    "num_requests": 2048,
    "total_num_tokens": 2099200,
    "requests_per_second": 45.71004405396962,
    "tokens_per_second": 46852.795155318854
}