{
    "elapsed_time": 21.880751668009907,
    "num_requests": 1024,
    "total_num_tokens": 1049600,
    "requests_per_second": 46.79912351901093,
    "tokens_per_second": 47969.1016069862
}