{
    "elapsed_time": 2.3016977100633085,
    "num_requests": 128,
    "total_num_tokens": 65664,
    "requests_per_second": 55.61112540555091,
    "tokens_per_second": 28528.507333047615
}