{
    "elapsed_time": 10.419183426070958,
    "num_requests": 512,
    "total_num_tokens": 524800,
    "requests_per_second": 49.14012730775713,
    "tokens_per_second": 50368.63049045106
}