{
    "elapsed_time": 6.287555392133072,
    "num_requests": 256,
    "total_num_tokens": 262400,
    "requests_per_second": 40.71534706800431,
    "tokens_per_second": 41733.23074470442
}