{
    "elapsed_time": 217.2560029779561,
    "num_requests": 8192,
    "total_num_tokens": 8396800,
    "requests_per_second": 37.70666811370548,
    "tokens_per_second": 38649.33481654812
}