{
    "elapsed_time": 22.639668324030936,
    "num_requests": 2048,
    "total_num_tokens": 2099200,
    "requests_per_second": 90.46068920657044,
    "tokens_per_second": 92722.2064367347
}