{
    "elapsed_time": 54.52629427309148,
    "num_requests": 2048,
    "total_num_tokens": 2099200,
    "requests_per_second": 37.55986038117174,
    "tokens_per_second": 38498.85689070103
}