{
    "elapsed_time": 1.9931180491112173,
    "num_requests": 128,
    "total_num_tokens": 65664,
    "requests_per_second": 64.22098282491521,
    "tokens_per_second": 32945.364189181506
}