{
    "elapsed_time": 1.9230315680615604,
    "num_requests": 128,
    "total_num_tokens": 131200,
    "requests_per_second": 66.56156982853152,
    "tokens_per_second": 68225.6090742448
}