{
    "elapsed_time": 2.310590298147872,
    "num_requests": 128,
    "total_num_tokens": 65664,
    "requests_per_second": 55.39709921858605,
    "tokens_per_second": 28418.711899134647
}