{
    "elapsed_time": 90.73701969510876,
    "num_requests": 8192,
    "total_num_tokens": 8396800,
    "requests_per_second": 90.28288594364749,
    "tokens_per_second": 92539.95809223868
}