{
    "elapsed_time": 27.001492521958426,
    "num_requests": 1024,
    "total_num_tokens": 1049600,
    "requests_per_second": 37.92382955006107,
    "tokens_per_second": 38871.9252888126
}