{
    "elapsed_time": 108.78106471011415,
    "num_requests": 4096,
    "total_num_tokens": 4198400,
    "requests_per_second": 37.6536119674435,
    "tokens_per_second": 38594.95226662959
}