{
    "elapsed_time": 13.11857609800063,
    "num_requests": 512,
    "total_num_tokens": 524800,
    "requests_per_second": 39.028625986171825,
    "tokens_per_second": 40004.341635826124
}