{
    "elapsed_time": 3.5662682820111513,
    "num_requests": 128,
    "total_num_tokens": 131200,
    "requests_per_second": 35.89185946712232,
    "tokens_per_second": 36789.15595380038
}