{
    "elapsed_time": 11.09858007892035,
    "num_requests": 1024,
    "total_num_tokens": 1049600,
    "requests_per_second": 92.26405474560606,
    "tokens_per_second": 94570.65611424622
}