{
    "elapsed_time": 5.509473246987909,
    "num_requests": 512,
    "total_num_tokens": 524800,
    "requests_per_second": 92.9308442109082,
    "tokens_per_second": 95254.11531618092
}