{
    "elapsed_time": 2.829412455903366,
    "num_requests": 256,
    "total_num_tokens": 262400,
    "requests_per_second": 90.47814837524814,
    "tokens_per_second": 92740.10208462934
}