{
    "elapsed_time": 45.38645553798415,
    "num_requests": 4096,
    "total_num_tokens": 4198400,
    "requests_per_second": 90.24718831749348,
    "tokens_per_second": 92503.36802543081
}