{
    "elapsed_time": 1.0238906440790743,
    "num_requests": 128,
    "total_num_tokens": 16512,
    "requests_per_second": 125.0133505371836,
    "tokens_per_second": 16126.722219296684
}