{
    "elapsed_time": 26.210019543999806,
    "num_requests": 512,
    "total_num_tokens": 524800,
    "requests_per_second": 19.5345142395062,
    "tokens_per_second": 20022.877095493855
}