{
    "elapsed_time": 1.0459984219633043,
    "num_requests": 128,
    "total_num_tokens": 32896,
    "requests_per_second": 122.37112151636735,
    "tokens_per_second": 31449.37822970641
}