{
    "elapsed_time": 1.0165543120820075,
    "num_requests": 128,
    "total_num_tokens": 2176,
    "requests_per_second": 125.91555461295803,
    "tokens_per_second": 2140.5644284202867
}