{
    "elapsed_time": 52.79417855502106,
    "num_requests": 1024,
    "total_num_tokens": 1049600,
    "requests_per_second": 19.39607790152104,
    "tokens_per_second": 19880.979849059066
}