{
    "elapsed_time": 6.852404027944431,
    "num_requests": 128,
    "total_num_tokens": 131200,
    "requests_per_second": 18.67957573400662,
    "tokens_per_second": 19146.565127356786
}