{
    "elapsed_time": 3.807789352023974,
    "num_requests": 128,
    "total_num_tokens": 65664,
    "requests_per_second": 33.61530488338686,
    "tokens_per_second": 17244.65140517746
}