{
    "elapsed_time": 13.259151588892564,
    "num_requests": 256,
    "total_num_tokens": 262400,
    "requests_per_second": 19.30741935362259,
    "tokens_per_second": 19790.104837463154
}