{
    "elapsed_time": 3.193936818977818,
    "num_requests": 256,
    "total_num_tokens": 69632,
    "requests_per_second": 80.15186727517353,
    "tokens_per_second": 21801.3078988472
}