{
    "elapsed_time": 2.411079142941162,
    "num_requests": 128,
    "total_num_tokens": 34816,
    "requests_per_second": 53.08826148438198,
    "tokens_per_second": 14440.007123751899
}