{
    "elapsed_time": 6.117018203949556,
    "num_requests": 512,
    "total_num_tokens": 139264,
    "requests_per_second": 83.70091160909388,
    "tokens_per_second": 22766.647957673536
}