{
    "elapsed_time": 1.804663450922817,
    "num_requests": 64,
    "total_num_tokens": 17408,
    "requests_per_second": 35.46367604844744,
    "tokens_per_second": 9646.119885177703
}