{
    "elapsed_time": 2.015733516891487,
    "num_requests": 64,
    "total_num_tokens": 17408,
    "requests_per_second": 31.750228620842698,
    "tokens_per_second": 8636.062184869214
}