{
    "elapsed_time": 2.2156748650595546,
    "num_requests": 256,
    "total_num_tokens": 69632,
    "requests_per_second": 115.54041797243525,
    "tokens_per_second": 31426.993688502385
}