{
    "elapsed_time": 3.572463033022359,
    "num_requests": 256,
    "total_num_tokens": 69632,
    "requests_per_second": 71.65924395400113,
    "tokens_per_second": 19491.314355488306
}