{
    "elapsed_time": 1.166755433077924,
    "num_requests": 64,
    "total_num_tokens": 17408,
    "requests_per_second": 54.852969341798335,
    "tokens_per_second": 14920.007660969146
}