{
    "elapsed_time": 1.0420661879470572,
    "num_requests": 16,
    "total_num_tokens": 4352,
    "requests_per_second": 15.35411107764768,
    "tokens_per_second": 4176.318213120169
}