{
    "elapsed_time": 1.6445630840025842,
    "num_requests": 128,
    "total_num_tokens": 34816,
    "requests_per_second": 77.83222257942819,
    "tokens_per_second": 21170.364541604467
}