{
    "elapsed_time": 2.2274060539202765,
    "num_requests": 256,
    "total_num_tokens": 69632,
    "requests_per_second": 114.9318955784623,
    "tokens_per_second": 31261.47559734175
}