{
    "elapsed_time": 2.5790870210621506,
    "num_requests": 128,
    "total_num_tokens": 34816,
    "requests_per_second": 49.62996554776407,
    "tokens_per_second": 13499.350628991828
}