{
    "elapsed_time": 4.3695913719711825,
    "num_requests": 512,
    "total_num_tokens": 139264,
    "requests_per_second": 117.17342799700508,
    "tokens_per_second": 31871.17241518538
}