{
    "elapsed_time": 1.653646131977439,
    "num_requests": 128,
    "total_num_tokens": 34816,
    "requests_per_second": 77.40471043036088,
    "tokens_per_second": 21054.081237058163
}