{
    "elapsed_time": 1.3087900340324268,
    "num_requests": 16,
    "total_num_tokens": 4352,
    "requests_per_second": 12.225031963838733,
    "tokens_per_second": 3325.208694164135
}