{
    "elapsed_time": 6.847136300988495,
    "num_requests": 512,
    "total_num_tokens": 139264,
    "requests_per_second": 74.7757861817479,
    "tokens_per_second": 20339.01384143543
}