{
    "elapsed_time": 16.08038292301353,
    "num_requests": 512,
    "total_num_tokens": 139264,
    "requests_per_second": 31.84003779333192,
    "tokens_per_second": 8660.490279786281
}