{
    "elapsed_time": 3.1076255770167336,
    "num_requests": 128,
    "total_num_tokens": 34816,
    "requests_per_second": 41.18900325272705,
    "tokens_per_second": 11203.408884741757
}