{
    "elapsed_time": 4.611350902006961,
    "num_requests": 64,
    "total_num_tokens": 17408,
    "requests_per_second": 13.878796335396162,
    "tokens_per_second": 3775.0326032277558
}