{
    "elapsed_time": 8.628417358966544,
    "num_requests": 512,
    "total_num_tokens": 139264,
    "requests_per_second": 59.338807883225066,
    "tokens_per_second": 16140.155744237218
}