{
    "elapsed_time": 5.593170028063469,
    "num_requests": 128,
    "total_num_tokens": 34816,
    "requests_per_second": 22.88505433551385,
    "tokens_per_second": 6224.734779259767
}