{
    "elapsed_time": 7.831650980981067,
    "num_requests": 256,
    "total_num_tokens": 69632,
    "requests_per_second": 32.687871385189204,
    "tokens_per_second": 8891.101016771465
}