{
    "elapsed_time": 4.654352111974731,
    "num_requests": 256,
    "total_num_tokens": 69632,
    "requests_per_second": 55.00228470926435,
    "tokens_per_second": 14960.621440919904
}