{
    "elapsed_time": 2.488023607991636,
    "num_requests": 64,
    "total_num_tokens": 17408,
    "requests_per_second": 25.723228587714893,
    "tokens_per_second": 6996.718175858451
}