{
    "elapsed_time": 9.228249093052,
    "num_requests": 512,
    "total_num_tokens": 139264,
    "requests_per_second": 55.48181402965029,
    "tokens_per_second": 15091.053416064879
}