{
    "elapsed_time": 4.233807879965752,
    "num_requests": 256,
    "total_num_tokens": 69632,
    "requests_per_second": 60.465662887393655,
    "tokens_per_second": 16446.660305371075
}