{
    "elapsed_time": 2.4050244060344994,
    "num_requests": 128,
    "total_num_tokens": 34816,
    "requests_per_second": 53.22191312438759,
    "tokens_per_second": 14476.360369833425
}