{
    "elapsed_time": 1.8761137321125716,
    "num_requests": 64,
    "total_num_tokens": 17408,
    "requests_per_second": 34.11307049489675,
    "tokens_per_second": 9278.755174611917
}