{
    "elapsed_time": 3.031085796887055,
    "num_requests": 256,
    "total_num_tokens": 69632,
    "requests_per_second": 84.4581833555862,
    "tokens_per_second": 22972.625872719447
}