{
    "elapsed_time": 0.8050136400852352,
    "num_requests": 16,
    "total_num_tokens": 4352,
    "requests_per_second": 19.875439623986882,
    "tokens_per_second": 5406.119577724432
}