{
    "elapsed_time": 11.802594617940485,
    "num_requests": 512,
    "total_num_tokens": 139264,
    "requests_per_second": 43.38029192511082,
    "tokens_per_second": 11799.439403630142
}