{
    "elapsed_time": 2.717447866918519,
    "num_requests": 128,
    "total_num_tokens": 34816,
    "requests_per_second": 47.10301954942269,
    "tokens_per_second": 12812.021317442972
}