{
    "elapsed_time": 1.5888145081698895,
    "num_requests": 128,
    "total_num_tokens": 34816,
    "requests_per_second": 80.5632119682993,
    "tokens_per_second": 21913.19365537741
}