{
    "elapsed_time": 5.0562551729381084,
    "num_requests": 256,
    "total_num_tokens": 69632,
    "requests_per_second": 50.63035611219806,
    "tokens_per_second": 13771.45686251787
}