{
    "elapsed_time": 2.885781774064526,
    "num_requests": 256,
    "total_num_tokens": 69632,
    "requests_per_second": 88.71079660310997,
    "tokens_per_second": 24129.33667604591
}