{
    "elapsed_time": 1.9238259210251272,
    "num_requests": 64,
    "total_num_tokens": 17408,
    "requests_per_second": 33.26704318751306,
    "tokens_per_second": 9048.635747003553
}