{
    "elapsed_time": 1.0736392200924456,
    "num_requests": 64,
    "total_num_tokens": 17408,
    "requests_per_second": 59.610340980734,
    "tokens_per_second": 16214.012746759649
}