{
    "elapsed_time": 1.5653840908780694,
    "num_requests": 128,
    "total_num_tokens": 34816,
    "requests_per_second": 81.76906916704455,
    "tokens_per_second": 22241.186813436118
}