{
    "elapsed_time": 0.8010387090034783,
    "num_requests": 16,
    "total_num_tokens": 4352,
    "requests_per_second": 19.974065947330548,
    "tokens_per_second": 5432.945937673909
}