{
    "elapsed_time": 5.927715662168339,
    "num_requests": 512,
    "total_num_tokens": 139264,
    "requests_per_second": 86.37391352417063,
    "tokens_per_second": 23493.704478574415
}