{
    "elapsed_time": 0.8253516999538988,
    "num_requests": 16,
    "total_num_tokens": 4352,
    "requests_per_second": 19.385675222930665,
    "tokens_per_second": 5272.903660637141
}