{
    "elapsed_time": 2.115761846071109,
    "num_requests": 256,
    "total_num_tokens": 69632,
    "requests_per_second": 120.99660482836593,
    "tokens_per_second": 32911.07651331554
}