{
    "elapsed_time": 0.8960212969686836,
    "num_requests": 16,
    "total_num_tokens": 4352,
    "requests_per_second": 17.856718421905107,
    "tokens_per_second": 4857.027410758189
}