{
    "elapsed_time": 3.413926432142034,
    "num_requests": 128,
    "total_num_tokens": 34816,
    "requests_per_second": 37.49348515389293,
    "tokens_per_second": 10198.227961858876
}