{
    "elapsed_time": 1.350367551902309,
    "num_requests": 16,
    "total_num_tokens": 4352,
    "requests_per_second": 11.848625937034885,
    "tokens_per_second": 3222.826254873489
}