{
    "elapsed_time": 6.490506124915555,
    "num_requests": 256,
    "total_num_tokens": 69632,
    "requests_per_second": 39.4422245465997,
    "tokens_per_second": 10728.285076675118
}