{
    "elapsed_time": 1.4033344008494169,
    "num_requests": 128,
    "total_num_tokens": 34816,
    "requests_per_second": 91.21133204069076,
    "tokens_per_second": 24809.48231506789
}