{
    "elapsed_time": 2.7865019170567393,
    "num_requests": 64,
    "total_num_tokens": 17408,
    "requests_per_second": 22.967865052682402,
    "tokens_per_second": 6247.259294329613
}