{
    "elapsed_time": 1.495624904986471,
    "num_requests": 128,
    "total_num_tokens": 34816,
    "requests_per_second": 85.58295570850892,
    "tokens_per_second": 23278.563952714427
}