{
    "elapsed_time": 1.9928747550584376,
    "num_requests": 128,
    "total_num_tokens": 34816,
    "requests_per_second": 64.22882304826358,
    "tokens_per_second": 17470.23986912769
}