{
    "elapsed_time": 1.5163281480781734,
    "num_requests": 128,
    "total_num_tokens": 34816,
    "requests_per_second": 84.4144456213056,
    "tokens_per_second": 22960.729208995126
}