{
    "elapsed_time": 2.4322505830787122,
    "num_requests": 256,
    "total_num_tokens": 69632,
    "requests_per_second": 105.25231313788336,
    "tokens_per_second": 28628.629173504272
}