{
    "elapsed_time": 1.022668237099424,
    "num_requests": 16,
    "total_num_tokens": 4352,
    "requests_per_second": 15.645347552184196,
    "tokens_per_second": 4255.534534194101
}