{
    "elapsed_time": 16.492143013048917,
    "num_requests": 512,
    "total_num_tokens": 139264,
    "requests_per_second": 31.045086111301316,
    "tokens_per_second": 8444.263422273958
}