{
    "elapsed_time": 1.1113672929350287,
    "num_requests": 2,
    "total_num_tokens": 1056,
    "requests_per_second": 1.7995850811104637,
    "tokens_per_second": 950.1809228263248
}