{
    "elapsed_time": 1.146574798040092,
    "num_requests": 8,
    "total_num_tokens": 4224,
    "requests_per_second": 6.977303193542081,
    "tokens_per_second": 3684.0160861902186
}