{
    "elapsed_time": 7.713289683975745,
    "num_requests": 2048,
    "total_num_tokens": 2099200,
    "requests_per_second": 265.5157635599623,
    "tokens_per_second": 272153.65764896135
}