{
    "elapsed_time": 4.33424560300773,
    "num_requests": 1024,
    "total_num_tokens": 1049600,
    "requests_per_second": 236.25795439220147,
    "tokens_per_second": 242164.40325200648
}