{
    "elapsed_time": 3.8092164170229807,
    "num_requests": 128,
    "total_num_tokens": 65664,
    "requests_per_second": 33.60271142064328,
    "tokens_per_second": 17238.190958790005
}