{
    "elapsed_time": 3.86630148004042,
    "num_requests": 512,
    "total_num_tokens": 524800,
    "requests_per_second": 132.426300081143,
    "tokens_per_second": 135736.95758317158
}