{
    "elapsed_time": 3.84613342495868,
    "num_requests": 256,
    "total_num_tokens": 262400,
    "requests_per_second": 66.56035340291147,
    "tokens_per_second": 68224.36223798426
}