{
    "elapsed_time": 14.868983399006538,
    "num_requests": 4096,
    "total_num_tokens": 4198400,
    "requests_per_second": 275.4727670402586,
    "tokens_per_second": 282359.58621626504
}