{
    "elapsed_time": 3.9057016269653104,
    "num_requests": 128,
    "total_num_tokens": 131200,
    "requests_per_second": 32.772600732292666,
    "tokens_per_second": 33591.91575059998
}