{
    "elapsed_time": 3.6987558730179444,
    "num_requests": 512,
    "total_num_tokens": 524800,
    "requests_per_second": 138.42492383317023,
    "tokens_per_second": 141885.54692899948
}