{
    "elapsed_time": 2.9323775099474005,
    "num_requests": 128,
    "total_num_tokens": 2176,
    "requests_per_second": 43.650587131360176,
    "tokens_per_second": 742.059981233123
}