{
    "elapsed_time": 5.077059812028892,
    "num_requests": 1024,
    "total_num_tokens": 1049600,
    "requests_per_second": 201.6915376048701,
    "tokens_per_second": 206733.82604499185
}