{
    "elapsed_time": 3.314629988046363,
    "num_requests": 256,
    "total_num_tokens": 262400,
    "requests_per_second": 77.23335664107894,
    "tokens_per_second": 79164.19055710592
}