{
    "elapsed_time": 3.931176599988248,
    "num_requests": 128,
    "total_num_tokens": 65664,
    "requests_per_second": 32.56022637100115,
    "tokens_per_second": 16703.39612832359
}