{
    "elapsed_time": 8.883873532991856,
    "num_requests": 4096,
    "total_num_tokens": 4198400,
    "requests_per_second": 461.06014282945046,
    "tokens_per_second": 472586.6464001867
}