{
    "elapsed_time": 3.383894758997485,
    "num_requests": 1024,
    "total_num_tokens": 1049600,
    "requests_per_second": 302.6098838556584,
    "tokens_per_second": 310175.1309520498
}