{
    "elapsed_time": 9.342900670017116,
    "num_requests": 2048,
    "total_num_tokens": 2099200,
    "requests_per_second": 219.2038717239459,
    "tokens_per_second": 224683.96851704453
}