{
    "elapsed_time": 3.7541219579870813,
    "num_requests": 256,
    "total_num_tokens": 262400,
    "requests_per_second": 68.19171110180565,
    "tokens_per_second": 69896.50387935078
}