{
    "elapsed_time": 2.987980596954003,
    "num_requests": 128,
    "total_num_tokens": 65664,
    "requests_per_second": 42.838296918823815,
    "tokens_per_second": 21976.046319356614
}