{
    "elapsed_time": 3.0988809670088813,
    "num_requests": 128,
    "total_num_tokens": 16512,
    "requests_per_second": 41.305232876869376,
    "tokens_per_second": 5328.375041116149
}