{
    "elapsed_time": 3.1737474410329014,
    "num_requests": 512,
    "total_num_tokens": 524800,
    "requests_per_second": 161.32348572555878,
    "tokens_per_second": 165356.57286869775
}