{
    "elapsed_time": 35.21078826696612,
    "num_requests": 8192,
    "total_num_tokens": 8396800,
    "requests_per_second": 232.65596719643818,
    "tokens_per_second": 238472.36637634915
}