{
    "elapsed_time": 3.3761089899926446,
    "num_requests": 128,
    "total_num_tokens": 32896,
    "requests_per_second": 37.9134679536157,
    "tokens_per_second": 9743.761264079234
}