{
    "elapsed_time": 17.26425443397602,
    "num_requests": 8192,
    "total_num_tokens": 8396800,
    "requests_per_second": 474.5064451713686,
    "tokens_per_second": 486369.10630065284
}