{
    "elapsed_time": 3.6934908269904554,
    "num_requests": 128,
    "total_num_tokens": 131200,
    "requests_per_second": 34.65556190491407,
    "tokens_per_second": 35521.95095253692
}