{
    "elapsed_time": 17.953102424973622,
    "num_requests": 4096,
    "total_num_tokens": 4198400,
    "requests_per_second": 228.14998227282814,
    "tokens_per_second": 233853.73182964887
}