{
    "elapsed_time": 3.117486052971799,
    "num_requests": 128,
    "total_num_tokens": 131200,
    "requests_per_second": 41.05872418514326,
    "tokens_per_second": 42085.19228977184
}