{
    "elapsed_time": 4.69358588400064,
    "num_requests": 2048,
    "total_num_tokens": 2099200,
    "requests_per_second": 436.3401566766176,
    "tokens_per_second": 447248.660593533
}