{
    "elapsed_time": 5.458892760972958,
    "num_requests": 128,
    "total_num_tokens": 131200,
    "requests_per_second": 23.44797848294534,
    "tokens_per_second": 24034.177945018975
}