{
    "elapsed_time": 117.48675052000908,
    "num_requests": 8192,
    "total_num_tokens": 8396800,
    "requests_per_second": 69.727011460793,
    "tokens_per_second": 71470.18674731281
}