{
    "elapsed_time": 31.71089618402766,
    "num_requests": 4096,
    "total_num_tokens": 4198400,
    "requests_per_second": 129.16695814049868,
    "tokens_per_second": 132396.13209401115
}