{
    "elapsed_time": 3.329858270997647,
    "num_requests": 256,
    "total_num_tokens": 262400,
    "requests_per_second": 76.88014899303829,
    "tokens_per_second": 78802.15271786426
}