{
    "elapsed_time": 16.189807997026946,
    "num_requests": 2048,
    "total_num_tokens": 2099200,
    "requests_per_second": 126.49933837239388,
    "tokens_per_second": 129661.82183170372
}