{
    "elapsed_time": 5.788263559981715,
    "num_requests": 256,
    "total_num_tokens": 262400,
    "requests_per_second": 44.227426299297385,
    "tokens_per_second": 45333.111956779816
}