{
    "elapsed_time": 8.623970937973354,
    "num_requests": 1024,
    "total_num_tokens": 1049600,
    "requests_per_second": 118.7388045907123,
    "tokens_per_second": 121707.27470548011
}