{
    "elapsed_time": 59.851045193034224,
    "num_requests": 4096,
    "total_num_tokens": 4198400,
    "requests_per_second": 68.43656592444461,
    "tokens_per_second": 70147.48007255571
}