{
    "elapsed_time": 5.707226728030946,
    "num_requests": 128,
    "total_num_tokens": 65664,
    "requests_per_second": 22.427705451288663,
    "tokens_per_second": 11505.412896511083
}