{
    "elapsed_time": 4.6073419179883786,
    "num_requests": 512,
    "total_num_tokens": 524800,
    "requests_per_second": 111.12698148166642,
    "tokens_per_second": 113905.15601870808
}