{
    "elapsed_time": 3.342302528966684,
    "num_requests": 128,
    "total_num_tokens": 65664,
    "requests_per_second": 38.29695214321992,
    "tokens_per_second": 19646.33644947182
}