{
    "elapsed_time": 15.766267839993816,
    "num_requests": 1024,
    "total_num_tokens": 1049600,
    "requests_per_second": 64.94878879340423,
    "tokens_per_second": 66572.50851323934
}