{
    "elapsed_time": 8.35077248502057,
    "num_requests": 512,
    "total_num_tokens": 524800,
    "requests_per_second": 61.311693129996556,
    "tokens_per_second": 62844.485458246476
}