{
    "elapsed_time": 3.2436043730122037,
    "num_requests": 128,
    "total_num_tokens": 131200,
    "requests_per_second": 39.462272607904886,
    "tokens_per_second": 40448.829423102514
}