{
    "elapsed_time": 30.650467385014053,
    "num_requests": 2048,
    "total_num_tokens": 2099200,
    "requests_per_second": 66.81790441477345,
    "tokens_per_second": 68488.35202514278
}