{
    "elapsed_time": 0.8195167330559343,
    "num_requests": 128,
    "total_num_tokens": 32896,
    "requests_per_second": 156.18961131238262,
    "tokens_per_second": 40140.73010728233
}