{
    "elapsed_time": 0.6836158989463001,
    "num_requests": 128,
    "total_num_tokens": 2176,
    "requests_per_second": 187.23964758176982,
    "tokens_per_second": 3183.0740088900866
}