{
    "elapsed_time": 0.6881608599796891,
    "num_requests": 128,
    "total_num_tokens": 16512,
    "requests_per_second": 186.00302261273313,
    "tokens_per_second": 23994.389917042576
}