{
    "elapsed_time": 0.9886819771490991,
    "num_requests": 128,
    "total_num_tokens": 2176,
    "requests_per_second": 129.4652911233324,
    "tokens_per_second": 2200.909949096651
}