{
    "elapsed_time": 2.669277423992753,
    "num_requests": 128,
    "total_num_tokens": 131200,
    "requests_per_second": 47.95305233149401,
    "tokens_per_second": 49151.87863978135
}