{
    "elapsed_time": 1.003798914141953,
    "num_requests": 128,
    "total_num_tokens": 16512,
    "requests_per_second": 127.51557926261991,
    "tokens_per_second": 16449.509724877968
}