{
    "elapsed_time": 0.9794757971540093,
    "num_requests": 128,
    "total_num_tokens": 8320,
    "requests_per_second": 130.68214689114336,
    "tokens_per_second": 8494.339547924319
}