{
    "elapsed_time": 0.6350383600220084,
    "num_requests": 128,
    "total_num_tokens": 32896,
    "requests_per_second": 201.56262685542953,
    "tokens_per_second": 51801.59510184539
}