{
    "elapsed_time": 0.5947886249050498,
    "num_requests": 128,
    "total_num_tokens": 16512,
    "requests_per_second": 215.20250159530795,
    "tokens_per_second": 27761.122705794725
}