{
    "elapsed_time": 4.498517407104373,
    "num_requests": 256,
    "total_num_tokens": 262400,
    "requests_per_second": 56.907637968835445,
    "tokens_per_second": 58330.32891805633
}