{
    "elapsed_time": 0.5862797929439694,
    "num_requests": 128,
    "total_num_tokens": 2176,
    "requests_per_second": 218.3257917815239,
    "tokens_per_second": 3711.5384602859062
}