{
    "elapsed_time": 1.175595073029399,
    "num_requests": 128,
    "total_num_tokens": 32896,
    "requests_per_second": 108.88102794626039,
    "tokens_per_second": 27982.42418218892
}