{
    "elapsed_time": 0.9889576348941773,
    "num_requests": 128,
    "total_num_tokens": 4224,
    "requests_per_second": 129.4292045317963,
    "tokens_per_second": 4271.163749549278
}