{
    "elapsed_time": 1.479818425141275,
    "num_requests": 128,
    "total_num_tokens": 65664,
    "requests_per_second": 86.49709844488531,
    "tokens_per_second": 44373.01150222617
}