{
    "elapsed_time": 3.7707096140366048,
    "num_requests": 128,
    "total_num_tokens": 131200,
    "requests_per_second": 33.94586512934205,
    "tokens_per_second": 34794.5117575756
}