{
    "elapsed_time": 10.795484133064747,
    "num_requests": 1024,
    "total_num_tokens": 1049600,
    "requests_per_second": 94.85447686997757,
    "tokens_per_second": 97225.83879172702
}