{
    "elapsed_time": 5.961954131955281,
    "num_requests": 512,
    "total_num_tokens": 524800,
    "requests_per_second": 85.87788310140598,
    "tokens_per_second": 88024.83017894113
}