{
    "elapsed_time": 40.97810433409177,
    "num_requests": 4096,
    "total_num_tokens": 4198400,
    "requests_per_second": 99.9558194933954,
    "tokens_per_second": 102454.71498073028
}