{
    "elapsed_time": 4.121088268933818,
    "num_requests": 256,
    "total_num_tokens": 262400,
    "requests_per_second": 62.119513898747606,
    "tokens_per_second": 63672.501746216294
}