{
    "elapsed_time": 3.8193769729696214,
    "num_requests": 128,
    "total_num_tokens": 65664,
    "requests_per_second": 33.51331929418795,
    "tokens_per_second": 17192.33279791842
}