{
    "elapsed_time": 20.883122917963192,
    "num_requests": 2048,
    "total_num_tokens": 2099200,
    "requests_per_second": 98.06962340093092,
    "tokens_per_second": 100521.3639859542
}