{
    "elapsed_time": 12.889742074999958,
    "num_requests": 1024,
    "total_num_tokens": 1049600,
    "requests_per_second": 79.44301709388574,
    "tokens_per_second": 81429.09252123289
}