{
    "elapsed_time": 4.02175668196287,
    "num_requests": 128,
    "total_num_tokens": 65664,
    "requests_per_second": 31.826888129275876,
    "tokens_per_second": 16327.193610318523
}