{
    "elapsed_time": 6.89986800798215,
    "num_requests": 512,
    "total_num_tokens": 524800,
    "requests_per_second": 74.20431802574919,
    "tokens_per_second": 76059.42597639291
}