{
    "elapsed_time": 4.148510857950896,
    "num_requests": 128,
    "total_num_tokens": 32896,
    "requests_per_second": 30.854444976244793,
    "tokens_per_second": 7929.592358894912
}