{
    "elapsed_time": 21.346609243075363,
    "num_requests": 4096,
    "total_num_tokens": 4198400,
    "requests_per_second": 191.88059112145427,
    "tokens_per_second": 196677.60589949062
}