{
    "elapsed_time": 6.464140071999282,
    "num_requests": 1024,
    "total_num_tokens": 1049600,
    "requests_per_second": 158.41240885785587,
    "tokens_per_second": 162372.71907930225
}