{
    "elapsed_time": 3.690135027980432,
    "num_requests": 128,
    "total_num_tokens": 131200,
    "requests_per_second": 34.68707758102091,
    "tokens_per_second": 35554.254520546434
}