{
    "elapsed_time": 3.7024083809228614,
    "num_requests": 128,
    "total_num_tokens": 65664,
    "requests_per_second": 34.572091144655076,
    "tokens_per_second": 17735.482757208054
}