{
    "elapsed_time": 4.675271690939553,
    "num_requests": 512,
    "total_num_tokens": 524800,
    "requests_per_second": 109.51235218954886,
    "tokens_per_second": 112250.1609942876
}