{
    "elapsed_time": 41.610836458043195,
    "num_requests": 8192,
    "total_num_tokens": 8396800,
    "requests_per_second": 196.8717934391949,
    "tokens_per_second": 201793.58827517476
}