{
    "elapsed_time": 4.107109174015932,
    "num_requests": 128,
    "total_num_tokens": 131200,
    "requests_per_second": 31.16547298275044,
    "tokens_per_second": 31944.6098073192
}