{
    "elapsed_time": 4.281850173021667,
    "num_requests": 128,
    "total_num_tokens": 16512,
    "requests_per_second": 29.89361954009508,
    "tokens_per_second": 3856.2769206722655
}