{
    "elapsed_time": 24.890235168975778,
    "num_requests": 2048,
    "total_num_tokens": 2099200,
    "requests_per_second": 82.28126355964335,
    "tokens_per_second": 84338.29514863444
}