{
    "elapsed_time": 4.104179529007524,
    "num_requests": 128,
    "total_num_tokens": 2176,
    "requests_per_second": 31.187719517462984,
    "tokens_per_second": 530.1912317968707
}