{
    "elapsed_time": 4.619873606017791,
    "num_requests": 256,
    "total_num_tokens": 262400,
    "requests_per_second": 55.41277139412159,
    "tokens_per_second": 56798.09067897463
}