{
    "elapsed_time": 4.189907142077573,
    "num_requests": 128,
    "total_num_tokens": 16512,
    "requests_per_second": 30.549603048369942,
    "tokens_per_second": 3940.898793239722
}