{
    "elapsed_time": 3.948061845963821,
    "num_requests": 128,
    "total_num_tokens": 32896,
    "requests_per_second": 32.4209713510078,
    "tokens_per_second": 8332.189637209005
}