{
    "elapsed_time": 11.15700905106496,
    "num_requests": 2048,
    "total_num_tokens": 2099200,
    "requests_per_second": 183.56174048317314,
    "tokens_per_second": 188150.78399525245
}