{
    "elapsed_time": 48.69576883898117,
    "num_requests": 4096,
    "total_num_tokens": 4198400,
    "requests_per_second": 84.11408419372023,
    "tokens_per_second": 86216.93629856323
}