{
    "elapsed_time": 3.9121546059614047,
    "num_requests": 256,
    "total_num_tokens": 262400,
    "requests_per_second": 65.43708666572202,
    "tokens_per_second": 67073.01383236506
}