{
    "elapsed_time": 96.79078774293885,
    "num_requests": 8192,
    "total_num_tokens": 8396800,
    "requests_per_second": 84.63615382237272,
    "tokens_per_second": 86752.05766793204
}