{
    "elapsed_time": 4.119465435971506,
    "num_requests": 128,
    "total_num_tokens": 2176,
    "requests_per_second": 31.071992711067224,
    "tokens_per_second": 528.2238760881428
}