{
    "elapsed_time": 44.9695646520704,
    "num_requests": 1024,
    "total_num_tokens": 1049600,
    "requests_per_second": 22.770956488520397,
    "tokens_per_second": 23340.230400733406
}