{
    "elapsed_time": 6.86909833108075,
    "num_requests": 128,
    "total_num_tokens": 131200,
    "requests_per_second": 18.63417785429505,
    "tokens_per_second": 19100.032300652427
}