{
    "elapsed_time": 3.5331769690383226,
    "num_requests": 128,
    "total_num_tokens": 65664,
    "requests_per_second": 36.228018330720545,
    "tokens_per_second": 18584.97340365964
}