{
    "elapsed_time": 12.509699188987724,
    "num_requests": 512,
    "total_num_tokens": 524800,
    "requests_per_second": 40.928242339409174,
    "tokens_per_second": 41951.448397894404
}