{
    "elapsed_time": 6.572333774995059,
    "num_requests": 256,
    "total_num_tokens": 262400,
    "requests_per_second": 38.95115628088935,
    "tokens_per_second": 39924.935187911586
}