{
    "elapsed_time": 354.61457273201086,
    "num_requests": 8192,
    "total_num_tokens": 8396800,
    "requests_per_second": 23.10113748819582,
    "tokens_per_second": 23678.665925400717
}