{
    "elapsed_time": 94.01922213705257,
    "num_requests": 4096,
    "total_num_tokens": 4198400,
    "requests_per_second": 43.56555932816832,
    "tokens_per_second": 44654.69831137253
}