{
    "elapsed_time": 24.10413658397738,
    "num_requests": 1024,
    "total_num_tokens": 1049600,
    "requests_per_second": 42.482334782349284,
    "tokens_per_second": 43544.393151908014
}