{
    "elapsed_time": 5.710076387040317,
    "num_requests": 128,
    "total_num_tokens": 65664,
    "requests_per_second": 22.41651272660921,
    "tokens_per_second": 11499.671028750525
}