{
    "elapsed_time": 3.8706328709376976,
    "num_requests": 128,
    "total_num_tokens": 131200,
    "requests_per_second": 33.069527456627725,
    "tokens_per_second": 33896.26564304342
}