{
    "elapsed_time": 12.089423245051876,
    "num_requests": 256,
    "total_num_tokens": 262400,
    "requests_per_second": 21.175534581832032,
    "tokens_per_second": 21704.922946377832
}