{
    "elapsed_time": 47.16473983298056,
    "num_requests": 2048,
    "total_num_tokens": 2099200,
    "requests_per_second": 43.42226856868845,
    "tokens_per_second": 44507.825282905666
}