{
    "elapsed_time": 88.84186238201801,
    "num_requests": 2048,
    "total_num_tokens": 2099200,
    "requests_per_second": 23.052195722706106,
    "tokens_per_second": 23628.50061577376
}