{
    "elapsed_time": 23.15026411495637,
    "num_requests": 512,
    "total_num_tokens": 524800,
    "requests_per_second": 22.116378347027982,
    "tokens_per_second": 22669.28780570368
}