{
    "elapsed_time": 177.46150121302344,
    "num_requests": 4096,
    "total_num_tokens": 4198400,
    "requests_per_second": 23.081062495257452,
    "tokens_per_second": 23658.08905763889
}