{
    "elapsed_time": 2.0792538460809737,
    "num_requests": 64,
    "total_num_tokens": 17408,
    "requests_per_second": 30.78027251007793,
    "tokens_per_second": 8372.234122741196
}