{
    "elapsed_time": 4.504397646058351,
    "num_requests": 256,
    "total_num_tokens": 69632,
    "requests_per_second": 56.83334823336859,
    "tokens_per_second": 15458.670719476257
}