{
    "elapsed_time": 9.82207754184492,
    "num_requests": 512,
    "total_num_tokens": 139264,
    "requests_per_second": 52.12746466505996,
    "tokens_per_second": 14178.67038889631
}