{
    "elapsed_time": 2.6210737000219524,
    "num_requests": 128,
    "total_num_tokens": 34816,
    "requests_per_second": 48.834948822281476,
    "tokens_per_second": 13283.106079660562
}