{
    "elapsed_time": 2.5048130399081856,
    "num_requests": 64,
    "total_num_tokens": 17408,
    "requests_per_second": 25.55080917430306,
    "tokens_per_second": 6949.820095410431
}