{
    "elapsed_time": 3.2432561619207263,
    "num_requests": 128,
    "total_num_tokens": 34816,
    "requests_per_second": 39.46650946134197,
    "tokens_per_second": 10734.890573485016
}