{
    "elapsed_time": 1.7061892938800156,
    "num_requests": 128,
    "total_num_tokens": 34816,
    "requests_per_second": 75.02098416578234,
    "tokens_per_second": 20405.707693092798
}