{
    "elapsed_time": 6.187125300988555,
    "num_requests": 512,
    "total_num_tokens": 139264,
    "requests_per_second": 82.7524860241952,
    "tokens_per_second": 22508.6761985811
}