{
    "elapsed_time": 0.9350953460671008,
    "num_requests": 16,
    "total_num_tokens": 4352,
    "requests_per_second": 17.110554626642177,
    "tokens_per_second": 4654.070858446673
}