{
    "elapsed_time": 1.2407754780724645,
    "num_requests": 64,
    "total_num_tokens": 17408,
    "requests_per_second": 51.580645435887824,
    "tokens_per_second": 14029.935558561489
}