{
    "elapsed_time": 12.963735862867907,
    "num_requests": 512,
    "total_num_tokens": 139264,
    "requests_per_second": 39.4947880314751,
    "tokens_per_second": 10742.58234456123
}