{
    "elapsed_time": 3.123199837980792,
    "num_requests": 256,
    "total_num_tokens": 69632,
    "requests_per_second": 81.9672173668877,
    "tokens_per_second": 22295.083123793454
}