{
    "elapsed_time": 1.8078356720507145,
    "num_requests": 128,
    "total_num_tokens": 34816,
    "requests_per_second": 70.80289540630841,
    "tokens_per_second": 19258.387550515887
}