{
    "elapsed_time": 1.0057332280557603,
    "num_requests": 16,
    "total_num_tokens": 4352,
    "requests_per_second": 15.908791271548722,
    "tokens_per_second": 4327.191225861253
}