{
    "elapsed_time": 5.5957967799622566,
    "num_requests": 256,
    "total_num_tokens": 69632,
    "requests_per_second": 45.74862348766831,
    "tokens_per_second": 12443.62558864578
}