{
    "elapsed_time": 10.31970598292537,
    "num_requests": 256,
    "total_num_tokens": 69632,
    "requests_per_second": 24.806908299865206,
    "tokens_per_second": 6747.479057563336
}