{
    "elapsed_time": 22.00045240507461,
    "num_requests": 512,
    "total_num_tokens": 139264,
    "requests_per_second": 23.27224870529946,
    "tokens_per_second": 6330.051647841453
}