{
    "elapsed_time": 4.639256764901802,
    "num_requests": 128,
    "total_num_tokens": 34816,
    "requests_per_second": 27.590626362477124,
    "tokens_per_second": 7504.6503705937785
}