{
    "elapsed_time": 3.877679529832676,
    "num_requests": 64,
    "total_num_tokens": 17408,
    "requests_per_second": 16.504716160172638,
    "tokens_per_second": 4489.282795566957
}