{
    "elapsed_time": 1.3480184370018833,
    "num_requests": 128,
    "total_num_tokens": 2176,
    "requests_per_second": 94.95419089718368,
    "tokens_per_second": 1614.2212452521226
}