{
    "elapsed_time": 0.8755069329999969,
    "num_requests": 128,
    "total_num_tokens": 32896,
    "requests_per_second": 146.20101243675754,
    "tokens_per_second": 37573.66019624669
}