{
    "elapsed_time": 1.7052481819991954,
    "num_requests": 128,
    "total_num_tokens": 32896,
    "requests_per_second": 75.06238760503214,
    "tokens_per_second": 19291.033614493263
}