{
    "elapsed_time": 1.2567412719981803,
    "num_requests": 128,
    "total_num_tokens": 32896,
    "requests_per_second": 101.85071728923481,
    "tokens_per_second": 26175.634343333346
}