{
    "elapsed_time": 2.0033244929982175,
    "num_requests": 128,
    "total_num_tokens": 32896,
    "requests_per_second": 63.89379276665884,
    "tokens_per_second": 16420.70474103132
}