{
    "elapsed_time": 0.6723204350018932,
    "num_requests": 128,
    "total_num_tokens": 32896,
    "requests_per_second": 190.3854075172348,
    "tokens_per_second": 48929.04973192934
}