{
    "elapsed_time": 2.2923436560013215,
    "num_requests": 128,
    "total_num_tokens": 2176,
    "requests_per_second": 55.83805013916561,
    "tokens_per_second": 949.2468523658155
}