{
    "elapsed_time": 2.9361785170003714,
    "num_requests": 128,
    "total_num_tokens": 32896,
    "requests_per_second": 43.594079603431624,
    "tokens_per_second": 11203.678458081928
}