{
    "elapsed_time": 0.6412033130000054,
    "num_requests": 128,
    "total_num_tokens": 2176,
    "requests_per_second": 199.62467037346534,
    "tokens_per_second": 3393.6193963489104
}