{
    "elapsed_time": 1.0587279549981758,
    "num_requests": 128,
    "total_num_tokens": 2176,
    "requests_per_second": 120.89980187613024,
    "tokens_per_second": 2055.296631894214
}