{
    "elapsed_time": 6.980696067214012,
    "num_requests": 512,
    "total_num_tokens": 524800,
    "requests_per_second": 73.34512132746937,
    "tokens_per_second": 75178.7493606561
}