{
    "elapsed_time": 12.944806304993108,
    "num_requests": 1024,
    "total_num_tokens": 1049600,
    "requests_per_second": 79.10508476322428,
    "tokens_per_second": 81082.7118823049
}