{
    "elapsed_time": 49.819041026989,
    "num_requests": 4096,
    "total_num_tokens": 4198400,
    "requests_per_second": 82.2175601048007,
    "tokens_per_second": 84272.99910742072
}