{
    "elapsed_time": 25.191372802946717,
    "num_requests": 2048,
    "total_num_tokens": 2099200,
    "requests_per_second": 81.29767345431999,
    "tokens_per_second": 83330.11529067799
}