{
    "elapsed_time": 6.964172645006329,
    "num_requests": 128,
    "total_num_tokens": 65664,
    "requests_per_second": 18.37978558612883,
    "tokens_per_second": 9428.830005684089
}