{
    "elapsed_time": 6.844599128002301,
    "num_requests": 256,
    "total_num_tokens": 262400,
    "requests_per_second": 37.40175212784411,
    "tokens_per_second": 38336.795931040215
}