{
    "elapsed_time": 6.946157337166369,
    "num_requests": 128,
    "total_num_tokens": 131200,
    "requests_per_second": 18.427454747550623,
    "tokens_per_second": 18888.14111623939
}