{
    "elapsed_time": 8.05794153304305,
    "num_requests": 512,
    "total_num_tokens": 524800,
    "requests_per_second": 63.53980081643075,
    "tokens_per_second": 65128.29583684152
}