{
    "elapsed_time": 6.19005890598055,
    "num_requests": 128,
    "total_num_tokens": 65664,
    "requests_per_second": 20.678316950478823,
    "tokens_per_second": 10607.976595595635
}