{
    "elapsed_time": 60.38522797403857,
    "num_requests": 4096,
    "total_num_tokens": 4198400,
    "requests_per_second": 67.83115900069126,
    "tokens_per_second": 69526.93797570854
}