{
    "elapsed_time": 7.482790516107343,
    "num_requests": 1024,
    "total_num_tokens": 1049600,
    "requests_per_second": 136.8473429525727,
    "tokens_per_second": 140268.526526387
}