{
    "elapsed_time": 6.139823604025878,
    "num_requests": 256,
    "total_num_tokens": 262400,
    "requests_per_second": 41.69500893024695,
    "tokens_per_second": 42737.384153503124
}