{
    "elapsed_time": 15.659755661035888,
    "num_requests": 1024,
    "total_num_tokens": 1049600,
    "requests_per_second": 65.3905477304403,
    "tokens_per_second": 67025.3114237013
}