{
    "elapsed_time": 6.592735450947657,
    "num_requests": 128,
    "total_num_tokens": 16512,
    "requests_per_second": 19.415309616526617,
    "tokens_per_second": 2504.574940531934
}