{
    "elapsed_time": 30.509195449994877,
    "num_requests": 2048,
    "total_num_tokens": 2099200,
    "requests_per_second": 67.12730276210361,
    "tokens_per_second": 68805.4853311562
}