{
    "elapsed_time": 6.274285949068144,
    "num_requests": 128,
    "total_num_tokens": 131200,
    "requests_per_second": 20.400727834059037,
    "tokens_per_second": 20910.74602991051
}