{
    "elapsed_time": 13.432870734948665,
    "num_requests": 2048,
    "total_num_tokens": 2099200,
    "requests_per_second": 152.46182594995594,
    "tokens_per_second": 156273.37159870483
}