{
    "elapsed_time": 6.481629830086604,
    "num_requests": 128,
    "total_num_tokens": 32896,
    "requests_per_second": 19.748119432221532,
    "tokens_per_second": 5075.266694080933
}