{
    "elapsed_time": 52.37394572398625,
    "num_requests": 8192,
    "total_num_tokens": 8396800,
    "requests_per_second": 156.41364970232178,
    "tokens_per_second": 160323.99094487983
}