{
    "elapsed_time": 6.253315987996757,
    "num_requests": 128,
    "total_num_tokens": 131200,
    "requests_per_second": 20.46913993242882,
    "tokens_per_second": 20980.86843073954
}