{
    "elapsed_time": 6.447561142034829,
    "num_requests": 128,
    "total_num_tokens": 2176,
    "requests_per_second": 19.852467806083283,
    "tokens_per_second": 337.4919527034158
}