{
    "elapsed_time": 6.226935485028662,
    "num_requests": 128,
    "total_num_tokens": 65664,
    "requests_per_second": 20.555857742182923,
    "tokens_per_second": 10545.15502173984
}