{
    "elapsed_time": 26.29469913803041,
    "num_requests": 4096,
    "total_num_tokens": 4198400,
    "requests_per_second": 155.7728414574592,
    "tokens_per_second": 159667.16249389568
}