{
    "elapsed_time": 6.367659542011097,
    "num_requests": 256,
    "total_num_tokens": 262400,
    "requests_per_second": 40.203154441757036,
    "tokens_per_second": 41208.23330280096
}