{
    "elapsed_time": 6.581254387972876,
    "num_requests": 512,
    "total_num_tokens": 524800,
    "requests_per_second": 77.7967192600351,
    "tokens_per_second": 79741.63724153598
}