{
    "elapsed_time": 120.80267050396651,
    "num_requests": 8192,
    "total_num_tokens": 8396800,
    "requests_per_second": 67.81307040502071,
    "tokens_per_second": 69508.39716514623
}