{
    "elapsed_time": 14.74680146703031,
    "num_requests": 256,
    "total_num_tokens": 262400,
    "requests_per_second": 17.35969664827616,
    "tokens_per_second": 17793.689064483064
}