{
    "elapsed_time": 446.09872424893547,
    "num_requests": 8192,
    "total_num_tokens": 8396800,
    "requests_per_second": 18.36364812249191,
    "tokens_per_second": 18822.73932555421
}