{
    "elapsed_time": 9.88007716392167,
    "num_requests": 128,
    "total_num_tokens": 65664,
    "requests_per_second": 12.955364404177725,
    "tokens_per_second": 6646.1019393431725
}