{
    "elapsed_time": 8.10771447699517,
    "num_requests": 256,
    "total_num_tokens": 262400,
    "requests_per_second": 31.574866224800395,
    "tokens_per_second": 32364.237880420405
}