{
    "elapsed_time": 5.8755341719370335,
    "num_requests": 128,
    "total_num_tokens": 131200,
    "requests_per_second": 21.78525326452169,
    "tokens_per_second": 22329.884596134732
}