{
    "elapsed_time": 222.46756300900597,
    "num_requests": 4096,
    "total_num_tokens": 4198400,
    "requests_per_second": 18.411672895586065,
    "tokens_per_second": 18871.964717975716
}