{
    "elapsed_time": 28.493764436105266,
    "num_requests": 512,
    "total_num_tokens": 524800,
    "requests_per_second": 17.96884371484556,
    "tokens_per_second": 18418.064807716695
}