{
    "elapsed_time": 111.34875139093492,
    "num_requests": 2048,
    "total_num_tokens": 2099200,
    "requests_per_second": 18.392662462910483,
    "tokens_per_second": 18852.479024483244
}