{
    "elapsed_time": 15.10798332397826,
    "num_requests": 512,
    "total_num_tokens": 524800,
    "requests_per_second": 33.88936756286935,
    "tokens_per_second": 34736.60175194109
}