{
    "elapsed_time": 9.846429556026123,
    "num_requests": 128,
    "total_num_tokens": 131200,
    "requests_per_second": 12.999635987002272,
    "tokens_per_second": 13324.62688667733
}