{
    "elapsed_time": 29.27121297607664,
    "num_requests": 1024,
    "total_num_tokens": 1049600,
    "requests_per_second": 34.98317616140182,
    "tokens_per_second": 35857.75556543687
}