{
    "elapsed_time": 115.59725095902104,
    "num_requests": 4096,
    "total_num_tokens": 4198400,
    "requests_per_second": 35.4333685794312,
    "tokens_per_second": 36319.202793916986
}