{
    "elapsed_time": 6.161458755028434,
    "num_requests": 128,
    "total_num_tokens": 65664,
    "requests_per_second": 20.774301198646796,
    "tokens_per_second": 10657.216514905807
}