{
    "elapsed_time": 55.782218376058154,
    "num_requests": 1024,
    "total_num_tokens": 1049600,
    "requests_per_second": 18.357104285395415,
    "tokens_per_second": 18816.0318925303
}