{
    "elapsed_time": 57.50292980798986,
    "num_requests": 2048,
    "total_num_tokens": 2099200,
    "requests_per_second": 35.61557657737705,
    "tokens_per_second": 36505.96599181147
}