{
    "elapsed_time": 12.18755788600538,
    "num_requests": 4096,
    "total_num_tokens": 4198400,
    "requests_per_second": 336.0804550272798,
    "tokens_per_second": 344482.46640296176
}