{
    "elapsed_time": 3.8464610779774375,
    "num_requests": 512,
    "total_num_tokens": 524800,
    "requests_per_second": 133.10936718725932,
    "tokens_per_second": 136437.1013669408
}