{
    "elapsed_time": 3.948271246976219,
    "num_requests": 128,
    "total_num_tokens": 65664,
    "requests_per_second": 32.41925186827747,
    "tokens_per_second": 16631.07620842634
}