{
    "elapsed_time": 4.008124670013785,
    "num_requests": 128,
    "total_num_tokens": 131200,
    "requests_per_second": 31.935134392803146,
    "tokens_per_second": 32733.512752623225
}