{
    "elapsed_time": 6.494669607025571,
    "num_requests": 2048,
    "total_num_tokens": 2099200,
    "requests_per_second": 315.33551726551076,
    "tokens_per_second": 323218.90519714856
}