{
    "elapsed_time": 4.044528696977068,
    "num_requests": 1024,
    "total_num_tokens": 1049600,
    "requests_per_second": 253.1815389925038,
    "tokens_per_second": 259511.07746731638
}