{
    "elapsed_time": 3.9019295019679703,
    "num_requests": 256,
    "total_num_tokens": 262400,
    "requests_per_second": 65.6085661903641,
    "tokens_per_second": 67248.7803451232
}