{
    "elapsed_time": 3.9070600899867713,
    "num_requests": 128,
    "total_num_tokens": 65664,
    "requests_per_second": 32.761205881641146,
    "tokens_per_second": 16806.498617281908
}