{
    "elapsed_time": 17.459838569979183,
    "num_requests": 8192,
    "total_num_tokens": 8396800,
    "requests_per_second": 469.1910504880325,
    "tokens_per_second": 480920.8267502333
}