{
    "elapsed_time": 3.8136457570362836,
    "num_requests": 128,
    "total_num_tokens": 131200,
    "requests_per_second": 33.56368371756511,
    "tokens_per_second": 34402.775810504245
}