{
    "elapsed_time": 27.104907388042193,
    "num_requests": 8192,
    "total_num_tokens": 8396800,
    "requests_per_second": 302.2330931709453,
    "tokens_per_second": 309788.9205002189
}