{
    "elapsed_time": 3.151947411010042,
    "num_requests": 128,
    "total_num_tokens": 65664,
    "requests_per_second": 40.60981460315113,
    "tokens_per_second": 20832.83489141653
}