{
    "elapsed_time": 3.5091461049742065,
    "num_requests": 1024,
    "total_num_tokens": 1049600,
    "requests_per_second": 291.80888152490496,
    "tokens_per_second": 299104.1035630276
}