{
    "elapsed_time": 3.187325025035534,
    "num_requests": 128,
    "total_num_tokens": 16512,
    "requests_per_second": 40.159067241212085,
    "tokens_per_second": 5180.519674116359
}