{
    "elapsed_time": 3.572115969029255,
    "num_requests": 128,
    "total_num_tokens": 131200,
    "requests_per_second": 35.83310315504253,
    "tokens_per_second": 36728.93073391859
}