{
    "elapsed_time": 4.4484051339677535,
    "num_requests": 2048,
    "total_num_tokens": 2099200,
    "requests_per_second": 460.3897213321681,
    "tokens_per_second": 471899.4643654723
}