{
    "elapsed_time": 2.8571105700102635,
    "num_requests": 128,
    "total_num_tokens": 2176,
    "requests_per_second": 44.800506267960145,
    "tokens_per_second": 761.6086065553225
}