{
    "elapsed_time": 3.1899220849736594,
    "num_requests": 256,
    "total_num_tokens": 262400,
    "requests_per_second": 80.25274385412267,
    "tokens_per_second": 82259.06245047573
}