{
    "elapsed_time": 3.9618098519858904,
    "num_requests": 512,
    "total_num_tokens": 524800,
    "requests_per_second": 129.23386510923933,
    "tokens_per_second": 132464.71173697032
}