{
    "elapsed_time": 8.736787033034489,
    "num_requests": 4096,
    "total_num_tokens": 4198400,
    "requests_per_second": 468.82223230493054,
    "tokens_per_second": 480542.7881125538
}