{
    "elapsed_time": 4.1513684859965,
    "num_requests": 1024,
    "total_num_tokens": 1049600,
    "requests_per_second": 246.66564855762203,
    "tokens_per_second": 252832.28977156256
}