{
    "elapsed_time": 3.555933739989996,
    "num_requests": 128,
    "total_num_tokens": 32896,
    "requests_per_second": 35.996171289839644,
    "tokens_per_second": 9251.01602148879
}