{
    "elapsed_time": 13.936748573963996,
    "num_requests": 4096,
    "total_num_tokens": 4198400,
    "requests_per_second": 293.89925334894554,
    "tokens_per_second": 301246.73468266916
}