{
    "elapsed_time": 7.32242614403367,
    "num_requests": 2048,
    "total_num_tokens": 2099200,
    "requests_per_second": 279.6887206119129,
    "tokens_per_second": 286680.93862721074
}