{
    "elapsed_time": 3.778173395025078,
    "num_requests": 256,
    "total_num_tokens": 262400,
    "requests_per_second": 67.75761015550235,
    "tokens_per_second": 69451.5504093899
}