{
    "elapsed_time": 3.1564449789584614,
    "num_requests": 512,
    "total_num_tokens": 524800,
    "requests_per_second": 162.20780131226797,
    "tokens_per_second": 166262.99634507467
}