{
    "elapsed_time": 24.642373529961333,
    "num_requests": 4096,
    "total_num_tokens": 4198400,
    "requests_per_second": 166.2177547556405,
    "tokens_per_second": 170373.1986245315
}