{
    "elapsed_time": 3.302612666040659,
    "num_requests": 128,
    "total_num_tokens": 131200,
    "requests_per_second": 38.757194059166785,
    "tokens_per_second": 39726.123910645954
}