{
    "elapsed_time": 5.4467236020136625,
    "num_requests": 256,
    "total_num_tokens": 262400,
    "requests_per_second": 47.000732679983315,
    "tokens_per_second": 48175.750996982904
}