{
    "elapsed_time": 3.69854488899,
    "num_requests": 512,
    "total_num_tokens": 524800,
    "requests_per_second": 138.4328203029644,
    "tokens_per_second": 141893.6408105385
}