{
    "elapsed_time": 6.5114105039974675,
    "num_requests": 512,
    "total_num_tokens": 524800,
    "requests_per_second": 78.63119667937912,
    "tokens_per_second": 80596.9765963636
}