{
    "elapsed_time": 6.654172873997595,
    "num_requests": 1024,
    "total_num_tokens": 1049600,
    "requests_per_second": 153.88839745980576,
    "tokens_per_second": 157735.6073963009
}