{
    "elapsed_time": 45.098917017981876,
    "num_requests": 4096,
    "total_num_tokens": 4198400,
    "requests_per_second": 90.82258002707337,
    "tokens_per_second": 93093.1445277502
}