{
    "elapsed_time": 89.017898813996,
    "num_requests": 8192,
    "total_num_tokens": 8396800,
    "requests_per_second": 92.02643635879662,
    "tokens_per_second": 94327.09726776654
}