{
    "elapsed_time": 5.883070524956565,
    "num_requests": 128,
    "total_num_tokens": 65664,
    "requests_per_second": 21.7573458378599,
    "tokens_per_second": 11161.51841482213
}