{
    "elapsed_time": 5.706909740052652,
    "num_requests": 128,
    "total_num_tokens": 131200,
    "requests_per_second": 22.428951189057894,
    "tokens_per_second": 22989.67496878434
}