{
    "elapsed_time": 12.219806334993336,
    "num_requests": 1024,
    "total_num_tokens": 1049600,
    "requests_per_second": 83.79838206335685,
    "tokens_per_second": 85893.34161494077
}