{
    "elapsed_time": 3.4234578990144655,
    "num_requests": 128,
    "total_num_tokens": 65664,
    "requests_per_second": 37.38909715724801,
    "tokens_per_second": 19180.60684166823
}