{
    "elapsed_time": 12.601437458011787,
    "num_requests": 2048,
    "total_num_tokens": 2099200,
    "requests_per_second": 162.52114148278497,
    "tokens_per_second": 166584.17001985462
}