{
    "elapsed_time": 3.533627840981353,
    "num_requests": 256,
    "total_num_tokens": 262400,
    "requests_per_second": 72.44679166012686,
    "tokens_per_second": 74257.96145163004
}