{
    "elapsed_time": 23.2832941020024,
    "num_requests": 2048,
    "total_num_tokens": 2099200,
    "requests_per_second": 87.96006231024968,
    "tokens_per_second": 90159.06386800592
}