{
    "elapsed_time": 9.100239839870483,
    "num_requests": 128,
    "total_num_tokens": 34816,
    "requests_per_second": 14.065563353528244,
    "tokens_per_second": 3825.8332321596827
}