{
    "elapsed_time": 7.115130768157542,
    "num_requests": 64,
    "total_num_tokens": 17408,
    "requests_per_second": 8.994915495639267,
    "tokens_per_second": 2446.617014813881
}