{
    "elapsed_time": 14.426990957930684,
    "num_requests": 256,
    "total_num_tokens": 69632,
    "requests_per_second": 17.744517948787777,
    "tokens_per_second": 4826.508882070276
}