{
    "elapsed_time": 28.15964407613501,
    "num_requests": 512,
    "total_num_tokens": 139264,
    "requests_per_second": 18.1820479909373,
    "tokens_per_second": 4945.517053534945
}