{
    "elapsed_time": 8.887419681996107,
    "num_requests": 64,
    "total_num_tokens": 17408,
    "requests_per_second": 7.201190254315261,
    "tokens_per_second": 1958.723749173751
}