{
    "elapsed_time": 5.717507090885192,
    "num_requests": 128,
    "total_num_tokens": 34816,
    "requests_per_second": 22.38737931852444,
    "tokens_per_second": 6089.367174638648
}