{
    "elapsed_time": 3.1225871490314603,
    "num_requests": 16,
    "total_num_tokens": 4352,
    "requests_per_second": 5.123956269711401,
    "tokens_per_second": 1393.7161053615011
}