{
    "elapsed_time": 17.877343947067857,
    "num_requests": 256,
    "total_num_tokens": 69632,
    "requests_per_second": 14.319800567577474,
    "tokens_per_second": 3894.9857543810726
}