{
    "elapsed_time": 4.29097799398005,
    "num_requests": 64,
    "total_num_tokens": 17408,
    "requests_per_second": 14.915014733188482,
    "tokens_per_second": 4056.8840074272666
}