{
    "elapsed_time": 11.399368814192712,
    "num_requests": 128,
    "total_num_tokens": 34816,
    "requests_per_second": 11.228691876398841,
    "tokens_per_second": 3054.2041903804848
}