{
    "elapsed_time": 9.16229268303141,
    "num_requests": 256,
    "total_num_tokens": 69632,
    "requests_per_second": 27.9406049180368,
    "tokens_per_second": 7599.84453770601
}