{
    "elapsed_time": 17.52186684170738,
    "num_requests": 512,
    "total_num_tokens": 139264,
    "requests_per_second": 29.22063069109075,
    "tokens_per_second": 7948.011547976685
}