{
    "elapsed_time": 34.752795891370624,
    "num_requests": 512,
    "total_num_tokens": 139264,
    "requests_per_second": 14.732627602118578,
    "tokens_per_second": 4007.2747077762533
}