{
    "elapsed_time": 14.31406314112246,
    "num_requests": 64,
    "total_num_tokens": 17408,
    "requests_per_second": 4.471127405896111,
    "tokens_per_second": 1216.146654403742
}