{
    "elapsed_time": 91.27714906306937,
    "num_requests": 512,
    "total_num_tokens": 139264,
    "requests_per_second": 5.609290005828574,
    "tokens_per_second": 1525.726881585372
}