{
    "elapsed_time": 49.154836997855455,
    "num_requests": 512,
    "total_num_tokens": 139264,
    "requests_per_second": 10.416065463147355,
    "tokens_per_second": 2833.1698059760806
}