{
    "elapsed_time": 45.98343046521768,
    "num_requests": 256,
    "total_num_tokens": 69632,
    "requests_per_second": 5.567222745454821,
    "tokens_per_second": 1514.284586763711
}