{
    "elapsed_time": 25.958836189936846,
    "num_requests": 64,
    "total_num_tokens": 17408,
    "requests_per_second": 2.4654418068561226,
    "tokens_per_second": 670.6001714648653
}