{
    "elapsed_time": 31.463214348070323,
    "num_requests": 128,
    "total_num_tokens": 34816,
    "requests_per_second": 4.068242951402402,
    "tokens_per_second": 1106.5620827814532
}