{
    "elapsed_time": 16.478322240058333,
    "num_requests": 128,
    "total_num_tokens": 34816,
    "requests_per_second": 7.767781096599485,
    "tokens_per_second": 2112.83645827506
}