{
    "elapsed_time": 24.532471632119268,
    "num_requests": 256,
    "total_num_tokens": 69632,
    "requests_per_second": 10.435149129647037,
    "tokens_per_second": 2838.360563263994
}