{
    "elapsed_time": 1.404500607000955,
    "num_requests": 16,
    "total_num_tokens": 4352,
    "requests_per_second": 11.391949508775912,
    "tokens_per_second": 3098.6102663870483
}