{
    "elapsed_time": 3.7485811470014596,
    "num_requests": 256,
    "total_num_tokens": 69632,
    "requests_per_second": 68.2925058737965,
    "tokens_per_second": 18575.561597672648
}