{
    "elapsed_time": 2.385922217999905,
    "num_requests": 128,
    "total_num_tokens": 34816,
    "requests_per_second": 53.648018797235196,
    "tokens_per_second": 14592.261112847973
}