{
    "elapsed_time": 5.444867987884209,
    "num_requests": 512,
    "total_num_tokens": 524800,
    "requests_per_second": 94.03350111321161,
    "tokens_per_second": 96384.3386410419
}