{
    "elapsed_time": 9.762097334954888,
    "num_requests": 1024,
    "total_num_tokens": 1049600,
    "requests_per_second": 104.89549170272969,
    "tokens_per_second": 107517.87899529793
}