{
    "elapsed_time": 35.634469454875216,
    "num_requests": 4096,
    "total_num_tokens": 4198400,
    "requests_per_second": 114.94488518165994,
    "tokens_per_second": 117818.50731120144
}