{
    "elapsed_time": 4.076389637077227,
    "num_requests": 128,
    "total_num_tokens": 65664,
    "requests_per_second": 31.400334952224057,
    "tokens_per_second": 16108.371830490942
}