{
    "elapsed_time": 18.52350044087507,
    "num_requests": 2048,
    "total_num_tokens": 2099200,
    "requests_per_second": 110.5622561209198,
    "tokens_per_second": 113326.31252394279
}