{
    "elapsed_time": 4.02374534890987,
    "num_requests": 128,
    "total_num_tokens": 131200,
    "requests_per_second": 31.811158237108195,
    "tokens_per_second": 32606.4371930359
}