{
    "elapsed_time": 4.203295767074451,
    "num_requests": 256,
    "total_num_tokens": 262400,
    "requests_per_second": 60.90458872899619,
    "tokens_per_second": 62427.203447221094
}