{
    "elapsed_time": 4.260218022041954,
    "num_requests": 256,
    "total_num_tokens": 262400,
    "requests_per_second": 60.090821332495395,
    "tokens_per_second": 61593.09186580778
}