{
    "elapsed_time": 4.075970306061208,
    "num_requests": 128,
    "total_num_tokens": 16512,
    "requests_per_second": 31.40356538163599,
    "tokens_per_second": 4051.0599342310425
}