{
    "elapsed_time": 3.7025373979704455,
    "num_requests": 128,
    "total_num_tokens": 131200,
    "requests_per_second": 34.570886460232245,
    "tokens_per_second": 35435.15862173805
}