{
    "elapsed_time": 4.61265085299965,
    "num_requests": 512,
    "total_num_tokens": 524800,
    "requests_per_second": 110.9990797736277,
    "tokens_per_second": 113774.05676796839
}