{
    "elapsed_time": 4.047017995966598,
    "num_requests": 128,
    "total_num_tokens": 131200,
    "requests_per_second": 31.628226048801697,
    "tokens_per_second": 32418.931700021738
}