{
    "elapsed_time": 4.182205184013583,
    "num_requests": 128,
    "total_num_tokens": 2176,
    "requests_per_second": 30.605863263064688,
    "tokens_per_second": 520.2996754720997
}