{
    "elapsed_time": 3.9972561959875748,
    "num_requests": 128,
    "total_num_tokens": 2176,
    "requests_per_second": 32.021965499355716,
    "tokens_per_second": 544.3734134890473
}