{
    "elapsed_time": 21.942888465942815,
    "num_requests": 2048,
    "total_num_tokens": 2099200,
    "requests_per_second": 93.3332001016487,
    "tokens_per_second": 95666.53010418992
}