{
    "elapsed_time": 4.409516264917329,
    "num_requests": 128,
    "total_num_tokens": 32896,
    "requests_per_second": 29.028127420321418,
    "tokens_per_second": 7460.228747022605
}