{
    "elapsed_time": 6.204854771029204,
    "num_requests": 512,
    "total_num_tokens": 524800,
    "requests_per_second": 82.51603283134928,
    "tokens_per_second": 84578.93365213301
}