{
    "elapsed_time": 37.57025000103749,
    "num_requests": 8192,
    "total_num_tokens": 8396800,
    "requests_per_second": 218.04486261799642,
    "tokens_per_second": 223495.98418344633
}