{
    "elapsed_time": 4.02217131992802,
    "num_requests": 128,
    "total_num_tokens": 65664,
    "requests_per_second": 31.82360715611951,
    "tokens_per_second": 16325.510471089308
}