{
    "elapsed_time": 3.902125096996315,
    "num_requests": 256,
    "total_num_tokens": 262400,
    "requests_per_second": 65.60527754403815,
    "tokens_per_second": 67245.4094826391
}