{
    "elapsed_time": 6.138755009975284,
    "num_requests": 1024,
    "total_num_tokens": 1049600,
    "requests_per_second": 166.80906769141822,
    "tokens_per_second": 170979.29438370367
}