{
    "elapsed_time": 11.420959520037286,
    "num_requests": 1024,
    "total_num_tokens": 1049600,
    "requests_per_second": 89.65971713702886,
    "tokens_per_second": 91901.21006545458
}