{
    "elapsed_time": 18.802167180925608,
    "num_requests": 4096,
    "total_num_tokens": 4198400,
    "requests_per_second": 217.8472279597271,
    "tokens_per_second": 223293.40865872026
}