{
    "elapsed_time": 85.86997485603206,
    "num_requests": 8192,
    "total_num_tokens": 8396800,
    "requests_per_second": 95.40005122552498,
    "tokens_per_second": 97785.0525061631
}