{
    "elapsed_time": 9.790985748986714,
    "num_requests": 2048,
    "total_num_tokens": 2099200,
    "requests_per_second": 209.17199273954117,
    "tokens_per_second": 214401.2925580297
}