{
    "elapsed_time": 43.44919671106618,
    "num_requests": 4096,
    "total_num_tokens": 4198400,
    "requests_per_second": 94.27101787952688,
    "tokens_per_second": 96627.79332651505
}