{
    "elapsed_time": 3.8044333229772747,
    "num_requests": 128,
    "total_num_tokens": 65664,
    "requests_per_second": 33.64495816681306,
    "tokens_per_second": 17259.8635395751
}