{
    "elapsed_time": 5.401464198017493,
    "num_requests": 128,
    "total_num_tokens": 65664,
    "requests_per_second": 23.697278239292974,
    "tokens_per_second": 12156.703736757294
}