{
    "elapsed_time": 20.863532891031355,
    "num_requests": 1024,
    "total_num_tokens": 1049600,
    "requests_per_second": 49.08085343686873,
    "tokens_per_second": 50307.87477279045
}