{
    "elapsed_time": 152.8009011989925,
    "num_requests": 4096,
    "total_num_tokens": 4198400,
    "requests_per_second": 26.806124622693044,
    "tokens_per_second": 27476.27773826037
}