{
    "elapsed_time": 3.4532224480062723,
    "num_requests": 128,
    "total_num_tokens": 131200,
    "requests_per_second": 37.06682726851297,
    "tokens_per_second": 37993.49795022579
}