{
    "elapsed_time": 6.01626333699096,
    "num_requests": 128,
    "total_num_tokens": 131200,
    "requests_per_second": 21.275664449890808,
    "tokens_per_second": 21807.556061138075
}