{
    "elapsed_time": 38.81770118395798,
    "num_requests": 1024,
    "total_num_tokens": 1049600,
    "requests_per_second": 26.379717725870485,
    "tokens_per_second": 27039.210669017248
}