{
    "elapsed_time": 3.4859545920044184,
    "num_requests": 128,
    "total_num_tokens": 65664,
    "requests_per_second": 36.71878007062628,
    "tokens_per_second": 18836.734176231283
}