{
    "elapsed_time": 10.797723245923407,
    "num_requests": 512,
    "total_num_tokens": 524800,
    "requests_per_second": 47.41740349691788,
    "tokens_per_second": 48602.838584340825
}