{
    "elapsed_time": 19.92316631996073,
    "num_requests": 512,
    "total_num_tokens": 524800,
    "requests_per_second": 25.698726386028042,
    "tokens_per_second": 26341.194545678743
}