{
    "elapsed_time": 5.948411894030869,
    "num_requests": 256,
    "total_num_tokens": 262400,
    "requests_per_second": 43.036696947111494,
    "tokens_per_second": 44112.614370789284
}