{
    "elapsed_time": 76.70658529503271,
    "num_requests": 2048,
    "total_num_tokens": 2099200,
    "requests_per_second": 26.699141828864885,
    "tokens_per_second": 27366.62037458651
}