{
    "elapsed_time": 82.03347579797264,
    "num_requests": 4096,
    "total_num_tokens": 4198400,
    "requests_per_second": 49.93083567600372,
    "tokens_per_second": 51179.106567903815
}