{
    "elapsed_time": 10.680174601031467,
    "num_requests": 256,
    "total_num_tokens": 262400,
    "requests_per_second": 23.96964558756147,
    "tokens_per_second": 24568.88672725051
}