{
    "elapsed_time": 40.6328264469048,
    "num_requests": 2048,
    "total_num_tokens": 2099200,
    "requests_per_second": 50.402597581444056,
    "tokens_per_second": 51662.66252098016
}