{
    "elapsed_time": 306.7450794860488,
    "num_requests": 8192,
    "total_num_tokens": 8396800,
    "requests_per_second": 26.706214859992837,
    "tokens_per_second": 27373.87023149266
}