{
    "elapsed_time": 0.8398799680871889,
    "num_requests": 16,
    "total_num_tokens": 4352,
    "requests_per_second": 19.05034124869022,
    "tokens_per_second": 5181.692819643739
}