{
    "elapsed_time": 1.6883317419560626,
    "num_requests": 128,
    "total_num_tokens": 34816,
    "requests_per_second": 75.81448409641467,
    "tokens_per_second": 20621.539674224794
}