{
    "elapsed_time": 2.8943439049180597,
    "num_requests": 256,
    "total_num_tokens": 69632,
    "requests_per_second": 88.44836978943852,
    "tokens_per_second": 24057.956582727275
}