{
    "elapsed_time": 8.185143697000058,
    "num_requests": 128,
    "total_num_tokens": 131200,
    "requests_per_second": 15.638088314431592,
    "tokens_per_second": 16029.040522292382
}