{
    "elapsed_time": 21.740113917000144,
    "num_requests": 1024,
    "total_num_tokens": 1049600,
    "requests_per_second": 47.10186910286893,
    "tokens_per_second": 48279.41583044066
}