{
    "elapsed_time": 8.416050627000004,
    "num_requests": 256,
    "total_num_tokens": 262400,
    "requests_per_second": 30.41806796868736,
    "tokens_per_second": 31178.519667904544
}