{
    "elapsed_time": 8.142048356000032,
    "num_requests": 128,
    "total_num_tokens": 65664,
    "requests_per_second": 15.72085971531652,
    "tokens_per_second": 8064.801033957375
}