{
    "elapsed_time": 45.19078661399999,
    "num_requests": 2048,
    "total_num_tokens": 2099200,
    "requests_per_second": 45.31897215007837,
    "tokens_per_second": 46451.94645383033
}