{
    "elapsed_time": 11.375370648000171,
    "num_requests": 512,
    "total_num_tokens": 524800,
    "requests_per_second": 45.009522400926016,
    "tokens_per_second": 46134.76046094917
}