{
    "elapsed_time": 90.87571979699987,
    "num_requests": 4096,
    "total_num_tokens": 4198400,
    "requests_per_second": 45.072545330587005,
    "tokens_per_second": 46199.358963851686
}