{
    "elapsed_time": 52.345909750998544,
    "num_requests": 4096,
    "total_num_tokens": 4198400,
    "requests_per_second": 78.24871168509713,
    "tokens_per_second": 80204.92947722456
}