{
    "elapsed_time": 525.1997648360011,
    "num_requests": 8192,
    "total_num_tokens": 8396800,
    "requests_per_second": 15.59787446317314,
    "tokens_per_second": 15987.821324752467
}