{
    "elapsed_time": 26.259578893001162,
    "num_requests": 2048,
    "total_num_tokens": 2099200,
    "requests_per_second": 77.99058805721532,
    "tokens_per_second": 79940.3527586457
}