{
    "elapsed_time": 6.884098164999159,
    "num_requests": 256,
    "total_num_tokens": 262400,
    "requests_per_second": 37.187151296241176,
    "tokens_per_second": 38116.83007864721
}