{
    "elapsed_time": 7.423212003999652,
    "num_requests": 128,
    "total_num_tokens": 2176,
    "requests_per_second": 17.243209533963622,
    "tokens_per_second": 293.1345620773816
}