{
    "elapsed_time": 9.2692430720017,
    "num_requests": 256,
    "total_num_tokens": 262400,
    "requests_per_second": 27.618220604578084,
    "tokens_per_second": 28308.676119692536
}