{
    "elapsed_time": 6.846128487999522,
    "num_requests": 128,
    "total_num_tokens": 65664,
    "requests_per_second": 18.69669846605557,
    "tokens_per_second": 9591.406313086507
}