{
    "elapsed_time": 7.352802254998096,
    "num_requests": 512,
    "total_num_tokens": 524800,
    "requests_per_second": 69.63331560453241,
    "tokens_per_second": 71374.14849464572
}