{
    "elapsed_time": 12.91300091100129,
    "num_requests": 1024,
    "total_num_tokens": 1049600,
    "requests_per_second": 79.29992470825263,
    "tokens_per_second": 81282.42282595894
}