{
    "elapsed_time": 32.40991692500029,
    "num_requests": 1024,
    "total_num_tokens": 1049600,
    "requests_per_second": 31.595267657415967,
    "tokens_per_second": 32385.149348851366
}