{
    "elapsed_time": 288.8828462550009,
    "num_requests": 8192,
    "total_num_tokens": 8396800,
    "requests_per_second": 28.357516225691047,
    "tokens_per_second": 29066.45413133332
}