{
    "elapsed_time": 9.070040676000644,
    "num_requests": 128,
    "total_num_tokens": 65664,
    "requests_per_second": 14.112395365402097,
    "tokens_per_second": 7239.658822451276
}