{
    "elapsed_time": 64.21283584600314,
    "num_requests": 2048,
    "total_num_tokens": 2099200,
    "requests_per_second": 31.893934803184298,
    "tokens_per_second": 32691.283173263906
}