{
    "elapsed_time": 6.809649244998582,
    "num_requests": 128,
    "total_num_tokens": 131200,
    "requests_per_second": 18.79685654793614,
    "tokens_per_second": 19266.777961634547
}