{
    "elapsed_time": 15.819698259001598,
    "num_requests": 512,
    "total_num_tokens": 524800,
    "requests_per_second": 32.36471338564665,
    "tokens_per_second": 33173.831220287815
}