{
    "elapsed_time": 6.909503213999415,
    "num_requests": 128,
    "total_num_tokens": 16512,
    "requests_per_second": 18.525210284388884,
    "tokens_per_second": 2389.752126686166
}