{
    "elapsed_time": 6.972066810998513,
    "num_requests": 128,
    "total_num_tokens": 32896,
    "requests_per_second": 18.358974959631567,
    "tokens_per_second": 4718.256564625312
}