{
    "elapsed_time": 128.20579551700212,
    "num_requests": 4096,
    "total_num_tokens": 4198400,
    "requests_per_second": 31.948633706319505,
    "tokens_per_second": 32747.349548977494
}