{
    "elapsed_time": 8.901833146999707,
    "num_requests": 128,
    "total_num_tokens": 131200,
    "requests_per_second": 14.37906079414007,
    "tokens_per_second": 14738.537313993573
}