{
    "elapsed_time": 30.62872501899983,
    "num_requests": 256,
    "total_num_tokens": 262400,
    "requests_per_second": 8.358167042251882,
    "tokens_per_second": 8567.121218308179
}