{
    "elapsed_time": 124.2099573380001,
    "num_requests": 1024,
    "total_num_tokens": 1049600,
    "requests_per_second": 8.244105560824657,
    "tokens_per_second": 8450.208199845274
}