{
    "elapsed_time": 15.539505216998805,
    "num_requests": 128,
    "total_num_tokens": 131200,
    "requests_per_second": 8.237070499514981,
    "tokens_per_second": 8442.997262002855
}