{
    "elapsed_time": 8.686692195999967,
    "num_requests": 128,
    "total_num_tokens": 131200,
    "requests_per_second": 14.735183095234019,
    "tokens_per_second": 15103.56267261487
}