{
    "elapsed_time": 522.7742912620006,
    "num_requests": 8192,
    "total_num_tokens": 8396800,
    "requests_per_second": 15.67024265907213,
    "tokens_per_second": 16061.998725548932
}