{
    "elapsed_time": 13.974081770000339,
    "num_requests": 128,
    "total_num_tokens": 65664,
    "requests_per_second": 9.159814727490097,
    "tokens_per_second": 4698.98495520242
}