{
    "elapsed_time": 64.29804431200046,
    "num_requests": 1024,
    "total_num_tokens": 1049600,
    "requests_per_second": 15.925834307356729,
    "tokens_per_second": 16323.980165040646
}