{
    "elapsed_time": 249.20209425099893,
    "num_requests": 2048,
    "total_num_tokens": 2099200,
    "requests_per_second": 8.21822949022745,
    "tokens_per_second": 8423.685227483136
}