{
    "elapsed_time": 31.89082220599994,
    "num_requests": 512,
    "total_num_tokens": 524800,
    "requests_per_second": 16.054775781342894,
    "tokens_per_second": 16456.145175876467
}