{
    "elapsed_time": 16.4901518759998,
    "num_requests": 256,
    "total_num_tokens": 262400,
    "requests_per_second": 15.524417356797612,
    "tokens_per_second": 15912.527790717553
}