{
    "elapsed_time": 7.9095628340000985,
    "num_requests": 128,
    "total_num_tokens": 65664,
    "requests_per_second": 16.182942431379185,
    "tokens_per_second": 8301.849467297523
}