{
    "elapsed_time": 258.79217244699976,
    "num_requests": 4096,
    "total_num_tokens": 4198400,
    "requests_per_second": 15.827372061799336,
    "tokens_per_second": 16223.05636334432
}