{
    "elapsed_time": 61.91210769499958,
    "num_requests": 512,
    "total_num_tokens": 524800,
    "requests_per_second": 8.269787914866164,
    "tokens_per_second": 8476.53261273782
}