{
    "elapsed_time": 130.98247730499952,
    "num_requests": 2048,
    "total_num_tokens": 2099200,
    "requests_per_second": 15.63567923082662,
    "tokens_per_second": 16026.571211597284
}