{
    "elapsed_time": 5.694716993020847,
    "num_requests": 256,
    "total_num_tokens": 262400,
    "requests_per_second": 44.95394596671625,
    "tokens_per_second": 46077.79461588415
}