{
    "elapsed_time": 97.62385148787871,
    "num_requests": 4096,
    "total_num_tokens": 4198400,
    "requests_per_second": 41.95695967300135,
    "tokens_per_second": 43005.88366482638
}