{
    "elapsed_time": 11.692868280922994,
    "num_requests": 512,
    "total_num_tokens": 524800,
    "requests_per_second": 43.78737429509336,
    "tokens_per_second": 44882.058652470696
}