{
    "elapsed_time": 48.74014225183055,
    "num_requests": 2048,
    "total_num_tokens": 2099200,
    "requests_per_second": 42.01875303150316,
    "tokens_per_second": 43069.22185729074
}