{
    "elapsed_time": 2.44806814705953,
    "num_requests": 128,
    "total_num_tokens": 65664,
    "requests_per_second": 52.286126165950805,
    "tokens_per_second": 26822.782723132765
}