{
    "elapsed_time": 24.115997310960665,
    "num_requests": 1024,
    "total_num_tokens": 1049600,
    "requests_per_second": 42.461441125414055,
    "tokens_per_second": 43522.97715354941
}