{
    "elapsed_time": 3.0244588679634035,
    "num_requests": 128,
    "total_num_tokens": 131200,
    "requests_per_second": 42.32162035855097,
    "tokens_per_second": 43379.66086751474
}