{
    "elapsed_time": 1.6755736649502069,
    "num_requests": 128,
    "total_num_tokens": 16512,
    "requests_per_second": 76.39174730273872,
    "tokens_per_second": 9854.535402053296
}