{
    "elapsed_time": 4.028983624884859,
    "num_requests": 128,
    "total_num_tokens": 131200,
    "requests_per_second": 31.769799015665647,
    "tokens_per_second": 32564.04399105729
}