{
    "elapsed_time": 1.7199355908669531,
    "num_requests": 128,
    "total_num_tokens": 2176,
    "requests_per_second": 74.42139152169072,
    "tokens_per_second": 1265.1636558687424
}