{
    "elapsed_time": 50.03990893997252,
    "num_requests": 4096,
    "total_num_tokens": 4198400,
    "requests_per_second": 81.85466534148831,
    "tokens_per_second": 83901.03197502553
}