{
    "elapsed_time": 239.802194384858,
    "num_requests": 8192,
    "total_num_tokens": 8396800,
    "requests_per_second": 34.161488893019374,
    "tokens_per_second": 35015.52611534486
}