{
    "elapsed_time": 7.154511608183384,
    "num_requests": 256,
    "total_num_tokens": 262400,
    "requests_per_second": 35.781617812624035,
    "tokens_per_second": 36676.158257939634
}