{
    "elapsed_time": 24.949558936990798,
    "num_requests": 2048,
    "total_num_tokens": 2099200,
    "requests_per_second": 82.085619436085,
    "tokens_per_second": 84137.75992198712
}