{
    "elapsed_time": 1.8332219950389117,
    "num_requests": 128,
    "total_num_tokens": 131200,
    "requests_per_second": 69.82242213239597,
    "tokens_per_second": 71567.98268570587
}