{
    "elapsed_time": 3.2454408758785576,
    "num_requests": 256,
    "total_num_tokens": 262400,
    "requests_per_second": 78.87988405602967,
    "tokens_per_second": 80851.88115743041
}