{
    "elapsed_time": 1.6809537068475038,
    "num_requests": 128,
    "total_num_tokens": 16512,
    "requests_per_second": 76.14724871873712,
    "tokens_per_second": 9822.99508471709
}