{
    "elapsed_time": 1.9117522530723363,
    "num_requests": 128,
    "total_num_tokens": 65664,
    "requests_per_second": 66.95428227914675,
    "tokens_per_second": 34347.546809202286
}