{
    "elapsed_time": 1.6874074910301715,
    "num_requests": 128,
    "total_num_tokens": 32896,
    "requests_per_second": 75.85601028821752,
    "tokens_per_second": 19494.994644071903
}