{
    "elapsed_time": 29.689837876940146,
    "num_requests": 1024,
    "total_num_tokens": 1049600,
    "requests_per_second": 34.489915513999236,
    "tokens_per_second": 35352.16340184921
}