{
    "elapsed_time": 37.71014468395151,
    "num_requests": 128,
    "total_num_tokens": 2176,
    "requests_per_second": 3.3943120895654793,
    "tokens_per_second": 57.70330552261314
}