{
    "elapsed_time": 6.364242956973612,
    "num_requests": 512,
    "total_num_tokens": 524800,
    "requests_per_second": 80.44947426763093,
    "tokens_per_second": 82460.71112432171
}