{
    "elapsed_time": 12.361276171868667,
    "num_requests": 1024,
    "total_num_tokens": 1049600,
    "requests_per_second": 82.83934326541309,
    "tokens_per_second": 84910.32684704842
}