{
    "elapsed_time": 1.8574323009233922,
    "num_requests": 128,
    "total_num_tokens": 32896,
    "requests_per_second": 68.91233663610076,
    "tokens_per_second": 17710.470515477893
}