{
    "elapsed_time": 30.33621145109646,
    "num_requests": 128,
    "total_num_tokens": 65664,
    "requests_per_second": 4.219379872346375,
    "tokens_per_second": 2164.54187451369
}