{
    "elapsed_time": 100.22656938689761,
    "num_requests": 8192,
    "total_num_tokens": 8396800,
    "requests_per_second": 81.73481393318967,
    "tokens_per_second": 83778.18428151941
}