{
    "elapsed_time": 1.805597101803869,
    "num_requests": 128,
    "total_num_tokens": 16512,
    "requests_per_second": 70.89067648154868,
    "tokens_per_second": 9144.89726611978
}