{
    "elapsed_time": 1.682672493858263,
    "num_requests": 128,
    "total_num_tokens": 32896,
    "requests_per_second": 76.06946715251998,
    "tokens_per_second": 19549.853058197634
}