{
    "elapsed_time": 59.78807366499677,
    "num_requests": 2048,
    "total_num_tokens": 2099200,
    "requests_per_second": 34.254323219632546,
    "tokens_per_second": 35110.68130012336
}