{
    "elapsed_time": 119.72461546491832,
    "num_requests": 4096,
    "total_num_tokens": 4198400,
    "requests_per_second": 34.21184510882985,
    "tokens_per_second": 35067.1412365506
}