{
    "elapsed_time": 1.6908659369219095,
    "num_requests": 128,
    "total_num_tokens": 2176,
    "requests_per_second": 75.7008567060107,
    "tokens_per_second": 1286.914564002182
}