{
    "elapsed_time": 14.568604812957346,
    "num_requests": 512,
    "total_num_tokens": 524800,
    "requests_per_second": 35.144065377120135,
    "tokens_per_second": 36022.66701154813
}