{
    "elapsed_time": 1.063721986953169,
    "num_requests": 128,
    "total_num_tokens": 32896,
    "requests_per_second": 120.33219353360538,
    "tokens_per_second": 30925.373738136583
}