{
    "elapsed_time": 28.51130972802639,
    "num_requests": 512,
    "total_num_tokens": 524800,
    "requests_per_second": 17.957786046451176,
    "tokens_per_second": 18406.730697612456
}