{
    "elapsed_time": 1.0603483899030834,
    "num_requests": 128,
    "total_num_tokens": 16512,
    "requests_per_second": 120.71504160222216,
    "tokens_per_second": 15572.240366686658
}