{
    "elapsed_time": 115.652152154129,
    "num_requests": 2048,
    "total_num_tokens": 2099200,
    "requests_per_second": 17.70827400834393,
    "tokens_per_second": 18150.980858552528
}