{
    "elapsed_time": 1.029335519997403,
    "num_requests": 128,
    "total_num_tokens": 2176,
    "requests_per_second": 124.35206743892695,
    "tokens_per_second": 2113.985146461758
}