{
    "elapsed_time": 57.855030531995,
    "num_requests": 1024,
    "total_num_tokens": 1049600,
    "requests_per_second": 17.69941162564433,
    "tokens_per_second": 18141.89691628544
}