{
    "elapsed_time": 14.284395879134536,
    "num_requests": 256,
    "total_num_tokens": 262400,
    "requests_per_second": 17.92165396185523,
    "tokens_per_second": 18369.695310901614
}