{
    "elapsed_time": 7.467201974010095,
    "num_requests": 128,
    "total_num_tokens": 131200,
    "requests_per_second": 17.14162820900108,
    "tokens_per_second": 17570.16891422611
}