{
    "elapsed_time": 4.323968301061541,
    "num_requests": 128,
    "total_num_tokens": 65664,
    "requests_per_second": 29.602437179887698,
    "tokens_per_second": 15186.05027328239
}