{
    "elapsed_time": 1.95376220298931,
    "num_requests": 64,
    "total_num_tokens": 17408,
    "requests_per_second": 32.75731299442595,
    "tokens_per_second": 8909.98913448386
}