{
    "elapsed_time": 5.975889517227188,
    "num_requests": 512,
    "total_num_tokens": 139264,
    "requests_per_second": 85.67762146940895,
    "tokens_per_second": 23304.313039679237
}