{
    "elapsed_time": 2.281077184015885,
    "num_requests": 128,
    "total_num_tokens": 34816,
    "requests_per_second": 56.11383994234394,
    "tokens_per_second": 15262.96446431755
}