{
    "elapsed_time": 3.1106628079432994,
    "num_requests": 256,
    "total_num_tokens": 69632,
    "requests_per_second": 82.29757315588361,
    "tokens_per_second": 22384.939898400342
}