{
    "elapsed_time": 1.8029418099904433,
    "num_requests": 128,
    "total_num_tokens": 34816,
    "requests_per_second": 70.99508108954359,
    "tokens_per_second": 19310.662056355854
}