{
    "elapsed_time": 1.1977629100438207,
    "num_requests": 64,
    "total_num_tokens": 17408,
    "requests_per_second": 53.43294525429789,
    "tokens_per_second": 14533.761109169025
}