{
    "elapsed_time": 1.8887823999393731,
    "num_requests": 128,
    "total_num_tokens": 34816,
    "requests_per_second": 67.76852643486544,
    "tokens_per_second": 18433.0391902834
}