{
    "elapsed_time": 2.373599505983293,
    "num_requests": 256,
    "total_num_tokens": 69632,
    "requests_per_second": 107.85307266650649,
    "tokens_per_second": 29336.035765289766
}