{
    "elapsed_time": 2.5997531820321456,
    "num_requests": 256,
    "total_num_tokens": 69632,
    "requests_per_second": 98.47088630155761,
    "tokens_per_second": 26784.08107402367
}