{
    "elapsed_time": 0.9069238470401615,
    "num_requests": 16,
    "total_num_tokens": 4352,
    "requests_per_second": 17.642054569650618,
    "tokens_per_second": 4798.638842944968
}