{
    "elapsed_time": 0.8186420680722222,
    "num_requests": 16,
    "total_num_tokens": 4352,
    "requests_per_second": 19.544561199594312,
    "tokens_per_second": 5316.120646289653
}