{
    "elapsed_time": 2.4890206929994747,
    "num_requests": 128,
    "total_num_tokens": 34816,
    "requests_per_second": 51.42584806948691,
    "tokens_per_second": 13987.830674900439
}