{
    "elapsed_time": 6.962804079987109,
    "num_requests": 512,
    "total_num_tokens": 139264,
    "requests_per_second": 73.53359280517742,
    "tokens_per_second": 20001.137243008256
}