{
    "elapsed_time": 3.7950014770030975,
    "num_requests": 256,
    "total_num_tokens": 69632,
    "requests_per_second": 67.45715424652812,
    "tokens_per_second": 18348.34595505565
}