{
    "elapsed_time": 4.275938854087144,
    "num_requests": 512,
    "total_num_tokens": 139264,
    "requests_per_second": 119.73978521947437,
    "tokens_per_second": 32569.22157969703
}