{
    "elapsed_time": 2.1305132820270956,
    "num_requests": 64,
    "total_num_tokens": 17408,
    "requests_per_second": 30.0397094633959,
    "tokens_per_second": 8170.800974043685
}