{
    "elapsed_time": 4.657591296010651,
    "num_requests": 128,
    "total_num_tokens": 34816,
    "requests_per_second": 27.48201631809888,
    "tokens_per_second": 7475.108438522894
}