{
    "elapsed_time": 3.5181336279492825,
    "num_requests": 64,
    "total_num_tokens": 17408,
    "requests_per_second": 18.191463647532213,
    "tokens_per_second": 4948.078112128763
}