{
    "elapsed_time": 13.417826163000427,
    "num_requests": 512,
    "total_num_tokens": 139264,
    "requests_per_second": 38.15819297255742,
    "tokens_per_second": 10379.028488535618
}