{
    "elapsed_time": 4.250879673985764,
    "num_requests": 256,
    "total_num_tokens": 69632,
    "requests_per_second": 60.22282906915735,
    "tokens_per_second": 16380.609506810799
}