{
    "elapsed_time": 6.956945354002528,
    "num_requests": 256,
    "total_num_tokens": 69632,
    "requests_per_second": 36.79775921377849,
    "tokens_per_second": 10008.99050614775
}