{
    "elapsed_time": 7.990549438050948,
    "num_requests": 512,
    "total_num_tokens": 139264,
    "requests_per_second": 64.07569391434575,
    "tokens_per_second": 17428.588744702043
}