{
    "elapsed_time": 2.4442309859441593,
    "num_requests": 64,
    "total_num_tokens": 17408,
    "requests_per_second": 26.1841046807931,
    "tokens_per_second": 7122.076473175724
}