{
    "elapsed_time": 2.8287885510362685,
    "num_requests": 128,
    "total_num_tokens": 34816,
    "requests_per_second": 45.24905191415238,
    "tokens_per_second": 12307.742120649447
}