{
    "elapsed_time": 2.572571381999296,
    "num_requests": 64,
    "total_num_tokens": 17408,
    "requests_per_second": 24.87783252500533,
    "tokens_per_second": 6766.77044680145
}