{
    "elapsed_time": 4.167493332999584,
    "num_requests": 256,
    "total_num_tokens": 69632,
    "requests_per_second": 61.42781272687535,
    "tokens_per_second": 16708.365061710094
}