{
    "elapsed_time": 3.1104678379997495,
    "num_requests": 128,
    "total_num_tokens": 34816,
    "requests_per_second": 41.15136586087096,
    "tokens_per_second": 11193.171514156902
}