{
    "elapsed_time": 8.573934036000537,
    "num_requests": 512,
    "total_num_tokens": 139264,
    "requests_per_second": 59.71587813134511,
    "tokens_per_second": 16242.718851725871
}