{
    "elapsed_time": 2.526562136001303,
    "num_requests": 128,
    "total_num_tokens": 34816,
    "requests_per_second": 50.661726531919335,
    "tokens_per_second": 13779.98961668206
}