{
    "elapsed_time": 5.360630538998521,
    "num_requests": 256,
    "total_num_tokens": 69632,
    "requests_per_second": 47.75557616545352,
    "tokens_per_second": 12989.516717003356
}