{
    "elapsed_time": 6.7820991660009895,
    "num_requests": 512,
    "total_num_tokens": 139264,
    "requests_per_second": 75.49285073369057,
    "tokens_per_second": 20534.055399563837
}