{
    "elapsed_time": 3.0246132989996113,
    "num_requests": 64,
    "total_num_tokens": 17408,
    "requests_per_second": 21.159729748317893,
    "tokens_per_second": 5755.446491542467
}