{
    "elapsed_time": 10.794048569001461,
    "num_requests": 512,
    "total_num_tokens": 139264,
    "requests_per_second": 47.43354606263035,
    "tokens_per_second": 12901.924529035454
}