{
    "elapsed_time": 1.6952647949983657,
    "num_requests": 64,
    "total_num_tokens": 17408,
    "requests_per_second": 37.75221439672597,
    "tokens_per_second": 10268.602315909464
}