{
    "elapsed_time": 3.2816616089985473,
    "num_requests": 256,
    "total_num_tokens": 69632,
    "requests_per_second": 78.00926192329824,
    "tokens_per_second": 21218.51924313712
}