{
    "elapsed_time": 1.3708764639995934,
    "num_requests": 16,
    "total_num_tokens": 4352,
    "requests_per_second": 11.671365305462524,
    "tokens_per_second": 3174.6113630858067
}