{
    "elapsed_time": 3.7696594359986193,
    "num_requests": 128,
    "total_num_tokens": 34816,
    "requests_per_second": 33.95532200539266,
    "tokens_per_second": 9235.847585466803
}