{
    "elapsed_time": 37.259245404995454,
    "num_requests": 512,
    "total_num_tokens": 139264,
    "requests_per_second": 13.741555805404333,
    "tokens_per_second": 3737.7031790699784
}