{
    "elapsed_time": 8.146105647996592,
    "num_requests": 128,
    "total_num_tokens": 34816,
    "requests_per_second": 15.71302970168078,
    "tokens_per_second": 4273.944078857172
}