{
    "elapsed_time": 7.0915761919968645,
    "num_requests": 256,
    "total_num_tokens": 69632,
    "requests_per_second": 36.09916795209879,
    "tokens_per_second": 9818.97368297087
}