{
    "elapsed_time": 6.0544397799967555,
    "num_requests": 64,
    "total_num_tokens": 17408,
    "requests_per_second": 10.570755069932217,
    "tokens_per_second": 2875.245379021563
}