{
    "elapsed_time": 4.569719210994663,
    "num_requests": 128,
    "total_num_tokens": 34816,
    "requests_per_second": 28.010473749029106,
    "tokens_per_second": 7618.848859735917
}