{
    "elapsed_time": 14.199929301001248,
    "num_requests": 512,
    "total_num_tokens": 139264,
    "requests_per_second": 36.05651754645697,
    "tokens_per_second": 9807.372772636296
}