{
    "elapsed_time": 3.906244202997186,
    "num_requests": 64,
    "total_num_tokens": 17408,
    "requests_per_second": 16.384024314428174,
    "tokens_per_second": 4456.454613524463
}