{
    "elapsed_time": 18.254655798002204,
    "num_requests": 256,
    "total_num_tokens": 69632,
    "requests_per_second": 14.023819612529573,
    "tokens_per_second": 3814.478934608044
}