{
    "elapsed_time": 7.570146816025954,
    "num_requests": 2048,
    "total_num_tokens": 2099200,
    "requests_per_second": 270.53636471942616,
    "tokens_per_second": 277299.7738374118
}