{
    "elapsed_time": 3.91395462496439,
    "num_requests": 128,
    "total_num_tokens": 65664,
    "requests_per_second": 32.70349614775224,
    "tokens_per_second": 16776.8935237969
}