{
    "elapsed_time": 3.9045185369905084,
    "num_requests": 128,
    "total_num_tokens": 131200,
    "requests_per_second": 32.78253100538709,
    "tokens_per_second": 33602.09428052177
}