{
    "elapsed_time": 3.8931763229775243,
    "num_requests": 512,
    "total_num_tokens": 524800,
    "requests_per_second": 131.51215293748098,
    "tokens_per_second": 134799.956760918
}