{
    "elapsed_time": 14.422257253958378,
    "num_requests": 4096,
    "total_num_tokens": 4198400,
    "requests_per_second": 284.00547347578333,
    "tokens_per_second": 291105.6103126779
}