{
    "elapsed_time": 3.756155277020298,
    "num_requests": 256,
    "total_num_tokens": 262400,
    "requests_per_second": 68.15479689196475,
    "tokens_per_second": 69858.66681426387
}