{
    "elapsed_time": 4.3253561339806765,
    "num_requests": 1024,
    "total_num_tokens": 1049600,
    "requests_per_second": 236.74351158169273,
    "tokens_per_second": 242662.09937123506
}