{
    "elapsed_time": 3.716570795979351,
    "num_requests": 128,
    "total_num_tokens": 65664,
    "requests_per_second": 34.44035026548467,
    "tokens_per_second": 17667.899686193636
}