{
    "elapsed_time": 3.170865420019254,
    "num_requests": 512,
    "total_num_tokens": 524800,
    "requests_per_second": 161.47011373219715,
    "tokens_per_second": 165506.86657550206
}