{
    "elapsed_time": 2.8954017459764145,
    "num_requests": 128,
    "total_num_tokens": 2176,
    "requests_per_second": 44.208027496659064,
    "tokens_per_second": 751.5364674432041
}