{
    "elapsed_time": 17.642667791980784,
    "num_requests": 8192,
    "total_num_tokens": 8396800,
    "requests_per_second": 464.32887002064126,
    "tokens_per_second": 475937.09177115734
}