{
    "elapsed_time": 3.810517694975715,
    "num_requests": 256,
    "total_num_tokens": 262400,
    "requests_per_second": 67.18247243348165,
    "tokens_per_second": 68862.03424431868
}