{
    "elapsed_time": 3.086703935987316,
    "num_requests": 128,
    "total_num_tokens": 16512,
    "requests_per_second": 41.468181806382994,
    "tokens_per_second": 5349.395453023406
}