{
    "elapsed_time": 3.321822397003416,
    "num_requests": 1024,
    "total_num_tokens": 1049600,
    "requests_per_second": 308.2645239925351,
    "tokens_per_second": 315971.1370923485
}