{
    "elapsed_time": 8.624201058002654,
    "num_requests": 2048,
    "total_num_tokens": 2099200,
    "requests_per_second": 237.4712725533688,
    "tokens_per_second": 243408.05436720303
}