{
    "elapsed_time": 3.169734965020325,
    "num_requests": 128,
    "total_num_tokens": 32896,
    "requests_per_second": 40.38192511757185,
    "tokens_per_second": 10378.154755215966
}