{
    "elapsed_time": 32.959240457974374,
    "num_requests": 8192,
    "total_num_tokens": 8396800,
    "requests_per_second": 248.549416982028,
    "tokens_per_second": 254763.15240657868
}