{
    "elapsed_time": 3.2775584849878214,
    "num_requests": 256,
    "total_num_tokens": 262400,
    "requests_per_second": 78.1069204935793,
    "tokens_per_second": 80059.59350591879
}