{
    "elapsed_time": 4.559011456964072,
    "num_requests": 2048,
    "total_num_tokens": 2099200,
    "requests_per_second": 449.2201915552544,
    "tokens_per_second": 460450.6963441358
}