{
    "elapsed_time": 4.75659625598928,
    "num_requests": 1024,
    "total_num_tokens": 1049600,
    "requests_per_second": 215.27999117239096,
    "tokens_per_second": 220661.99095170075
}