{
    "elapsed_time": 16.604019869002514,
    "num_requests": 4096,
    "total_num_tokens": 4198400,
    "requests_per_second": 246.68724997412733,
    "tokens_per_second": 252854.43122348053
}