{
    "elapsed_time": 3.0771520839771256,
    "num_requests": 128,
    "total_num_tokens": 131200,
    "requests_per_second": 41.596904055052065,
    "tokens_per_second": 42636.82665642836
}