{
    "elapsed_time": 3.7356082479818724,
    "num_requests": 512,
    "total_num_tokens": 524800,
    "requests_per_second": 137.0593397411528,
    "tokens_per_second": 140485.82323468162
}