{
    "elapsed_time": 3.757393898034934,
    "num_requests": 128,
    "total_num_tokens": 131200,
    "requests_per_second": 34.066164866808954,
    "tokens_per_second": 34917.81898847917
}