{
    "elapsed_time": 2.976869711012114,
    "num_requests": 128,
    "total_num_tokens": 65664,
    "requests_per_second": 42.9981868291041,
    "tokens_per_second": 22058.069843330402
}