{
    "elapsed_time": 5.728579749993514,
    "num_requests": 128,
    "total_num_tokens": 65664,
    "requests_per_second": 22.344107193435672,
    "tokens_per_second": 11462.5269902325
}