{
    "elapsed_time": 33.38332005694974,
    "num_requests": 2048,
    "total_num_tokens": 2099200,
    "requests_per_second": 61.34800243074227,
    "tokens_per_second": 62881.70249151083
}