{
    "elapsed_time": 5.535007647005841,
    "num_requests": 128,
    "total_num_tokens": 131200,
    "requests_per_second": 23.1255326393707,
    "tokens_per_second": 23703.670955354966
}