{
    "elapsed_time": 114.59400139795616,
    "num_requests": 8192,
    "total_num_tokens": 8396800,
    "requests_per_second": 71.48716250470427,
    "tokens_per_second": 73274.34156732187
}