{
    "elapsed_time": 3.2175756900105625,
    "num_requests": 128,
    "total_num_tokens": 131200,
    "requests_per_second": 39.781503943293345,
    "tokens_per_second": 40776.04154187568
}