{
    "elapsed_time": 8.223920602991711,
    "num_requests": 512,
    "total_num_tokens": 524800,
    "requests_per_second": 62.257410390579864,
    "tokens_per_second": 63813.84565034436
}