{
    "elapsed_time": 58.91806376801105,
    "num_requests": 4096,
    "total_num_tokens": 4198400,
    "requests_per_second": 69.52027507434622,
    "tokens_per_second": 71258.28195120487
}