{
    "elapsed_time": 4.430388102016877,
    "num_requests": 512,
    "total_num_tokens": 524800,
    "requests_per_second": 115.5654963426158,
    "tokens_per_second": 118454.6337511812
}