{
    "elapsed_time": 5.695157156966161,
    "num_requests": 256,
    "total_num_tokens": 262400,
    "requests_per_second": 44.95047159267023,
    "tokens_per_second": 46074.23338248699
}