{
    "elapsed_time": 15.794754843984265,
    "num_requests": 2048,
    "total_num_tokens": 2099200,
    "requests_per_second": 129.6632977358316,
    "tokens_per_second": 132904.8801792274
}