{
    "elapsed_time": 30.738960016984493,
    "num_requests": 4096,
    "total_num_tokens": 4198400,
    "requests_per_second": 133.25109235110094,
    "tokens_per_second": 136582.36965987846
}