{
    "elapsed_time": 8.389747377019376,
    "num_requests": 1024,
    "total_num_tokens": 1049600,
    "requests_per_second": 122.05373463387838,
    "tokens_per_second": 125105.07799972533
}