{
    "elapsed_time": 3.284419281000737,
    "num_requests": 128,
    "total_num_tokens": 65664,
    "requests_per_second": 38.971881799755906,
    "tokens_per_second": 19992.57536327478
}