{
    "elapsed_time": 3.4139916989952326,
    "num_requests": 256,
    "total_num_tokens": 262400,
    "requests_per_second": 74.98553674730464,
    "tokens_per_second": 76860.17516598725
}