{
    "elapsed_time": 15.222495588008314,
    "num_requests": 1024,
    "total_num_tokens": 1049600,
    "requests_per_second": 67.26886495580048,
    "tokens_per_second": 68950.5865796955
}