{
  "completed": true,
  "results": {
    "0": {
      "success": true,
      "duration": 88.54435801506042,
      "skipped": false
    },
    "1": {
      "success": true,
      "duration": 540.6862251758575,
      "skipped": false
    },
    "2": {
      "success": true,
      "duration": 1930.4939076900482,
      "skipped": false
    },
    "3": {
      "success": true,
      "duration": 3317.2152326107025,
      "skipped": false
    },
    "4": {
      "success": true,
      "duration": 1637.6672875881195,
      "skipped": false
    },
    "5": {
      "success": true,
      "duration": 27.804325103759766,
      "skipped": false
    },
    "6": {
      "success": true,
      "duration": 947.8020844459534,
      "skipped": false
    },
    "7": {
      "success": true,
      "duration": 1110.4018614292145,
      "skipped": false
    }
  },
  "summary": {
    "success": 8,
    "failed": 0,
    "skipped": 0,
    "total_duration": 9600.615282058716
  },
  "timestamp": "2026-01-28T15:16:41.419800"
}