{
    "elapsed_time": 39.43394829800002,
    "num_requests": 2048,
    "total_num_tokens": 2099200,
    "requests_per_second": 51.934946623234,
    "tokens_per_second": 53233.320288814844
}