{
    "elapsed_time": 19.589354188000016,
    "num_requests": 1024,
    "total_num_tokens": 1049600,
    "requests_per_second": 52.273290388882685,
    "tokens_per_second": 53580.12264860475
}