{
    "elapsed_time": 11.12958473499998,
    "num_requests": 512,
    "total_num_tokens": 524800,
    "requests_per_second": 46.003513355703014,
    "tokens_per_second": 47153.60118959559
}