{
    "elapsed_time": 8.182550106999997,
    "num_requests": 128,
    "total_num_tokens": 131200,
    "requests_per_second": 15.643045056393694,
    "tokens_per_second": 16034.121182803536
}