{
    "elapsed_time": 8.429356627000004,
    "num_requests": 128,
    "total_num_tokens": 65664,
    "requests_per_second": 15.185026054064936,
    "tokens_per_second": 7789.918365735312
}