{
    "elapsed_time": 76.99492762199998,
    "num_requests": 4096,
    "total_num_tokens": 4198400,
    "requests_per_second": 53.19830963552511,
    "tokens_per_second": 54528.26737641324
}