{
    "elapsed_time": 8.331704454000032,
    "num_requests": 256,
    "total_num_tokens": 262400,
    "requests_per_second": 30.726005874715703,
    "tokens_per_second": 31494.156021583596
}