{
    "elapsed_time": 1511.6422646270003,
    "num_requests": 8192,
    "total_num_tokens": 8396800,
    "requests_per_second": 5.4192716039342725,
    "tokens_per_second": 5554.753394032629
}