{
    "elapsed_time": 7.602189365999948,
    "num_requests": 128,
    "total_num_tokens": 2176,
    "requests_per_second": 16.837254879820218,
    "tokens_per_second": 286.23333295694374
}