{
    "elapsed_time": 105.55752524700074,
    "num_requests": 4096,
    "total_num_tokens": 4198400,
    "requests_per_second": 38.80348644414986,
    "tokens_per_second": 39773.57360525361
}