{
    "elapsed_time": 7.130692175000149,
    "num_requests": 128,
    "total_num_tokens": 65664,
    "requests_per_second": 17.950571537607754,
    "tokens_per_second": 9208.643198792777
}