{
    "elapsed_time": 7.010880261999773,
    "num_requests": 128,
    "total_num_tokens": 131200,
    "requests_per_second": 18.257336485089173,
    "tokens_per_second": 18713.769897216403
}