{
    "elapsed_time": 90.65999334099979,
    "num_requests": 8192,
    "total_num_tokens": 8396800,
    "requests_per_second": 90.35959190055749,
    "tokens_per_second": 92618.58169807142
}