{
    "elapsed_time": 26.665623877001053,
    "num_requests": 1024,
    "total_num_tokens": 1049600,
    "requests_per_second": 38.40150167584093,
    "tokens_per_second": 39361.53921773696
}