{
    "elapsed_time": 9.89434484499725,
    "num_requests": 128,
    "total_num_tokens": 65664,
    "requests_per_second": 12.936682721819524,
    "tokens_per_second": 6636.5182362934165
}