{
    "elapsed_time": 9.430502468996565,
    "num_requests": 256,
    "total_num_tokens": 262400,
    "requests_per_second": 27.14595546118755,
    "tokens_per_second": 27824.604347717242
}