{
    "elapsed_time": 12.995992399999523,
    "num_requests": 512,
    "total_num_tokens": 524800,
    "requests_per_second": 39.39676049672196,
    "tokens_per_second": 40381.679509140005
}