{
    "elapsed_time": 7.472894952999923,
    "num_requests": 512,
    "total_num_tokens": 524800,
    "requests_per_second": 68.51427769561546,
    "tokens_per_second": 70227.13463800585
}