{
    "elapsed_time": 7.50719042899982,
    "num_requests": 128,
    "total_num_tokens": 16512,
    "requests_per_second": 17.0503201178358,
    "tokens_per_second": 2199.491295200818
}