{
    "elapsed_time": 7.3120646869992925,
    "num_requests": 128,
    "total_num_tokens": 32896,
    "requests_per_second": 17.505315595413357,
    "tokens_per_second": 4498.866108021232
}