{
    "elapsed_time": 45.45546032300081,
    "num_requests": 4096,
    "total_num_tokens": 4198400,
    "requests_per_second": 90.1101863427262,
    "tokens_per_second": 92362.94100129436
}