{
    "elapsed_time": 9.47860716500145,
    "num_requests": 128,
    "total_num_tokens": 131200,
    "requests_per_second": 13.504093773674228,
    "tokens_per_second": 13841.696118016083
}