{
    "elapsed_time": 53.03464281799825,
    "num_requests": 2048,
    "total_num_tokens": 2099200,
    "requests_per_second": 38.61626837062387,
    "tokens_per_second": 39581.675079889465
}