{
    "elapsed_time": 11.480826785000318,
    "num_requests": 1024,
    "total_num_tokens": 1049600,
    "requests_per_second": 89.19218268651647,
    "tokens_per_second": 91421.9872536794
}