{
    "elapsed_time": 7.129298076999476,
    "num_requests": 256,
    "total_num_tokens": 262400,
    "requests_per_second": 35.90816336125805,
    "tokens_per_second": 36805.86744528949
}