{
    "elapsed_time": 23.095670407999933,
    "num_requests": 2048,
    "total_num_tokens": 2099200,
    "requests_per_second": 88.67462878629446,
    "tokens_per_second": 90891.49450595182
}