{
    "elapsed_time": 14.62099711999872,
    "num_requests": 128,
    "total_num_tokens": 65664,
    "requests_per_second": 8.75453287826181,
    "tokens_per_second": 4491.075366548308
}