{
    "elapsed_time": 12.927462579999997,
    "num_requests": 256,
    "total_num_tokens": 262400,
    "requests_per_second": 19.80280340521396,
    "tokens_per_second": 20297.87349034431
}