{
    "elapsed_time": 195.850026395,
    "num_requests": 4096,
    "total_num_tokens": 4198400,
    "requests_per_second": 20.913961950349627,
    "tokens_per_second": 21436.81099910837
}