{
    "elapsed_time": 8.041318621000073,
    "num_requests": 128,
    "total_num_tokens": 131200,
    "requests_per_second": 15.917787372051805,
    "tokens_per_second": 16315.732056353101
}