{
    "elapsed_time": 14.172166098000162,
    "num_requests": 128,
    "total_num_tokens": 131200,
    "requests_per_second": 9.03178802131469,
    "tokens_per_second": 9257.582721847557
}