{
    "elapsed_time": 98.66234396799996,
    "num_requests": 2048,
    "total_num_tokens": 2099200,
    "requests_per_second": 20.75766617367459,
    "tokens_per_second": 21276.607828016455
}