{
    "elapsed_time": 25.383799159999967,
    "num_requests": 512,
    "total_num_tokens": 524800,
    "requests_per_second": 20.170345533099493,
    "tokens_per_second": 20674.60417142698
}