{
    "elapsed_time": 7.93796571200005,
    "num_requests": 128,
    "total_num_tokens": 65664,
    "requests_per_second": 16.125038157635114,
    "tokens_per_second": 8272.144574866814
}