{
    "elapsed_time": 186.30602256900056,
    "num_requests": 2048,
    "total_num_tokens": 2099200,
    "requests_per_second": 10.99266664469475,
    "tokens_per_second": 11267.48331081212
}