{
    "elapsed_time": 92.18314441099938,
    "num_requests": 1024,
    "total_num_tokens": 1049600,
    "requests_per_second": 11.108321445778492,
    "tokens_per_second": 11386.029481922953
}