{
    "elapsed_time": 49.52067133000003,
    "num_requests": 1024,
    "total_num_tokens": 1049600,
    "requests_per_second": 20.678233402293404,
    "tokens_per_second": 21195.18923735074
}