{
    "elapsed_time": 23.66769184000077,
    "num_requests": 256,
    "total_num_tokens": 262400,
    "requests_per_second": 10.816432871047203,
    "tokens_per_second": 11086.843692823384
}