{
    "elapsed_time": 45.880850221999935,
    "num_requests": 512,
    "total_num_tokens": 524800,
    "requests_per_second": 11.159339844894488,
    "tokens_per_second": 11438.32334101685
}