{
    "elapsed_time": 4.174644385930151,
    "num_requests": 256,
    "total_num_tokens": 69632,
    "requests_per_second": 61.32258854497872,
    "tokens_per_second": 16679.74408423421
}