{
    "elapsed_time": 2.3975997790694237,
    "num_requests": 128,
    "total_num_tokens": 34816,
    "requests_per_second": 53.38672497278942,
    "tokens_per_second": 14521.189192598722
}