{
    "elapsed_time": 9.35014765104279,
    "num_requests": 512,
    "total_num_tokens": 139264,
    "requests_per_second": 54.758493566986445,
    "tokens_per_second": 14894.310250220313
}