{
    "elapsed_time": 1.9091406490188092,
    "num_requests": 64,
    "total_num_tokens": 17408,
    "requests_per_second": 33.522936108920206,
    "tokens_per_second": 9118.238621626297
}