{
    "elapsed_time": 0.845191793050617,
    "num_requests": 16,
    "total_num_tokens": 4352,
    "requests_per_second": 18.93061448484958,
    "tokens_per_second": 5149.127139879086
}