{
    "elapsed_time": 5.050125245004892,
    "num_requests": 256,
    "total_num_tokens": 69632,
    "requests_per_second": 50.691812099751594,
    "tokens_per_second": 13788.172891132434
}