{
    "elapsed_time": 2.9158294380176812,
    "num_requests": 256,
    "total_num_tokens": 69632,
    "requests_per_second": 87.7966305786531,
    "tokens_per_second": 23880.68351739364
}