{
    "elapsed_time": 1.1221875988412648,
    "num_requests": 64,
    "total_num_tokens": 17408,
    "requests_per_second": 57.03146253450347,
    "tokens_per_second": 15512.557809384942
}