{
    "elapsed_time": 1.5995379460509866,
    "num_requests": 128,
    "total_num_tokens": 34816,
    "requests_per_second": 80.02310937106077,
    "tokens_per_second": 21766.285748928527
}