{
    "elapsed_time": 11.759780718013644,
    "num_requests": 512,
    "total_num_tokens": 139264,
    "requests_per_second": 43.538226798372,
    "tokens_per_second": 11842.397689157186
}