{
    "elapsed_time": 2.749583834083751,
    "num_requests": 128,
    "total_num_tokens": 34816,
    "requests_per_second": 46.5524994776723,
    "tokens_per_second": 12662.279857926864
}