{
    "elapsed_time": 2.86395924189128,
    "num_requests": 256,
    "total_num_tokens": 69632,
    "requests_per_second": 89.38674693950765,
    "tokens_per_second": 24313.19516754608
}