{
    "elapsed_time": 0.8485426399856806,
    "num_requests": 16,
    "total_num_tokens": 4352,
    "requests_per_second": 18.855858557997752,
    "tokens_per_second": 5128.793527775389
}