{
    "elapsed_time": 5.843747319886461,
    "num_requests": 512,
    "total_num_tokens": 139264,
    "requests_per_second": 87.61501344482289,
    "tokens_per_second": 23831.283656991825
}