{
    "elapsed_time": 2.122334821149707,
    "num_requests": 64,
    "total_num_tokens": 17408,
    "requests_per_second": 30.15546810155527,
    "tokens_per_second": 8202.287323623033
}