{
    "elapsed_time": 1.587664128979668,
    "num_requests": 128,
    "total_num_tokens": 34816,
    "requests_per_second": 80.62158592841723,
    "tokens_per_second": 21929.071372529485
}