{
    "elapsed_time": 18.46415831381455,
    "num_requests": 512,
    "total_num_tokens": 139264,
    "requests_per_second": 27.729398291441793,
    "tokens_per_second": 7542.3963352721685
}