{
    "elapsed_time": 3.7438876191154122,
    "num_requests": 128,
    "total_num_tokens": 34816,
    "requests_per_second": 34.189060415826056,
    "tokens_per_second": 9299.424433104687
}