{
    "elapsed_time": 8.272489981958643,
    "num_requests": 256,
    "total_num_tokens": 69632,
    "requests_per_second": 30.945942582983697,
    "tokens_per_second": 8417.296382571565
}