{
    "elapsed_time": 3.126825768034905,
    "num_requests": 64,
    "total_num_tokens": 17408,
    "requests_per_second": 20.46804163323166,
    "tokens_per_second": 5567.307324239012
}