{
    "elapsed_time": 0.6546552260406315,
    "num_requests": 16,
    "total_num_tokens": 4352,
    "requests_per_second": 24.44034564081667,
    "tokens_per_second": 6647.774014302134
}