{
    "elapsed_time": 1.3366764510283247,
    "num_requests": 128,
    "total_num_tokens": 34816,
    "requests_per_second": 95.75989754403747,
    "tokens_per_second": 26046.692131978194
}