{
    "elapsed_time": 2.164537759963423,
    "num_requests": 256,
    "total_num_tokens": 69632,
    "requests_per_second": 118.2700550367511,
    "tokens_per_second": 32169.454969996303
}