{
    "elapsed_time": 1.359075411921367,
    "num_requests": 128,
    "total_num_tokens": 34816,
    "requests_per_second": 94.18167592263511,
    "tokens_per_second": 25617.41585095675
}