{
    "elapsed_time": 0.7889701529638842,
    "num_requests": 16,
    "total_num_tokens": 4352,
    "requests_per_second": 20.27960112292412,
    "tokens_per_second": 5516.051505435361
}