{
    "elapsed_time": 2.1577536900294945,
    "num_requests": 256,
    "total_num_tokens": 69632,
    "requests_per_second": 118.64190115068264,
    "tokens_per_second": 32270.59711298568
}