{
    "elapsed_time": 2.241965991910547,
    "num_requests": 64,
    "total_num_tokens": 17408,
    "requests_per_second": 28.5463741336508,
    "tokens_per_second": 7764.613764353018
}