{
    "elapsed_time": 2.7283018520101905,
    "num_requests": 128,
    "total_num_tokens": 34816,
    "requests_per_second": 46.91562992038093,
    "tokens_per_second": 12761.051338343614
}