{
    "elapsed_time": 4.804867865052074,
    "num_requests": 256,
    "total_num_tokens": 69632,
    "requests_per_second": 53.279300740401425,
    "tokens_per_second": 14491.969801389188
}