{
    "elapsed_time": 10.818415191955864,
    "num_requests": 512,
    "total_num_tokens": 139264,
    "requests_per_second": 47.326710143339895,
    "tokens_per_second": 12872.86515898845
}