{
    "elapsed_time": 0.9945570970885456,
    "num_requests": 16,
    "total_num_tokens": 4352,
    "requests_per_second": 16.08756304372892,
    "tokens_per_second": 4375.817147894266
}