{
    "elapsed_time": 3.2947666111867875,
    "num_requests": 256,
    "total_num_tokens": 69632,
    "requests_per_second": 77.69897847416507,
    "tokens_per_second": 21134.1221449729
}