{
    "elapsed_time": 5.922072830144316,
    "num_requests": 256,
    "total_num_tokens": 69632,
    "requests_per_second": 43.228107343921586,
    "tokens_per_second": 11758.045197546671
}