{
    "elapsed_time": 1.2665737960487604,
    "num_requests": 64,
    "total_num_tokens": 17408,
    "requests_per_second": 50.53002059544909,
    "tokens_per_second": 13744.165601962153
}