{
    "elapsed_time": 14.14878958510235,
    "num_requests": 512,
    "total_num_tokens": 139264,
    "requests_per_second": 36.18684106653893,
    "tokens_per_second": 9842.82077009859
}