{
    "elapsed_time": 2.374829808017239,
    "num_requests": 64,
    "total_num_tokens": 17408,
    "requests_per_second": 26.949299601992962,
    "tokens_per_second": 7330.209491742085
}