{
    "elapsed_time": 3.354679445968941,
    "num_requests": 256,
    "total_num_tokens": 69632,
    "requests_per_second": 76.31131502224912,
    "tokens_per_second": 20756.67768605176
}