{
    "elapsed_time": 1.0268221339210868,
    "num_requests": 16,
    "total_num_tokens": 4352,
    "requests_per_second": 15.582056007013996,
    "tokens_per_second": 4238.319233907807
}