{
    "elapsed_time": 1.7243036448489875,
    "num_requests": 128,
    "total_num_tokens": 34816,
    "requests_per_second": 74.23286518147451,
    "tokens_per_second": 20191.339329361068
}