{
    "elapsed_time": 3.182153210043907,
    "num_requests": 128,
    "total_num_tokens": 34816,
    "requests_per_second": 40.22433602379373,
    "tokens_per_second": 10941.019398471895
}