{
    "elapsed_time": 6.6015397200826555,
    "num_requests": 512,
    "total_num_tokens": 139264,
    "requests_per_second": 77.55766407682682,
    "tokens_per_second": 21095.684628896895
}