{
    "elapsed_time": 1.7303642048500478,
    "num_requests": 128,
    "total_num_tokens": 34816,
    "requests_per_second": 73.97286631405576,
    "tokens_per_second": 20120.61963742317
}