{
    "elapsed_time": 4.39507185597904,
    "num_requests": 128,
    "total_num_tokens": 34816,
    "requests_per_second": 29.123528395984984,
    "tokens_per_second": 7921.5997237079155
}