{
    "elapsed_time": 1.6838186969980597,
    "num_requests": 128,
    "total_num_tokens": 34816,
    "requests_per_second": 76.01768541245002,
    "tokens_per_second": 20676.810432186405
}