{
    "elapsed_time": 3.6356869901064783,
    "num_requests": 64,
    "total_num_tokens": 17408,
    "requests_per_second": 17.60327557739662,
    "tokens_per_second": 4788.090957051881
}