{
    "elapsed_time": 2.6935933949425817,
    "num_requests": 256,
    "total_num_tokens": 69632,
    "requests_per_second": 95.04032809133653,
    "tokens_per_second": 25850.96924084354
}