{
    "elapsed_time": 23.87049673893489,
    "num_requests": 512,
    "total_num_tokens": 139264,
    "requests_per_second": 21.449071864720885,
    "tokens_per_second": 5834.147547204081
}