{
    "elapsed_time": 10.581593391019851,
    "num_requests": 256,
    "total_num_tokens": 69632,
    "requests_per_second": 24.1929537962833,
    "tokens_per_second": 6580.483432589058
}