{
    "elapsed_time": 1.083809538045898,
    "num_requests": 16,
    "total_num_tokens": 4352,
    "requests_per_second": 14.762741458105177,
    "tokens_per_second": 4015.4656766046082
}