{
    "elapsed_time": 14.729044867970515,
    "num_requests": 4096,
    "total_num_tokens": 4198400,
    "requests_per_second": 278.0899940706325,
    "tokens_per_second": 285042.24392239825
}