{
    "elapsed_time": 3.927100390952546,
    "num_requests": 128,
    "total_num_tokens": 131200,
    "requests_per_second": 32.59402288133324,
    "tokens_per_second": 33408.87345336657
}