{
    "elapsed_time": 7.728476661024615,
    "num_requests": 2048,
    "total_num_tokens": 2099200,
    "requests_per_second": 264.99400720561704,
    "tokens_per_second": 271618.8573857575
}