{
    "elapsed_time": 3.941757125023287,
    "num_requests": 512,
    "total_num_tokens": 524800,
    "requests_per_second": 129.8913108445197,
    "tokens_per_second": 133138.59361563268
}