{
    "elapsed_time": 4.4700208909926005,
    "num_requests": 1024,
    "total_num_tokens": 1049600,
    "requests_per_second": 229.08170341293715,
    "tokens_per_second": 234808.7459982606
}