{
    "elapsed_time": 3.9061193499946967,
    "num_requests": 256,
    "total_num_tokens": 262400,
    "requests_per_second": 65.53819201667444,
    "tokens_per_second": 67176.6468170913
}