{
    "elapsed_time": 3.889937811996788,
    "num_requests": 128,
    "total_num_tokens": 65664,
    "requests_per_second": 32.90541036549242,
    "tokens_per_second": 16880.47551749761
}