{
    "elapsed_time": 3.1152633050223812,
    "num_requests": 128,
    "total_num_tokens": 131200,
    "requests_per_second": 41.0880196847696,
    "tokens_per_second": 42115.22017688884
}