{
    "elapsed_time": 4.4982398630236275,
    "num_requests": 2048,
    "total_num_tokens": 2099200,
    "requests_per_second": 455.2891936321455,
    "tokens_per_second": 466671.4234729491
}