{
    "elapsed_time": 3.724450462963432,
    "num_requests": 512,
    "total_num_tokens": 524800,
    "requests_per_second": 137.46994491977136,
    "tokens_per_second": 140906.69354276566
}