{
    "elapsed_time": 34.27276526601054,
    "num_requests": 8192,
    "total_num_tokens": 8396800,
    "requests_per_second": 239.02360770767115,
    "tokens_per_second": 244999.19790036292
}