{
    "elapsed_time": 4.913415776973125,
    "num_requests": 1024,
    "total_num_tokens": 1049600,
    "requests_per_second": 208.40898602536504,
    "tokens_per_second": 213619.21067599917
}