{
    "elapsed_time": 17.437379731971305,
    "num_requests": 4096,
    "total_num_tokens": 4198400,
    "requests_per_second": 234.8976774583864,
    "tokens_per_second": 240770.11939484606
}