{
    "elapsed_time": 3.791942381998524,
    "num_requests": 256,
    "total_num_tokens": 262400,
    "requests_per_second": 67.51157433596775,
    "tokens_per_second": 69199.36369436696
}