{
    "elapsed_time": 3.1009046350372955,
    "num_requests": 256,
    "total_num_tokens": 262400,
    "requests_per_second": 82.55655369321637,
    "tokens_per_second": 84620.46753554678
}