{
    "elapsed_time": 3.2467798350262456,
    "num_requests": 512,
    "total_num_tokens": 524800,
    "requests_per_second": 157.6947086083714,
    "tokens_per_second": 161637.0763235807
}