{
    "elapsed_time": 9.07560131396167,
    "num_requests": 2048,
    "total_num_tokens": 2099200,
    "requests_per_second": 225.65997878833767,
    "tokens_per_second": 231301.47825804612
}