{
    "elapsed_time": 17.4713764989865,
    "num_requests": 8192,
    "total_num_tokens": 8396800,
    "requests_per_second": 468.8812012307794,
    "tokens_per_second": 480603.2312615489
}