{
    "elapsed_time": 3.343216538953129,
    "num_requests": 1024,
    "total_num_tokens": 1049600,
    "requests_per_second": 306.29185638111494,
    "tokens_per_second": 313949.1527906428
}