{
    "elapsed_time": 3.1475981169496663,
    "num_requests": 128,
    "total_num_tokens": 65664,
    "requests_per_second": 40.665928509337355,
    "tokens_per_second": 20861.621325290063
}