{
    "elapsed_time": 8.884762395988218,
    "num_requests": 4096,
    "total_num_tokens": 4198400,
    "requests_per_second": 461.0140167450609,
    "tokens_per_second": 472539.3671636874
}