{
    "elapsed_time": 3.7490186010254547,
    "num_requests": 128,
    "total_num_tokens": 65664,
    "requests_per_second": 34.14226858330035,
    "tokens_per_second": 17514.983783233078
}