{
    "elapsed_time": 3.6851174699841067,
    "num_requests": 128,
    "total_num_tokens": 131200,
    "requests_per_second": 34.7343065838691,
    "tokens_per_second": 35602.66424846583
}