{
    "elapsed_time": 3.216214303043671,
    "num_requests": 128,
    "total_num_tokens": 131200,
    "requests_per_second": 39.798343001853745,
    "tokens_per_second": 40793.301576900085
}