{
    "elapsed_time": 5.562932122033089,
    "num_requests": 128,
    "total_num_tokens": 65664,
    "requests_per_second": 23.0094484692759,
    "tokens_per_second": 11803.847064738537
}