{
    "elapsed_time": 4.608214329986367,
    "num_requests": 512,
    "total_num_tokens": 524800,
    "requests_per_second": 111.10594328660808,
    "tokens_per_second": 113883.59186877329
}