{
    "elapsed_time": 8.533469832036644,
    "num_requests": 1024,
    "total_num_tokens": 1049600,
    "requests_per_second": 119.99808051768862,
    "tokens_per_second": 122998.03253063084
}