{
    "elapsed_time": 3.3968471869593486,
    "num_requests": 128,
    "total_num_tokens": 65664,
    "requests_per_second": 37.68200126617348,
    "tokens_per_second": 19330.866649546995
}