{
    "elapsed_time": 3.4589915290125646,
    "num_requests": 256,
    "total_num_tokens": 262400,
    "requests_per_second": 74.01001067877148,
    "tokens_per_second": 75860.26094574077
}