{
    "elapsed_time": 15.876773888012394,
    "num_requests": 1024,
    "total_num_tokens": 1049600,
    "requests_per_second": 64.49673008023132,
    "tokens_per_second": 66109.14833223709
}