{
    "elapsed_time": 5.62932563299546,
    "num_requests": 256,
    "total_num_tokens": 262400,
    "requests_per_second": 45.47613989489147,
    "tokens_per_second": 46613.04339226375
}