{
    "elapsed_time": 16.408711417054292,
    "num_requests": 2048,
    "total_num_tokens": 2099200,
    "requests_per_second": 124.81175077961478,
    "tokens_per_second": 127932.04454910515
}