{
    "elapsed_time": 5.410249839012977,
    "num_requests": 128,
    "total_num_tokens": 131200,
    "requests_per_second": 23.65879650824994,
    "tokens_per_second": 24250.266420956184
}