{
    "elapsed_time": 119.4492672769702,
    "num_requests": 8192,
    "total_num_tokens": 8396800,
    "requests_per_second": 68.58141692075006,
    "tokens_per_second": 70295.9523437688
}