{
    "elapsed_time": 31.206394071981777,
    "num_requests": 2048,
    "total_num_tokens": 2099200,
    "requests_per_second": 65.62757604342272,
    "tokens_per_second": 67268.26544450829
}