{
    "elapsed_time": 61.238568591012154,
    "num_requests": 4096,
    "total_num_tokens": 4198400,
    "requests_per_second": 66.88595266417055,
    "tokens_per_second": 68558.10148077481
}