{
    "elapsed_time": 32.205779928015545,
    "num_requests": 4096,
    "total_num_tokens": 4198400,
    "requests_per_second": 127.18213963937954,
    "tokens_per_second": 130361.69313036403
}