{
    "elapsed_time": 8.454185151029378,
    "num_requests": 512,
    "total_num_tokens": 524800,
    "requests_per_second": 60.561720716237105,
    "tokens_per_second": 62075.76373414303
}