{
  "interrupted": true,
  "signal": 2,
  "results": {
    "0": {
      "success": true,
      "duration": 2254.767077922821,
      "skipped": false
    },
    "1": {
      "success": true,
      "duration": 4649.526552915573,
      "skipped": false
    },
    "2": {
      "success": true,
      "duration": 7424.681422710419,
      "skipped": false
    },
    "3": {
      "success": true,
      "duration": 5744.9635853767395,
      "skipped": false
    },
    "4": {
      "success": true,
      "duration": 9715.231280088425,
      "skipped": false
    }
  },
  "timestamp": "2026-01-27T19:15:04.779044"
}