{
  "meta": {
    "model": "BitNet-2B4T-INT8",
    "dtype": "int8",
    "outdtype": "bf16",
    "gpu": "NVIDIA GeForce RTX 5080",
    "gpu_short": "RTX5080",
    "cc": "cc120",
    "warmup": 5,
    "repeat": 10,
    "verify": false,
    "m_list": [
      16,
      256
    ],
    "nk_list": [
      [
        3840,
        2560
      ],
      [
        2560,
        2560
      ],
      [
        13824,
        2560
      ],
      [
        2560,
        6912
      ]
    ],
    "layout_names": [
      "TN_CC_Col",
      "NT_RR_Col",
      "NN_RC_Col",
      "TT_CR_Col",
      "TN_CC_Row",
      "NT_RR_Row",
      "NN_RC_Row",
      "TT_CR_Row",
      "TN_RR_Col",
      "NT_CC_Col",
      "NN_CR_Col",
      "TT_RC_Col",
      "TN_RR_Row",
      "NT_CC_Row",
      "NN_CR_Row",
      "TT_RC_Row"
    ],
    "is_sparse": true
  },
  "results": {
    "(3840,2560)": {
      "16": {
        "TN_CC_Col": {
          "tops": 36.87321472167969,
          "lat_us": 8.531200408935547,
          "best_alg_id": 1,
          "workspace": 1228800,
          "best_split_k": 1
        },
        "NT_RR_Col": {
          "tops": 36.557830810546875,
          "lat_us": 8.604799270629883,
          "best_alg_id": 1,
          "workspace": 1228800,
          "best_split_k": 1
        },
        "NN_RC_Col": {
          "tops": 36.77665328979492,
          "lat_us": 8.553600311279297,
          "best_alg_id": 1,
          "workspace": 1228800,
          "best_split_k": 1
        },
        "TT_CR_Col": {
          "tops": 36.19440460205078,
          "lat_us": 8.69119930267334,
          "best_alg_id": 1,
          "workspace": 1228800,
          "best_split_k": 1
        },
        "TN_CC_Row": {
          "tops": 37.82377624511719,
          "lat_us": 8.316800117492676,
          "best_alg_id": 0,
          "workspace": 1228800,
          "best_split_k": 1
        },
        "NT_RR_Row": {
          "tops": 36.72170639038086,
          "lat_us": 8.566399574279785,
          "best_alg_id": 0,
          "workspace": 1228800,
          "best_split_k": 1
        },
        "NN_RC_Row": {
          "tops": 37.8529052734375,
          "lat_us": 8.310400009155273,
          "best_alg_id": 0,
          "workspace": 1228800,
          "best_split_k": 1
        },
        "TT_CR_Row": {
          "tops": 37.39216613769531,
          "lat_us": 8.412799835205078,
          "best_alg_id": 0,
          "workspace": 1228800,
          "best_split_k": 1
        }
      },
      "256": {
        "TN_CC_Col": {
          "tops": 347.057373046875,
          "lat_us": 14.502400398254395,
          "best_alg_id": 0,
          "workspace": 1228800,
          "best_split_k": 1
        },
        "NT_RR_Col": {
          "tops": 401.7532958984375,
          "lat_us": 12.527998924255371,
          "best_alg_id": 0,
          "workspace": 1228800,
          "best_split_k": 1
        },
        "NN_RC_Col": {
          "tops": 383.6253662109375,
          "lat_us": 13.119999885559082,
          "best_alg_id": 0,
          "workspace": 1228800,
          "best_split_k": 1
        },
        "TT_CR_Col": {
          "tops": 393.5111389160156,
          "lat_us": 12.790399551391602,
          "best_alg_id": 0,
          "workspace": 1228800,
          "best_split_k": 1
        },
        "TN_CC_Row": {
          "tops": 342.5972900390625,
          "lat_us": 14.691198348999023,
          "best_alg_id": 1,
          "workspace": 1228800,
          "best_split_k": 1
        },
        "NT_RR_Row": {
          "tops": 344.92633056640625,
          "lat_us": 14.592000007629395,
          "best_alg_id": 1,
          "workspace": 1228800,
          "best_split_k": 1
        },
        "NN_RC_Row": {
          "tops": 342.4480895996094,
          "lat_us": 14.697599411010742,
          "best_alg_id": 1,
          "workspace": 1228800,
          "best_split_k": 1
        },
        "TT_CR_Row": {
          "tops": 344.69952392578125,
          "lat_us": 14.601600646972656,
          "best_alg_id": 1,
          "workspace": 1228800,
          "best_split_k": 1
        }
      }
    },
    "(2560,2560)": {
      "16": {
        "TN_CC_Col": {
          "tops": 24.25462532043457,
          "lat_us": 8.646400451660156,
          "best_alg_id": 1,
          "workspace": 819200,
          "best_split_k": 1
        },
        "NT_RR_Col": {
          "tops": 24.21877098083496,
          "lat_us": 8.659200668334961,
          "best_alg_id": 1,
          "workspace": 819200,
          "best_split_k": 1
        },
        "NN_RC_Col": {
          "tops": 24.435497283935547,
          "lat_us": 8.582399368286133,
          "best_alg_id": 1,
          "workspace": 819200,
          "best_split_k": 1
        },
        "TT_CR_Col": {
          "tops": 24.444610595703125,
          "lat_us": 8.57919979095459,
          "best_alg_id": 1,
          "workspace": 819200,
          "best_split_k": 1
        },
        "TN_CC_Row": {
          "tops": 24.871347427368164,
          "lat_us": 8.432000160217285,
          "best_alg_id": 0,
          "workspace": 819200,
          "best_split_k": 1
        },
        "NT_RR_Row": {
          "tops": 25.33281898498535,
          "lat_us": 8.278399467468262,
          "best_alg_id": 0,
          "workspace": 819200,
          "best_split_k": 1
        },
        "NN_RC_Row": {
          "tops": 24.435497283935547,
          "lat_us": 8.582399368286133,
          "best_alg_id": 0,
          "workspace": 819200,
          "best_split_k": 1
        },
        "TT_CR_Row": {
          "tops": 25.023290634155273,
          "lat_us": 8.380800247192383,
          "best_alg_id": 0,
          "workspace": 819200,
          "best_split_k": 1
        }
      },
      "256": {
        "TN_CC_Col": {
          "tops": 319.1040954589844,
          "lat_us": 10.515199661254883,
          "best_alg_id": 1,
          "workspace": 819200,
          "best_split_k": 1
        },
        "NT_RR_Col": {
          "tops": 318.52252197265625,
          "lat_us": 10.534399032592773,
          "best_alg_id": 1,
          "workspace": 819200,
          "best_split_k": 1
        },
        "NN_RC_Col": {
          "tops": 319.7853088378906,
          "lat_us": 10.492799758911133,
          "best_alg_id": 1,
          "workspace": 819200,
          "best_split_k": 1
        },
        "TT_CR_Col": {
          "tops": 314.9822998046875,
          "lat_us": 10.652799606323242,
          "best_alg_id": 1,
          "workspace": 819200,
          "best_split_k": 1
        },
        "TN_CC_Row": {
          "tops": 318.23248291015625,
          "lat_us": 10.543999671936035,
          "best_alg_id": 0,
          "workspace": 819200,
          "best_split_k": 1
        },
        "NT_RR_Row": {
          "tops": 320.1758728027344,
          "lat_us": 10.480000495910645,
          "best_alg_id": 0,
          "workspace": 819200,
          "best_split_k": 1
        },
        "NN_RC_Row": {
          "tops": 319.0069885253906,
          "lat_us": 10.518400192260742,
          "best_alg_id": 0,
          "workspace": 819200,
          "best_split_k": 1
        },
        "TT_CR_Row": {
          "tops": 314.0389404296875,
          "lat_us": 10.684800148010254,
          "best_alg_id": 0,
          "workspace": 819200,
          "best_split_k": 1
        }
      }
    },
    "(13824,2560)": {
      "16": {
        "TN_CC_Col": {
          "tops": 68.27983856201172,
          "lat_us": 16.585599899291992,
          "best_alg_id": 1,
          "workspace": 4423680,
          "best_split_k": 1
        },
        "NT_RR_Col": {
          "tops": 67.83484649658203,
          "lat_us": 16.694400787353516,
          "best_alg_id": 1,
          "workspace": 4423680,
          "best_split_k": 1
        },
        "NN_RC_Col": {
          "tops": 67.80885314941406,
          "lat_us": 16.7007999420166,
          "best_alg_id": 1,
          "workspace": 4423680,
          "best_split_k": 1
        },