{
    "elapsed_time": 11.246550590964034,
    "num_requests": 1024,
    "total_num_tokens": 1049600,
    "requests_per_second": 91.0501394821205,
    "tokens_per_second": 93326.39296917351
}