{
    "elapsed_time": 42.30671990197152,
    "num_requests": 4096,
    "total_num_tokens": 4198400,
    "requests_per_second": 96.81677070429475,
    "tokens_per_second": 99237.18997190212
}