{
    "elapsed_time": 4.060254120035097,
    "num_requests": 256,
    "total_num_tokens": 262400,
    "requests_per_second": 63.05024080556493,
    "tokens_per_second": 64626.49682570405
}