{
    "elapsed_time": 3.8067409889772534,
    "num_requests": 128,
    "total_num_tokens": 65664,
    "requests_per_second": 33.62456241983235,
    "tokens_per_second": 17249.400521374
}