{
    "elapsed_time": 21.60921938996762,
    "num_requests": 2048,
    "total_num_tokens": 2099200,
    "requests_per_second": 94.77436287915205,
    "tokens_per_second": 97143.72195113085
}