{
    "elapsed_time": 3.9689427921548486,
    "num_requests": 128,
    "total_num_tokens": 131200,
    "requests_per_second": 32.25040185840151,
    "tokens_per_second": 33056.66190486155
}