{
    "elapsed_time": 6.0547717600129545,
    "num_requests": 512,
    "total_num_tokens": 524800,
    "requests_per_second": 84.56140384702206,
    "tokens_per_second": 86675.43894319762
}