{
    "elapsed_time": 7.15485536691267,
    "num_requests": 512,
    "total_num_tokens": 524800,
    "requests_per_second": 71.55979733255302,
    "tokens_per_second": 73348.79226586685
}