{
    "elapsed_time": 3.759873909992166,
    "num_requests": 128,
    "total_num_tokens": 65664,
    "requests_per_second": 34.04369483237982,
    "tokens_per_second": 17464.41544901085
}