{
    "elapsed_time": 13.522485925001092,
    "num_requests": 1024,
    "total_num_tokens": 1049600,
    "requests_per_second": 75.72572126747599,
    "tokens_per_second": 77618.86429916289
}