{
    "elapsed_time": 42.78825208602939,
    "num_requests": 8192,
    "total_num_tokens": 8396800,
    "requests_per_second": 191.4544203284886,
    "tokens_per_second": 196240.7808367008
}