{
    "elapsed_time": 3.659156008041464,
    "num_requests": 128,
    "total_num_tokens": 131200,
    "requests_per_second": 34.98074411659509,
    "tokens_per_second": 35855.26271950996
}