{
    "elapsed_time": 102.66936964192428,
    "num_requests": 8192,
    "total_num_tokens": 8396800,
    "requests_per_second": 79.79010710371458,
    "tokens_per_second": 81784.85978130744
}