{
    "elapsed_time": 4.248754134983756,
    "num_requests": 256,
    "total_num_tokens": 262400,
    "requests_per_second": 60.252956953221954,
    "tokens_per_second": 61759.2808770525
}