{
    "elapsed_time": 4.108418683987111,
    "num_requests": 256,
    "total_num_tokens": 262400,
    "requests_per_second": 62.31107871205542,
    "tokens_per_second": 63868.8556798568
}