{
    "elapsed_time": 6.85608699999284,
    "num_requests": 1024,
    "total_num_tokens": 1049600,
    "requests_per_second": 149.35633109688797,
    "tokens_per_second": 153090.2393743102
}