{
    "elapsed_time": 4.256108101923019,
    "num_requests": 128,
    "total_num_tokens": 65664,
    "requests_per_second": 30.074424082923628,
    "tokens_per_second": 15428.17955453982
}