{
    "elapsed_time": 11.196262794081122,
    "num_requests": 2048,
    "total_num_tokens": 2099200,
    "requests_per_second": 182.9181788304103,
    "tokens_per_second": 187491.13330117057
}