{
    "elapsed_time": 26.264572752057575,
    "num_requests": 2048,
    "total_num_tokens": 2099200,
    "requests_per_second": 77.9757591845677,
    "tokens_per_second": 79925.15316418189
}