{
    "elapsed_time": 51.77351964695845,
    "num_requests": 4096,
    "total_num_tokens": 4198400,
    "requests_per_second": 79.11380234394841,
    "tokens_per_second": 81091.64740254711
}