{
    "elapsed_time": 4.6230807029642165,
    "num_requests": 512,
    "total_num_tokens": 524800,
    "requests_per_second": 110.74866153033344,
    "tokens_per_second": 113517.37806859177
}