{
    "elapsed_time": 4.238798770937137,
    "num_requests": 128,
    "total_num_tokens": 131200,
    "requests_per_second": 30.19723438574581,
    "tokens_per_second": 30952.165245389457
}