{
    "elapsed_time": 21.660181439016014,
    "num_requests": 4096,
    "total_num_tokens": 4198400,
    "requests_per_second": 189.10275574247797,
    "tokens_per_second": 193830.3246360399
}