{
    "elapsed_time": 48.369925735984,
    "num_requests": 1024,
    "total_num_tokens": 1049600,
    "requests_per_second": 21.17017928845428,
    "tokens_per_second": 21699.433770665637
}