{
    "elapsed_time": 6.9528949949890375,
    "num_requests": 256,
    "total_num_tokens": 262400,
    "requests_per_second": 36.81919548396741,
    "tokens_per_second": 37739.6753710666
}