{
    "elapsed_time": 94.74159045494162,
    "num_requests": 2048,
    "total_num_tokens": 2099200,
    "requests_per_second": 21.616694317307385,
    "tokens_per_second": 22157.11167524007
}