{
    "elapsed_time": 189.4782857829705,
    "num_requests": 4096,
    "total_num_tokens": 4198400,
    "requests_per_second": 21.617252779516814,
    "tokens_per_second": 22157.684099004735
}