{
    "elapsed_time": 24.579306820989586,
    "num_requests": 512,
    "total_num_tokens": 524800,
    "requests_per_second": 20.8305304835845,
    "tokens_per_second": 21351.293745674113
}