{
    "elapsed_time": 3.632763284025714,
    "num_requests": 128,
    "total_num_tokens": 65664,
    "requests_per_second": 35.23488595110288,
    "tokens_per_second": 18075.49649291578
}