{
    "elapsed_time": 375.6757617860567,
    "num_requests": 8192,
    "total_num_tokens": 8396800,
    "requests_per_second": 21.806038167203493,
    "tokens_per_second": 22351.18912138358
}