{
    "elapsed_time": 49.79978546500206,
    "num_requests": 2048,
    "total_num_tokens": 2099200,
    "requests_per_second": 41.12467515425902,
    "tokens_per_second": 42152.792033115504
}