{
    "elapsed_time": 12.801171781960875,
    "num_requests": 256,
    "total_num_tokens": 262400,
    "requests_per_second": 19.998169258282235,
    "tokens_per_second": 20498.123489739293
}