{
    "elapsed_time": 5.6371734600979835,
    "num_requests": 128,
    "total_num_tokens": 65664,
    "requests_per_second": 22.70641499787646,
    "tokens_per_second": 11648.390893910624
}