{
    "elapsed_time": 25.426204346935265,
    "num_requests": 1024,
    "total_num_tokens": 1049600,
    "requests_per_second": 40.27341187177343,
    "tokens_per_second": 41280.247168567774
}