{
    "elapsed_time": 13.084011737024412,
    "num_requests": 512,
    "total_num_tokens": 524800,
    "requests_per_second": 39.13172888336463,
    "tokens_per_second": 40110.02210544875
}