{
    "elapsed_time": 7.250896648038179,
    "num_requests": 128,
    "total_num_tokens": 131200,
    "requests_per_second": 17.65298916991625,
    "tokens_per_second": 18094.313899164154
}