{
    "elapsed_time": 99.72181139991153,
    "num_requests": 4096,
    "total_num_tokens": 4198400,
    "requests_per_second": 41.07426391979512,
    "tokens_per_second": 42101.12051779
}