{
    "elapsed_time": 3.910351500962861,
    "num_requests": 128,
    "total_num_tokens": 131200,
    "requests_per_second": 32.73363020395534,
    "tokens_per_second": 33551.970959054226
}