{
    "elapsed_time": 2.455076175974682,
    "num_requests": 64,
    "total_num_tokens": 17408,
    "requests_per_second": 26.068437560635594,
    "tokens_per_second": 7090.615016492881
}