{
    "elapsed_time": 3.1816748699638993,
    "num_requests": 128,
    "total_num_tokens": 34816,
    "requests_per_second": 40.2303834399812,
    "tokens_per_second": 10942.664295674887
}