{
    "elapsed_time": 8.744029788067564,
    "num_requests": 512,
    "total_num_tokens": 139264,
    "requests_per_second": 58.55423785251677,
    "tokens_per_second": 15926.752695884563
}