{
    "elapsed_time": 4.358965112129226,
    "num_requests": 256,
    "total_num_tokens": 69632,
    "requests_per_second": 58.72953634973039,
    "tokens_per_second": 15974.433887126666
}