{
    "elapsed_time": 3.4409337550168857,
    "num_requests": 128,
    "total_num_tokens": 34816,
    "requests_per_second": 37.19920495806577,
    "tokens_per_second": 10118.183748593889
}