{
    "elapsed_time": 9.83366177789867,
    "num_requests": 512,
    "total_num_tokens": 139264,
    "requests_per_second": 52.0660575443757,
    "tokens_per_second": 14161.96765207019
}