{
    "elapsed_time": 6.086782173952088,
    "num_requests": 512,
    "total_num_tokens": 139264,
    "requests_per_second": 84.11669505622598,
    "tokens_per_second": 22879.741055293467
}