{
    "elapsed_time": 2.2030510359909385,
    "num_requests": 128,
    "total_num_tokens": 34816,
    "requests_per_second": 58.10124137338708,
    "tokens_per_second": 15803.537653561287
}