{
    "elapsed_time": 1.5509646818973124,
    "num_requests": 64,
    "total_num_tokens": 17408,
    "requests_per_second": 41.264640482791705,
    "tokens_per_second": 11223.982211319344
}