{
    "elapsed_time": 3.029596331063658,
    "num_requests": 256,
    "total_num_tokens": 69632,
    "requests_per_second": 84.49970623978186,
    "tokens_per_second": 22983.920097220664
}