{
    "elapsed_time": 4.889658241998404,
    "num_requests": 256,
    "total_num_tokens": 69632,
    "requests_per_second": 52.35539731614714,
    "tokens_per_second": 14240.668069992022
}