{
    "elapsed_time": 1.1034848989220336,
    "num_requests": 16,
    "total_num_tokens": 4352,
    "requests_per_second": 14.499518766074637,
    "tokens_per_second": 3943.869104372301
}