{
    "elapsed_time": 2.60226788604632,
    "num_requests": 64,
    "total_num_tokens": 17408,
    "requests_per_second": 24.59393221703878,
    "tokens_per_second": 6689.549563034549
}