{
    "elapsed_time": 7.186323076020926,
    "num_requests": 128,
    "total_num_tokens": 34816,
    "requests_per_second": 17.811612231449203,
    "tokens_per_second": 4844.758526954183
}