{
    "elapsed_time": 25.81406938796863,
    "num_requests": 512,
    "total_num_tokens": 139264,
    "requests_per_second": 19.834145182806083,
    "tokens_per_second": 5394.887489723255
}