{
    "elapsed_time": 5.643897615955211,
    "num_requests": 64,
    "total_num_tokens": 17408,
    "requests_per_second": 11.339681254860647,
    "tokens_per_second": 3084.393301322096
}