{
    "elapsed_time": 14.183912007021718,
    "num_requests": 512,
    "total_num_tokens": 139264,
    "requests_per_second": 36.09723465194478,
    "tokens_per_second": 9818.44782532898
}