{
    "elapsed_time": 4.259659701958299,
    "num_requests": 128,
    "total_num_tokens": 34816,
    "requests_per_second": 30.04934876397624,
    "tokens_per_second": 8173.4228638015375
}