{
    "elapsed_time": 6.744323987048119,
    "num_requests": 256,
    "total_num_tokens": 69632,
    "requests_per_second": 37.95784432830117,
    "tokens_per_second": 10324.53365729792
}