{
    "elapsed_time": 3.4818303131032735,
    "num_requests": 64,
    "total_num_tokens": 17408,
    "requests_per_second": 18.381137001176345,
    "tokens_per_second": 4999.669264319966
}