{
    "elapsed_time": 12.073699076892808,
    "num_requests": 256,
    "total_num_tokens": 69632,
    "requests_per_second": 21.203112515032313,
    "tokens_per_second": 5767.246604088789
}