{
    "elapsed_time": 3.3244575201533735,
    "num_requests": 256,
    "total_num_tokens": 69632,
    "requests_per_second": 77.00504471724743,
    "tokens_per_second": 20945.3721630913
}