{
    "elapsed_time": 1.9714838019572198,
    "num_requests": 64,
    "total_num_tokens": 17408,
    "requests_per_second": 32.46285865319464,
    "tokens_per_second": 8829.897553668941
}