{
    "elapsed_time": 2.4253109679557383,
    "num_requests": 128,
    "total_num_tokens": 34816,
    "requests_per_second": 52.776737371492395,
    "tokens_per_second": 14355.27256504593
}