{
    "elapsed_time": 6.3143974400591105,
    "num_requests": 512,
    "total_num_tokens": 139264,
    "requests_per_second": 81.08453813056263,
    "tokens_per_second": 22054.994371513036
}