{
    "elapsed_time": 3.832418333971873,
    "num_requests": 256,
    "total_num_tokens": 69632,
    "requests_per_second": 66.7985532087476,
    "tokens_per_second": 18169.206472779348
}