{
    "elapsed_time": 4.445458878995851,
    "num_requests": 512,
    "total_num_tokens": 139264,
    "requests_per_second": 115.17371185663775,
    "tokens_per_second": 31327.24962500547
}