{
    "elapsed_time": 2.165635479032062,
    "num_requests": 64,
    "total_num_tokens": 17408,
    "requests_per_second": 29.55252655382475,
    "tokens_per_second": 8038.287222640332
}