{
    "elapsed_time": 2.3207294159801677,
    "num_requests": 256,
    "total_num_tokens": 69632,
    "requests_per_second": 110.31014569696293,
    "tokens_per_second": 30004.35962957392
}