{
    "elapsed_time": 7.243717624922283,
    "num_requests": 512,
    "total_num_tokens": 139264,
    "requests_per_second": 70.68193799250881,
    "tokens_per_second": 19225.487133962397
}