{
    "elapsed_time": 2.6015871959971264,
    "num_requests": 128,
    "total_num_tokens": 34816,
    "requests_per_second": 49.200734150654,
    "tokens_per_second": 13382.599688977889
}