{
    "elapsed_time": 1.7299676310503855,
    "num_requests": 128,
    "total_num_tokens": 34816,
    "requests_per_second": 73.98982368374266,
    "tokens_per_second": 20125.232041978004
}