{
    "elapsed_time": 1.391280866926536,
    "num_requests": 64,
    "total_num_tokens": 17408,
    "requests_per_second": 46.00077635034379,
    "tokens_per_second": 12512.21116729351
}