{
    "elapsed_time": 8.149225688073784,
    "num_requests": 256,
    "total_num_tokens": 69632,
    "requests_per_second": 31.414027516092784,
    "tokens_per_second": 8544.615484377236
}