{
    "elapsed_time": 8.96650395100005,
    "num_requests": 512,
    "total_num_tokens": 139264,
    "requests_per_second": 57.10140795096574,
    "tokens_per_second": 15531.582962662682
}