{
    "elapsed_time": 2.6446648940909654,
    "num_requests": 64,
    "total_num_tokens": 17408,
    "requests_per_second": 24.19966330819328,
    "tokens_per_second": 6582.308419828572
}