{
    "elapsed_time": 15.823396989959292,
    "num_requests": 512,
    "total_num_tokens": 139264,
    "requests_per_second": 32.357148109529746,
    "tokens_per_second": 8801.144285792092
}