{
    "elapsed_time": 3.095919349929318,
    "num_requests": 128,
    "total_num_tokens": 34816,
    "requests_per_second": 41.34474627154688,
    "tokens_per_second": 11245.77098586075
}