{
    "elapsed_time": 4.650466904975474,
    "num_requests": 256,
    "total_num_tokens": 69632,
    "requests_per_second": 55.04823606552472,
    "tokens_per_second": 14973.120209822724
}