{
    "elapsed_time": 4.1517522759968415,
    "num_requests": 64,
    "total_num_tokens": 17408,
    "requests_per_second": 15.415177916566208,
    "tokens_per_second": 4192.928393306009
}