{
    "elapsed_time": 5.262561283074319,
    "num_requests": 128,
    "total_num_tokens": 34816,
    "requests_per_second": 24.322757135708656,
    "tokens_per_second": 6615.789940912754
}