{
    "elapsed_time": 5.494166671996936,
    "num_requests": 512,
    "total_num_tokens": 524800,
    "requests_per_second": 93.18974661063677,
    "tokens_per_second": 95519.49027590269
}