{
    "elapsed_time": 4.005259633995593,
    "num_requests": 128,
    "total_num_tokens": 65664,
    "requests_per_second": 31.95797818287973,
    "tokens_per_second": 16394.4428078173
}