{
    "elapsed_time": 3.897444389993325,
    "num_requests": 128,
    "total_num_tokens": 131200,
    "requests_per_second": 32.84203369999058,
    "tokens_per_second": 33663.084542490345
}