{
    "elapsed_time": 35.74723919504322,
    "num_requests": 4096,
    "total_num_tokens": 4198400,
    "requests_per_second": 114.5822752255497,
    "tokens_per_second": 117446.83210618843
}