{
    "elapsed_time": 3.9234878509305418,
    "num_requests": 256,
    "total_num_tokens": 262400,
    "requests_per_second": 65.24806746611537,
    "tokens_per_second": 66879.26915276826
}