{
    "elapsed_time": 9.98478469089605,
    "num_requests": 1024,
    "total_num_tokens": 1049600,
    "requests_per_second": 102.55604218823719,
    "tokens_per_second": 105119.94324294312
}