{
    "elapsed_time": 18.24014757014811,
    "num_requests": 2048,
    "total_num_tokens": 2099200,
    "requests_per_second": 112.27979335823818,
    "tokens_per_second": 115086.78819219413
}