{
    "elapsed_time": 3.7803952919784933,
    "num_requests": 128,
    "total_num_tokens": 65664,
    "requests_per_second": 33.85889308231849,
    "tokens_per_second": 17369.612151229387
}