{
    "elapsed_time": 4.310636012000032,
    "num_requests": 128,
    "total_num_tokens": 2176,
    "requests_per_second": 29.69399402864708,
    "tokens_per_second": 504.79789848700034
}