{
    "elapsed_time": 3.823288389015943,
    "num_requests": 128,
    "total_num_tokens": 131200,
    "requests_per_second": 33.47903348534618,
    "tokens_per_second": 34316.00932247983
}