{
    "elapsed_time": 4.127135557006113,
    "num_requests": 128,
    "total_num_tokens": 65664,
    "requests_per_second": 31.014246620203856,
    "tokens_per_second": 15910.308516164578
}