{
    "elapsed_time": 4.140541501925327,
    "num_requests": 256,
    "total_num_tokens": 262400,
    "requests_per_second": 61.82766188455339,
    "tokens_per_second": 63373.35343166723
}