{
    "elapsed_time": 22.8926876130281,
    "num_requests": 2048,
    "total_num_tokens": 2099200,
    "requests_per_second": 89.460880898689,
    "tokens_per_second": 91697.40292115623
}