{
    "elapsed_time": 4.587344603030942,
    "num_requests": 512,
    "total_num_tokens": 524800,
    "requests_per_second": 111.61141015255585,
    "tokens_per_second": 114401.69540636975
}