{
    "elapsed_time": 4.046523441909812,
    "num_requests": 128,
    "total_num_tokens": 32896,
    "requests_per_second": 31.63209155649637,
    "tokens_per_second": 8129.447530019566
}