{
    "elapsed_time": 4.008151927031577,
    "num_requests": 128,
    "total_num_tokens": 65664,
    "requests_per_second": 31.934917221263206,
    "tokens_per_second": 16382.612534508024
}