{
    "elapsed_time": 4.205679986975156,
    "num_requests": 128,
    "total_num_tokens": 16512,
    "requests_per_second": 30.435030814615363,
    "tokens_per_second": 3926.118975085382
}