{
    "elapsed_time": 36.590882530086674,
    "num_requests": 8192,
    "total_num_tokens": 8396800,
    "requests_per_second": 223.88090785359353,
    "tokens_per_second": 229477.93054993337
}