{
    "elapsed_time": 6.3509234270313755,
    "num_requests": 512,
    "total_num_tokens": 524800,
    "requests_per_second": 80.61819763418643,
    "tokens_per_second": 82633.6525750411
}