{
    "elapsed_time": 4.537221082020551,
    "num_requests": 128,
    "total_num_tokens": 16512,
    "requests_per_second": 28.2111005141936,
    "tokens_per_second": 3639.231966330974
}