{
    "elapsed_time": 4.578031717916019,
    "num_requests": 128,
    "total_num_tokens": 2176,
    "requests_per_second": 27.95961406275868,
    "tokens_per_second": 475.3134390668975
}