{
    "elapsed_time": 6.024904651916586,
    "num_requests": 1024,
    "total_num_tokens": 1049600,
    "requests_per_second": 169.96119592934218,
    "tokens_per_second": 174210.22582757575
}