{
    "elapsed_time": 11.76451554405503,
    "num_requests": 1024,
    "total_num_tokens": 1049600,
    "requests_per_second": 87.04140822164653,
    "tokens_per_second": 89217.44342718771
}