{
    "elapsed_time": 42.22494912601542,
    "num_requests": 4096,
    "total_num_tokens": 4198400,
    "requests_per_second": 97.00426133791109,
    "tokens_per_second": 99429.36787135886
}