{
    "elapsed_time": 4.167512874002568,
    "num_requests": 128,
    "total_num_tokens": 131200,
    "requests_per_second": 30.713762349356838,
    "tokens_per_second": 31481.60640809076
}