{
    "elapsed_time": 83.83045451994985,
    "num_requests": 8192,
    "total_num_tokens": 8396800,
    "requests_per_second": 97.72104955067945,
    "tokens_per_second": 100164.07578944643
}