{
    "elapsed_time": 6.116719923913479,
    "num_requests": 512,
    "total_num_tokens": 524800,
    "requests_per_second": 83.70499325926669,
    "tokens_per_second": 85797.61809074835
}