{
    "elapsed_time": 11.335438943002373,
    "num_requests": 1024,
    "total_num_tokens": 1049600,
    "requests_per_second": 90.33615770407715,
    "tokens_per_second": 92594.56164667908
}