{
    "elapsed_time": 90.56346416508313,
    "num_requests": 8192,
    "total_num_tokens": 8396800,
    "requests_per_second": 90.45590377447638,
    "tokens_per_second": 92717.30136883829
}