{
    "elapsed_time": 45.304380903951824,
    "num_requests": 4096,
    "total_num_tokens": 4198400,
    "requests_per_second": 90.41068254930536,
    "tokens_per_second": 92670.94961303798
}