{
    "elapsed_time": 3.884781067026779,
    "num_requests": 256,
    "total_num_tokens": 262400,
    "requests_per_second": 65.8981794811747,
    "tokens_per_second": 67545.63396820406
}