{
    "elapsed_time": 10.373013315023854,
    "num_requests": 2048,
    "total_num_tokens": 2099200,
    "requests_per_second": 197.43539681316705,
    "tokens_per_second": 202371.28173349623
}