{
    "elapsed_time": 3.909543390967883,
    "num_requests": 256,
    "total_num_tokens": 262400,
    "requests_per_second": 65.48079261415289,
    "tokens_per_second": 67117.81242950671
}