{
    "elapsed_time": 4.305183212971315,
    "num_requests": 128,
    "total_num_tokens": 32896,
    "requests_per_second": 29.731603434284054,
    "tokens_per_second": 7641.022082611002
}