{
    "elapsed_time": 3.63511501904577,
    "num_requests": 128,
    "total_num_tokens": 131200,
    "requests_per_second": 35.21209076724082,
    "tokens_per_second": 36092.39303642184
}