{
    "elapsed_time": 18.536778699955903,
    "num_requests": 4096,
    "total_num_tokens": 4198400,
    "requests_per_second": 220.96611640563762,
    "tokens_per_second": 226490.26931577857
}