{
    "elapsed_time": 21.864024387905374,
    "num_requests": 2048,
    "total_num_tokens": 2099200,
    "requests_per_second": 93.66985526840621,
    "tokens_per_second": 96011.60165011637
}