{
    "elapsed_time": 5.820501665002666,
    "num_requests": 128,
    "total_num_tokens": 131200,
    "requests_per_second": 21.99123157538713,
    "tokens_per_second": 22541.012364771806
}