{
    "elapsed_time": 146.99164171994198,
    "num_requests": 4096,
    "total_num_tokens": 4198400,
    "requests_per_second": 27.86552998573868,
    "tokens_per_second": 28562.168235382145
}