{
    "elapsed_time": 3.9225698549998924,
    "num_requests": 128,
    "total_num_tokens": 65664,
    "requests_per_second": 32.63166870995176,
    "tokens_per_second": 16740.04604820525
}