{
    "elapsed_time": 20.26373602892272,
    "num_requests": 1024,
    "total_num_tokens": 1049600,
    "requests_per_second": 50.53362314522999,
    "tokens_per_second": 51796.96372386073
}