{
    "elapsed_time": 5.479292346048169,
    "num_requests": 128,
    "total_num_tokens": 65664,
    "requests_per_second": 23.36068089017325,
    "tokens_per_second": 11984.029296658877
}