{
    "elapsed_time": 5.531380273983814,
    "num_requests": 256,
    "total_num_tokens": 262400,
    "requests_per_second": 46.281395839672314,
    "tokens_per_second": 47438.43073566412
}