{
    "elapsed_time": 37.24877544795163,
    "num_requests": 1024,
    "total_num_tokens": 1049600,
    "requests_per_second": 27.490836616383625,
    "tokens_per_second": 28178.107531793215
}