{
    "elapsed_time": 78.2453132319497,
    "num_requests": 4096,
    "total_num_tokens": 4198400,
    "requests_per_second": 52.34818330725899,
    "tokens_per_second": 53656.887889940466
}