{
    "elapsed_time": 3.72230628808029,
    "num_requests": 128,
    "total_num_tokens": 131200,
    "requests_per_second": 34.38728306960834,
    "tokens_per_second": 35246.96514634854
}