{
    "elapsed_time": 20.19670516694896,
    "num_requests": 512,
    "total_num_tokens": 524800,
    "requests_per_second": 25.350669615055132,
    "tokens_per_second": 25984.436355431513
}