{
    "elapsed_time": 294.13815427199006,
    "num_requests": 8192,
    "total_num_tokens": 8396800,
    "requests_per_second": 27.850858112153798,
    "tokens_per_second": 28547.129564957642
}