{
    "elapsed_time": 39.6347263000207,
    "num_requests": 2048,
    "total_num_tokens": 2099200,
    "requests_per_second": 51.671859280605915,
    "tokens_per_second": 52963.65576262106
}