{
    "elapsed_time": 10.391044410062023,
    "num_requests": 256,
    "total_num_tokens": 262400,
    "requests_per_second": 24.636599546442703,
    "tokens_per_second": 25252.514535103768
}