{
    "elapsed_time": 10.423657146049663,
    "num_requests": 512,
    "total_num_tokens": 524800,
    "requests_per_second": 49.11903690098218,
    "tokens_per_second": 50347.01282350673
}