{
    "elapsed_time": 74.01008806703612,
    "num_requests": 2048,
    "total_num_tokens": 2099200,
    "requests_per_second": 27.671903297088132,
    "tokens_per_second": 28363.700879515338
}