{
    "elapsed_time": 2.508850981015712,
    "num_requests": 128,
    "total_num_tokens": 34816,
    "requests_per_second": 51.01937140490465,
    "tokens_per_second": 13877.269022134065
}