{
    "elapsed_time": 4.2608303851448,
    "num_requests": 256,
    "total_num_tokens": 69632,
    "requests_per_second": 60.08218512816959,
    "tokens_per_second": 16342.354354862127
}