{
    "elapsed_time": 9.63334625493735,
    "num_requests": 512,
    "total_num_tokens": 139264,
    "requests_per_second": 53.14871763667647,
    "tokens_per_second": 14456.451197176
}