{
    "elapsed_time": 2.032753030071035,
    "num_requests": 64,
    "total_num_tokens": 17408,
    "requests_per_second": 31.48439532655057,
    "tokens_per_second": 8563.755528821754
}