{
    "elapsed_time": 2.1913113209884614,
    "num_requests": 64,
    "total_num_tokens": 17408,
    "requests_per_second": 29.20625626628477,
    "tokens_per_second": 7944.101704429457
}