{
    "elapsed_time": 6.1040525019634515,
    "num_requests": 512,
    "total_num_tokens": 139264,
    "requests_per_second": 83.87870186819465,
    "tokens_per_second": 22815.006908148946
}