{
    "elapsed_time": 0.907035537995398,
    "num_requests": 16,
    "total_num_tokens": 4352,
    "requests_per_second": 17.639882154298984,
    "tokens_per_second": 4798.047945969323
}