{
    "elapsed_time": 2.9807556248269975,
    "num_requests": 256,
    "total_num_tokens": 69632,
    "requests_per_second": 85.88426299283027,
    "tokens_per_second": 23360.519534049836
}