{
    "elapsed_time": 0.9084847802296281,
    "num_requests": 16,
    "total_num_tokens": 4352,
    "requests_per_second": 17.611742483958675,
    "tokens_per_second": 4790.3939556367595
}