{
    "elapsed_time": 12.51697669713758,
    "num_requests": 512,
    "total_num_tokens": 139264,
    "requests_per_second": 40.90444620841115,
    "tokens_per_second": 11126.009368687834
}