{
    "elapsed_time": 1.6380659809801728,
    "num_requests": 128,
    "total_num_tokens": 34816,
    "requests_per_second": 78.14093051575882,
    "tokens_per_second": 21254.3331002864
}