{
    "elapsed_time": 1.728212351212278,
    "num_requests": 128,
    "total_num_tokens": 34816,
    "requests_per_second": 74.06497234568,
    "tokens_per_second": 20145.672478024964
}