{
    "elapsed_time": 5.432184856850654,
    "num_requests": 256,
    "total_num_tokens": 69632,
    "requests_per_second": 47.126525835576544,
    "tokens_per_second": 12818.41502727682
}