{
    "elapsed_time": 3.0331472989637405,
    "num_requests": 256,
    "total_num_tokens": 69632,
    "requests_per_second": 84.40078069649341,
    "tokens_per_second": 22957.01234944621
}