{
    "elapsed_time": 1.1790122548118234,
    "num_requests": 64,
    "total_num_tokens": 17408,
    "requests_per_second": 54.28272669669133,
    "tokens_per_second": 14764.90166150004
}