{
    "elapsed_time": 2.922471403842792,
    "num_requests": 128,
    "total_num_tokens": 34816,
    "requests_per_second": 43.798546610821,
    "tokens_per_second": 11913.204678143311
}