{
    "elapsed_time": 11.067549049854279,
    "num_requests": 256,
    "total_num_tokens": 69632,
    "requests_per_second": 23.130685831780493,
    "tokens_per_second": 6291.5465462442935
}