{
    "elapsed_time": 4.232103412039578,
    "num_requests": 128,
    "total_num_tokens": 34816,
    "requests_per_second": 30.24500763281513,
    "tokens_per_second": 8226.642076125716
}