{
    "elapsed_time": 3.5619245199486613,
    "num_requests": 64,
    "total_num_tokens": 17408,
    "requests_per_second": 17.96781477023619,
    "tokens_per_second": 4887.2456175042435
}