{
    "elapsed_time": 5.864643387962133,
    "num_requests": 128,
    "total_num_tokens": 65664,
    "requests_per_second": 21.82570900435907,
    "tokens_per_second": 11196.588719236202
}