{
    "elapsed_time": 78.32219889992848,
    "num_requests": 1024,
    "total_num_tokens": 1049600,
    "requests_per_second": 13.074198814417288,
    "tokens_per_second": 13401.053784777721
}