{
    "elapsed_time": 154.06734914286062,
    "num_requests": 2048,
    "total_num_tokens": 2099200,
    "requests_per_second": 13.292887892170908,
    "tokens_per_second": 13625.210089475182
}