{
    "elapsed_time": 9.960988870356232,
    "num_requests": 128,
    "total_num_tokens": 131200,
    "requests_per_second": 12.850129807987866,
    "tokens_per_second": 13171.383053187563
}