{
    "elapsed_time": 307.46185581665486,
    "num_requests": 4096,
    "total_num_tokens": 4198400,
    "requests_per_second": 13.321977742964382,
    "tokens_per_second": 13655.027186538491
}