{
    "elapsed_time": 19.177209455985576,
    "num_requests": 256,
    "total_num_tokens": 262400,
    "requests_per_second": 13.349178908826982,
    "tokens_per_second": 13682.908381547655
}