{
    "elapsed_time": 40.453191637061536,
    "num_requests": 512,
    "total_num_tokens": 524800,
    "requests_per_second": 12.656603330426142,
    "tokens_per_second": 12973.018413686796
}