{
    "elapsed_time": 80.22255345899612,
    "num_requests": 2048,
    "total_num_tokens": 2099200,
    "requests_per_second": 25.52898046366459,
    "tokens_per_second": 26167.204975256205
}