{
    "elapsed_time": 2.1391131072305143,
    "num_requests": 128,
    "total_num_tokens": 32896,
    "requests_per_second": 59.83788307749662,
    "tokens_per_second": 15378.335950916631
}