{
    "elapsed_time": 185.51386990677565,
    "num_requests": 2048,
    "total_num_tokens": 2099200,
    "requests_per_second": 11.039605831246796,
    "tokens_per_second": 11315.595977027966
}