{
    "elapsed_time": 1.9105710131116211,
    "num_requests": 128,
    "total_num_tokens": 16512,
    "requests_per_second": 66.99567779557947,
    "tokens_per_second": 8642.442435629751
}