{
    "elapsed_time": 723.7056749081239,
    "num_requests": 8192,
    "total_num_tokens": 8396800,
    "requests_per_second": 11.319518809963723,
    "tokens_per_second": 11602.506780212816
}