{
    "elapsed_time": 3.0391262718476355,
    "num_requests": 128,
    "total_num_tokens": 65664,
    "requests_per_second": 42.11736813494836,
    "tokens_per_second": 21606.209853228505
}