{
    "elapsed_time": 5.424775370862335,
    "num_requests": 128,
    "total_num_tokens": 131200,
    "requests_per_second": 23.595447046068713,
    "tokens_per_second": 24185.333222220434
}