{
    "elapsed_time": 23.496879417914897,
    "num_requests": 256,
    "total_num_tokens": 262400,
    "requests_per_second": 10.895063784717559,
    "tokens_per_second": 11167.440379335498
}