{
    "elapsed_time": 94.30219789687544,
    "num_requests": 1024,
    "total_num_tokens": 1049600,
    "requests_per_second": 10.858707674234692,
    "tokens_per_second": 11130.17536609056
}