{
    "elapsed_time": 11.499355474021286,
    "num_requests": 128,
    "total_num_tokens": 131200,
    "requests_per_second": 11.131058630996371,
    "tokens_per_second": 11409.335096771281
}