{
    "elapsed_time": 1.6314503918401897,
    "num_requests": 128,
    "total_num_tokens": 2176,
    "requests_per_second": 78.45779475747514,
    "tokens_per_second": 1333.7825108770774
}