{
    "elapsed_time": 9.920721577946097,
    "num_requests": 256,
    "total_num_tokens": 262400,
    "requests_per_second": 25.80457459557091,
    "tokens_per_second": 26449.688960460182
}