{
    "elapsed_time": 28.895332431886345,
    "num_requests": 128,
    "total_num_tokens": 65664,
    "requests_per_second": 4.4297811870387225,
    "tokens_per_second": 2272.4777489508647
}