{
    "elapsed_time": 310.92248628987,
    "num_requests": 8192,
    "total_num_tokens": 8396800,
    "requests_per_second": 26.347402845488244,
    "tokens_per_second": 27006.08791662545
}