{
    "elapsed_time": 51.04522137809545,
    "num_requests": 512,
    "total_num_tokens": 524800,
    "requests_per_second": 10.030321863188348,
    "tokens_per_second": 10281.079909768056
}