{
    "elapsed_time": 20.2176729189232,
    "num_requests": 512,
    "total_num_tokens": 524800,
    "requests_per_second": 25.324378431346652,
    "tokens_per_second": 25957.48789213032
}