{
    "elapsed_time": 157.643071196042,
    "num_requests": 4096,
    "total_num_tokens": 4198400,
    "requests_per_second": 25.982746776775812,
    "tokens_per_second": 26632.315446195207
}