{
    "elapsed_time": 1092.6481253081001,
    "num_requests": 4096,
    "total_num_tokens": 4198400,
    "requests_per_second": 3.7486908228987517,
    "tokens_per_second": 3842.40809347122
}