{
    "elapsed_time": 40.562972088344395,
    "num_requests": 1024,
    "total_num_tokens": 1049600,
    "requests_per_second": 25.2446984843658,
    "tokens_per_second": 25875.815946474944
}