{
    "elapsed_time": 86.99541589757428,
    "num_requests": 256,
    "total_num_tokens": 262400,
    "requests_per_second": 2.9426837880907026,
    "tokens_per_second": 3016.25088279297
}