{
    "elapsed_time": 92.78045976394787,
    "num_requests": 512,
    "total_num_tokens": 524800,
    "requests_per_second": 5.518403350259644,
    "tokens_per_second": 5656.363434016134
}