{
    "elapsed_time": 23.77062794426456,
    "num_requests": 128,
    "total_num_tokens": 65664,
    "requests_per_second": 5.384796745804276,
    "tokens_per_second": 2762.400730597594
}