{
    "elapsed_time": 652.1077580233105,
    "num_requests": 2048,
    "total_num_tokens": 2099200,
    "requests_per_second": 3.1405852404025403,
    "tokens_per_second": 3219.0998714126035
}