{
    "elapsed_time": 1286.0483354218304,
    "num_requests": 4096,
    "total_num_tokens": 4198400,
    "requests_per_second": 3.1849502753382057,
    "tokens_per_second": 3264.574032221661
}