{
    "elapsed_time": 165.5307607878931,
    "num_requests": 512,
    "total_num_tokens": 524800,
    "requests_per_second": 3.093080691244232,
    "tokens_per_second": 3170.407708525338
}