{
    "elapsed_time": 362.21990172285587,
    "num_requests": 2048,
    "total_num_tokens": 2099200,
    "requests_per_second": 5.654023951359193,
    "tokens_per_second": 5795.374550143172
}