{
    "elapsed_time": 42.38896807376295,
    "num_requests": 128,
    "total_num_tokens": 131200,
    "requests_per_second": 3.0196535989567246,
    "tokens_per_second": 3095.1449389306426
}