{
    "elapsed_time": 13.19876113999635,
    "num_requests": 128,
    "total_num_tokens": 65664,
    "requests_per_second": 9.697879872385917,
    "tokens_per_second": 4975.012374533975
}