{
    "elapsed_time": 47.1499281860888,
    "num_requests": 256,
    "total_num_tokens": 262400,
    "requests_per_second": 5.429488651385278,
    "tokens_per_second": 5565.22586766991
}