{
    "elapsed_time": 461.05122972792014,
    "num_requests": 1024,
    "total_num_tokens": 1049600,
    "requests_per_second": 2.22101131929372,
    "tokens_per_second": 2276.536602276063
}