{
    "elapsed_time": 3985.167286970187,
    "num_requests": 8192,
    "total_num_tokens": 8396800,
    "requests_per_second": 2.055622615086794,
    "tokens_per_second": 2107.013180463964
}