{
    "elapsed_time": 23.93420299887657,
    "num_requests": 128,
    "total_num_tokens": 131200,
    "requests_per_second": 5.347995084942168,
    "tokens_per_second": 5481.694962065722
}