{
    "elapsed_time": 719.2899896930903,
    "num_requests": 4096,
    "total_num_tokens": 4198400,
    "requests_per_second": 5.694504384452366,
    "tokens_per_second": 5836.8669940636755
}