{
    "elapsed_time": 326.1176638319157,
    "num_requests": 1024,
    "total_num_tokens": 1049600,
    "requests_per_second": 3.1399709784741368,
    "tokens_per_second": 3218.47025293599
}