{
    "elapsed_time": 4.753468697999779,
    "num_requests": 256,
    "total_num_tokens": 69632,
    "requests_per_second": 53.855408810774904,
    "tokens_per_second": 14648.671196530775
}