{
    "elapsed_time": 3.2998306150002463,
    "num_requests": 128,
    "total_num_tokens": 34816,
    "requests_per_second": 38.78986982487598,
    "tokens_per_second": 10550.844592366266
}