{
    "elapsed_time": 2.4909119399999327,
    "num_requests": 64,
    "total_num_tokens": 17408,
    "requests_per_second": 25.693401268935155,
    "tokens_per_second": 6988.605145150363
}