{
    "elapsed_time": 10.539031142000567,
    "num_requests": 512,
    "total_num_tokens": 139264,
    "requests_per_second": 48.58131578713694,
    "tokens_per_second": 13214.117894101248
}