{
    "elapsed_time": 3.451701187001163,
    "num_requests": 256,
    "total_num_tokens": 69632,
    "requests_per_second": 74.16632730668461,
    "tokens_per_second": 20173.24102741821
}