{
    "elapsed_time": 6.032979444997181,
    "num_requests": 256,
    "total_num_tokens": 69632,
    "requests_per_second": 42.43342818154084,
    "tokens_per_second": 11541.892465379107
}