{
    "elapsed_time": 2.4869291740033077,
    "num_requests": 128,
    "total_num_tokens": 34816,
    "requests_per_second": 51.46909744677343,
    "tokens_per_second": 13999.594505522373
}