{
    "elapsed_time": 1.8587016550009139,
    "num_requests": 64,
    "total_num_tokens": 17408,
    "requests_per_second": 34.432637334671405,
    "tokens_per_second": 9365.677355030622
}