{
    "elapsed_time": 11.973753685000702,
    "num_requests": 512,
    "total_num_tokens": 139264,
    "requests_per_second": 42.76019145452882,
    "tokens_per_second": 11630.77207563184
}