{
    "elapsed_time": 6.940347765001206,
    "num_requests": 512,
    "total_num_tokens": 139264,
    "requests_per_second": 73.7715194304692,
    "tokens_per_second": 20065.85328508762
}