{
    "elapsed_time": 1.4543162049994862,
    "num_requests": 16,
    "total_num_tokens": 4352,
    "requests_per_second": 11.001733972981242,
    "tokens_per_second": 2992.471640650898
}