{
    "elapsed_time": 3.0654771189983876,
    "num_requests": 64,
    "total_num_tokens": 17408,
    "requests_per_second": 20.877663579140112,
    "tokens_per_second": 5678.724493526111
}