{
    "elapsed_time": 4.250277287999779,
    "num_requests": 128,
    "total_num_tokens": 34816,
    "requests_per_second": 30.115682184170627,
    "tokens_per_second": 8191.46555409441
}