{
    "elapsed_time": 4.365312824003922,
    "num_requests": 64,
    "total_num_tokens": 17408,
    "requests_per_second": 14.661034061082102,
    "tokens_per_second": 3987.8012646143316
}