{
    "elapsed_time": 16.004728410000098,
    "num_requests": 512,
    "total_num_tokens": 139264,
    "requests_per_second": 31.990545973906773,
    "tokens_per_second": 8701.428504902642
}