{
    "elapsed_time": 8.01170007699693,
    "num_requests": 256,
    "total_num_tokens": 69632,
    "requests_per_second": 31.95326803795654,
    "tokens_per_second": 8691.28890632418
}