{
    "elapsed_time": 14.602719243004685,
    "num_requests": 128,
    "total_num_tokens": 34816,
    "requests_per_second": 8.765490719224596,
    "tokens_per_second": 2384.21347562909
}