{
    "elapsed_time": 11.376573162000568,
    "num_requests": 64,
    "total_num_tokens": 17408,
    "requests_per_second": 5.625595606748211,
    "tokens_per_second": 1530.1620050355134
}