{
    "elapsed_time": 5.500999107003736,
    "num_requests": 128,
    "total_num_tokens": 34816,
    "requests_per_second": 23.268500414230857,
    "tokens_per_second": 6329.032112670793
}