{
    "elapsed_time": 28.710099916002946,
    "num_requests": 256,
    "total_num_tokens": 69632,
    "requests_per_second": 8.916722712528985,
    "tokens_per_second": 2425.3485778078843
}