{
    "elapsed_time": 101.78522170200449,
    "num_requests": 512,
    "total_num_tokens": 139264,
    "requests_per_second": 5.030199781840403,
    "tokens_per_second": 1368.2143406605894
}