{
  "completed": true,
  "results": {
    "0": {
      "success": true,
      "duration": 0.0006504058837890625,
      "skipped": false
    },
    "1": {
      "success": true,
      "duration": 0.0010340213775634766,
      "skipped": false
    },
    "2": {
      "success": true,
      "duration": 500.36027908325195,
      "skipped": false
    },
    "3": {
      "success": true,
      "duration": 2584.3950555324554,
      "skipped": false
    },
    "4": {
      "success": true,
      "duration": 1082.3073029518127,
      "skipped": false
    },
    "5": {
      "success": true,
      "duration": 52.867393255233765,
      "skipped": false
    },
    "6": {
      "success": true,
      "duration": 188.8538191318512,
      "skipped": false
    },
    "7": {
      "success": true,
      "duration": 218.96651601791382,
      "skipped": false
    }
  },
  "summary": {
    "success": 8,
    "failed": 0,
    "skipped": 0,
    "total_duration": 4627.75205039978
  },
  "timestamp": "2026-01-28T01:03:33.620019"
}