{
    "elapsed_time": 7.706511465999938,
    "num_requests": 128,
    "total_num_tokens": 131200,
    "requests_per_second": 16.609331026719197,
    "tokens_per_second": 17024.564302387174
}