{
    "elapsed_time": 7.369654777000051,
    "num_requests": 128,
    "total_num_tokens": 65664,
    "requests_per_second": 17.368520490196513,
    "tokens_per_second": 8910.051011470812
}