{
    "elapsed_time": 36.98606089000009,
    "num_requests": 2048,
    "total_num_tokens": 2099200,
    "requests_per_second": 55.37221187438528,
    "tokens_per_second": 56756.517171244916
}