{
    "elapsed_time": 69.15075784700002,
    "num_requests": 4096,
    "total_num_tokens": 4198400,
    "requests_per_second": 59.232901092170714,
    "tokens_per_second": 60713.72361947498
}