{
    "elapsed_time": 9.615359781999814,
    "num_requests": 512,
    "total_num_tokens": 524800,
    "requests_per_second": 53.24813752247486,
    "tokens_per_second": 54579.340960536734
}