{
    "elapsed_time": 7.353407501999982,
    "num_requests": 256,
    "total_num_tokens": 262400,
    "requests_per_second": 34.813792099835766,
    "tokens_per_second": 35684.13690233166
}