{
    "elapsed_time": 18.512665160000097,
    "num_requests": 1024,
    "total_num_tokens": 1049600,
    "requests_per_second": 55.31348356111005,
    "tokens_per_second": 56696.32065013779
}