{
    "elapsed_time": 8.432875704998878,
    "num_requests": 256,
    "total_num_tokens": 262400,
    "requests_per_second": 30.357378545049247,
    "tokens_per_second": 31116.31300867548
}