{
    "elapsed_time": 8.467575466998824,
    "num_requests": 128,
    "total_num_tokens": 131200,
    "requests_per_second": 15.116487653267678,
    "tokens_per_second": 15494.39984459937
}