{
    "elapsed_time": 8.071178232999955,
    "num_requests": 256,
    "total_num_tokens": 262400,
    "requests_per_second": 31.71779789886365,
    "tokens_per_second": 32510.74284633524
}