{
    "elapsed_time": 7.848630608999883,
    "num_requests": 128,
    "total_num_tokens": 65664,
    "requests_per_second": 16.308577429191878,
    "tokens_per_second": 8366.300221175434
}