{
    "elapsed_time": 8.271313816001566,
    "num_requests": 512,
    "total_num_tokens": 524800,
    "requests_per_second": 61.90068608078829,
    "tokens_per_second": 63448.203232807995
}