{
    "elapsed_time": 10.823040713999944,
    "num_requests": 512,
    "total_num_tokens": 524800,
    "requests_per_second": 47.30648378119024,
    "tokens_per_second": 48489.145875719994
}