{
    "elapsed_time": 454.7321570250024,
    "num_requests": 8192,
    "total_num_tokens": 8396800,
    "requests_per_second": 18.01500042045538,
    "tokens_per_second": 18465.375430966764
}