{
    "elapsed_time": 8.712881117999132,
    "num_requests": 128,
    "total_num_tokens": 2176,
    "requests_per_second": 14.690892514942812,
    "tokens_per_second": 249.7451727540278
}