{
    "elapsed_time": 77.23116618900167,
    "num_requests": 8192,
    "total_num_tokens": 8396800,
    "requests_per_second": 106.07116795248659,
    "tokens_per_second": 108722.94715129875
}