{
    "elapsed_time": 22.48349816300106,
    "num_requests": 1024,
    "total_num_tokens": 1049600,
    "requests_per_second": 45.544514139934805,
    "tokens_per_second": 46683.12699343318
}