{
    "elapsed_time": 39.18221773899859,
    "num_requests": 4096,
    "total_num_tokens": 4198400,
    "requests_per_second": 104.53721704280143,
    "tokens_per_second": 107150.64746887147
}