{
    "elapsed_time": 8.84941185199932,
    "num_requests": 128,
    "total_num_tokens": 65664,
    "requests_per_second": 14.46423809183221,
    "tokens_per_second": 7420.154141109923
}