{
    "elapsed_time": 19.87744069100154,
    "num_requests": 2048,
    "total_num_tokens": 2099200,
    "requests_per_second": 103.03137269211543,
    "tokens_per_second": 105607.15700941831
}