{
    "elapsed_time": 7.968673281999145,
    "num_requests": 128,
    "total_num_tokens": 131200,
    "requests_per_second": 16.062899741309,
    "tokens_per_second": 16464.472234841724
}