{
    "elapsed_time": 10.103747310000472,
    "num_requests": 1024,
    "total_num_tokens": 1049600,
    "requests_per_second": 101.34853619967978,
    "tokens_per_second": 103882.24960467177
}