{
    "elapsed_time": 7.975165433001166,
    "num_requests": 128,
    "total_num_tokens": 32896,
    "requests_per_second": 16.0498238030696,
    "tokens_per_second": 4124.804717388887
}