{
    "elapsed_time": 8.296368966000955,
    "num_requests": 128,
    "total_num_tokens": 16512,
    "requests_per_second": 15.428436286350342,
    "tokens_per_second": 1990.268280939194
}