{
    "elapsed_time": 89.08367873099996,
    "num_requests": 4096,
    "total_num_tokens": 4198400,
    "requests_per_second": 45.97924174604888,
    "tokens_per_second": 47128.7227897001
}