{
    "elapsed_time": 44.76252889600073,
    "num_requests": 2048,
    "total_num_tokens": 2099200,
    "requests_per_second": 45.752553542232434,
    "tokens_per_second": 46896.367380788244
}