{
    "elapsed_time": 41.84619490499972,
    "num_requests": 1024,
    "total_num_tokens": 1049600,
    "requests_per_second": 24.47056422512753,
    "tokens_per_second": 25082.328330755718
}