{
    "elapsed_time": 20.964542563000123,
    "num_requests": 512,
    "total_num_tokens": 524800,
    "requests_per_second": 24.422188009177837,
    "tokens_per_second": 25032.742709407285
}