{
    "elapsed_time": 13.19060960600109,
    "num_requests": 128,
    "total_num_tokens": 65664,
    "requests_per_second": 9.703872968976823,
    "tokens_per_second": 4978.086833085111
}