{
    "elapsed_time": 38.62944596399757,
    "num_requests": 512,
    "total_num_tokens": 524800,
    "requests_per_second": 13.254137801437308,
    "tokens_per_second": 13585.49124647324
}