{
    "elapsed_time": 19.55295499299973,
    "num_requests": 256,
    "total_num_tokens": 262400,
    "requests_per_second": 13.092650194901593,
    "tokens_per_second": 13419.966449774132
}