{
    "elapsed_time": 78.67032428699895,
    "num_requests": 1024,
    "total_num_tokens": 1049600,
    "requests_per_second": 13.016343955369027,
    "tokens_per_second": 13341.752554253253
}