{
    "elapsed_time": 156.47579963300086,
    "num_requests": 2048,
    "total_num_tokens": 2099200,
    "requests_per_second": 13.088285887040614,
    "tokens_per_second": 13415.49303421663
}