{
    "elapsed_time": 7.4617962629999965,
    "num_requests": 128,
    "total_num_tokens": 65664,
    "requests_per_second": 17.15404649074912,
    "tokens_per_second": 8800.0258497543
}