{
    "elapsed_time": 10.964725741000166,
    "num_requests": 256,
    "total_num_tokens": 262400,
    "requests_per_second": 23.347597199147867,
    "tokens_per_second": 23931.287129126566
}