{
    "elapsed_time": 13.188386803998583,
    "num_requests": 128,
    "total_num_tokens": 131200,
    "requests_per_second": 9.705508482750272,
    "tokens_per_second": 9948.14619481903
}