{
    "elapsed_time": 641.4836372579998,
    "num_requests": 4096,
    "total_num_tokens": 4198400,
    "requests_per_second": 6.385197941304027,
    "tokens_per_second": 6544.827889836628
}