{
    "elapsed_time": 83.68209815599994,
    "num_requests": 2048,
    "total_num_tokens": 2099200,
    "requests_per_second": 24.47357374073155,
    "tokens_per_second": 25085.413084249838
}