{
    "elapsed_time": 7.395693215999927,
    "num_requests": 128,
    "total_num_tokens": 131200,
    "requests_per_second": 17.307370149303022,
    "tokens_per_second": 17740.054403035596
}