{
    "elapsed_time": 2.7932795440001428,
    "num_requests": 64,
    "total_num_tokens": 17408,
    "requests_per_second": 22.912135714260874,
    "tokens_per_second": 6232.100914278958
}