{
    "elapsed_time": 9.14083617400047,
    "num_requests": 512,
    "total_num_tokens": 139264,
    "requests_per_second": 56.01238117102412,
    "tokens_per_second": 15235.36767851856
}