{
    "elapsed_time": 3.276171515999522,
    "num_requests": 128,
    "total_num_tokens": 34816,
    "requests_per_second": 39.06999355036779,
    "tokens_per_second": 10627.03824570004
}