{
    "elapsed_time": 4.694296441000006,
    "num_requests": 256,
    "total_num_tokens": 69632,
    "requests_per_second": 54.5342637001138,
    "tokens_per_second": 14833.319726430953
}