{
    "elapsed_time": 2.6015933910020976,
    "num_requests": 128,
    "total_num_tokens": 34816,
    "requests_per_second": 49.200616992148866,
    "tokens_per_second": 13382.567821864492
}