{
    "elapsed_time": 5.925614799001778,
    "num_requests": 256,
    "total_num_tokens": 69632,
    "requests_per_second": 43.2022682343654,
    "tokens_per_second": 11751.016959747387
}