{
    "elapsed_time": 7.219841995000024,
    "num_requests": 512,
    "total_num_tokens": 139264,
    "requests_per_second": 70.91567936730148,
    "tokens_per_second": 19289.064787906
}