{
    "elapsed_time": 3.504566056002659,
    "num_requests": 256,
    "total_num_tokens": 69632,
    "requests_per_second": 73.04756021405858,
    "tokens_per_second": 19868.93637822393
}