{
    "elapsed_time": 4.146830981997482,
    "num_requests": 128,
    "total_num_tokens": 34816,
    "requests_per_second": 30.86694407263829,
    "tokens_per_second": 8395.808787757614
}