{
    "elapsed_time": 3.472400294002,
    "num_requests": 64,
    "total_num_tokens": 17408,
    "requests_per_second": 18.431054769390922,
    "tokens_per_second": 5013.246897274331
}