{
    "elapsed_time": 12.306179999999586,
    "num_requests": 512,
    "total_num_tokens": 139264,
    "requests_per_second": 41.60511222816643,
    "tokens_per_second": 11316.59052606127
}