{
    "elapsed_time": 2.0400506859987217,
    "num_requests": 64,
    "total_num_tokens": 17408,
    "requests_per_second": 31.371769554180627,
    "tokens_per_second": 8533.12131873713
}