{
    "elapsed_time": 19.878870623993862,
    "num_requests": 128,
    "total_num_tokens": 34816,
    "requests_per_second": 6.438997587996955,
    "tokens_per_second": 1751.4073439351716
}