{
    "elapsed_time": 5.646956142998533,
    "num_requests": 128,
    "total_num_tokens": 34816,
    "requests_per_second": 22.667078822402896,
    "tokens_per_second": 6165.445439693588
}