{
    "elapsed_time": 16.64703501400072,
    "num_requests": 512,
    "total_num_tokens": 139264,
    "requests_per_second": 30.756227734812274,
    "tokens_per_second": 8365.693943868939
}