{
    "elapsed_time": 54.826231109997025,
    "num_requests": 256,
    "total_num_tokens": 69632,
    "requests_per_second": 4.669297794451549,
    "tokens_per_second": 1270.0490000908212
}