{
    "elapsed_time": 8.415299403000972,
    "num_requests": 256,
    "total_num_tokens": 69632,
    "requests_per_second": 30.42078335426878,
    "tokens_per_second": 8274.45307236111
}