{
    "elapsed_time": 19.14427844199963,
    "num_requests": 64,
    "total_num_tokens": 17408,
    "requests_per_second": 3.3430353718421557,
    "tokens_per_second": 909.3056211410664
}