{
    "elapsed_time": 4.837460097005533,
    "num_requests": 64,
    "total_num_tokens": 17408,
    "requests_per_second": 13.230083290943744,
    "tokens_per_second": 3598.5826551366986
}