{
    "elapsed_time": 2.291824844025541,
    "num_requests": 256,
    "total_num_tokens": 69632,
    "requests_per_second": 111.70138096170626,
    "tokens_per_second": 30382.775621584104
}