{
    "elapsed_time": 1.4738526919973083,
    "num_requests": 64,
    "total_num_tokens": 17408,
    "requests_per_second": 43.42360695034567,
    "tokens_per_second": 11811.221090494024
}