{
    "elapsed_time": 1.6599192339926958,
    "num_requests": 128,
    "total_num_tokens": 34816,
    "requests_per_second": 77.11218556827883,
    "tokens_per_second": 20974.51447457184
}