{
    "elapsed_time": 3.809441447025165,
    "num_requests": 512,
    "total_num_tokens": 139264,
    "requests_per_second": 134.4029058117763,
    "tokens_per_second": 36557.59038080315
}