{
    "elapsed_time": 1.1839952349546365,
    "num_requests": 128,
    "total_num_tokens": 34816,
    "requests_per_second": 108.10854319435177,
    "tokens_per_second": 29405.52374886368
}