{
    "elapsed_time": 2.8619592449977063,
    "num_requests": 512,
    "total_num_tokens": 139264,
    "requests_per_second": 178.89842453029422,
    "tokens_per_second": 48660.37147224003
}