{
    "elapsed_time": 2.116897781030275,
    "num_requests": 256,
    "total_num_tokens": 69632,
    "requests_per_second": 120.93167761525412,
    "tokens_per_second": 32893.416311349116
}