{
    "elapsed_time": 1.536952166003175,
    "num_requests": 256,
    "total_num_tokens": 69632,
    "requests_per_second": 166.56341404932908,
    "tokens_per_second": 45305.24862141751
}