{
    "elapsed_time": 1.6381479210103862,
    "num_requests": 128,
    "total_num_tokens": 34816,
    "requests_per_second": 78.13702191255807,
    "tokens_per_second": 21253.269960215795
}