{
    "elapsed_time": 1.3261505189584568,
    "num_requests": 64,
    "total_num_tokens": 17408,
    "requests_per_second": 48.259981868622916,
    "tokens_per_second": 13126.715068265434
}