{
    "elapsed_time": 3.876331085979473,
    "num_requests": 512,
    "total_num_tokens": 139264,
    "requests_per_second": 132.0836607202833,
    "tokens_per_second": 35926.755715917054
}