{
    "elapsed_time": 0.6202455250313506,
    "num_requests": 16,
    "total_num_tokens": 4352,
    "requests_per_second": 25.796236094071414,
    "tokens_per_second": 7016.576217587424
}