{
    "elapsed_time": 1.1896256019826978,
    "num_requests": 128,
    "total_num_tokens": 34816,
    "requests_per_second": 107.59687735928674,
    "tokens_per_second": 29266.350641725992
}