{
    "elapsed_time": 1.7413060489925556,
    "num_requests": 256,
    "total_num_tokens": 69632,
    "requests_per_second": 147.01608608556234,
    "tokens_per_second": 39988.37541527296
}