{
    "elapsed_time": 0.8493389430223033,
    "num_requests": 64,
    "total_num_tokens": 17408,
    "requests_per_second": 75.35272051963287,
    "tokens_per_second": 20495.93998134014
}