{
    "elapsed_time": 1.3220300810062326,
    "num_requests": 64,
    "total_num_tokens": 17408,
    "requests_per_second": 48.410396192564605,
    "tokens_per_second": 13167.627764377572
}