{
    "elapsed_time": 2.0332715300028212,
    "num_requests": 64,
    "total_num_tokens": 17408,
    "requests_per_second": 31.476366562763605,
    "tokens_per_second": 8561.571705071701
}