{
    "elapsed_time": 1.7438844589632936,
    "num_requests": 128,
    "total_num_tokens": 34816,
    "requests_per_second": 73.39935816395405,
    "tokens_per_second": 19964.6254205955
}