{
    "elapsed_time": 3.5361321920063347,
    "num_requests": 256,
    "total_num_tokens": 69632,
    "requests_per_second": 72.3954835678104,
    "tokens_per_second": 19691.57153044443
}