{
    "elapsed_time": 6.409661575977225,
    "num_requests": 512,
    "total_num_tokens": 139264,
    "requests_per_second": 79.8794123419753,
    "tokens_per_second": 21727.200157017283
}