{
    "elapsed_time": 2.6512546470039524,
    "num_requests": 128,
    "total_num_tokens": 34816,
    "requests_per_second": 48.279029004115564,
    "tokens_per_second": 13131.895889119434
}