{
    "elapsed_time": 4.211709242023062,
    "num_requests": 512,
    "total_num_tokens": 139264,
    "requests_per_second": 121.56584668557622,
    "tokens_per_second": 33065.91029847673
}