{
    "elapsed_time": 2.398309195996262,
    "num_requests": 256,
    "total_num_tokens": 69632,
    "requests_per_second": 106.741866489678,
    "tokens_per_second": 29033.787685192416
}