{
    "elapsed_time": 1.9683577270006936,
    "num_requests": 1,
    "total_num_tokens": 528,
    "requests_per_second": 0.5080377343419993,
    "tokens_per_second": 268.24392373257564
}