{
    "elapsed_time": 3.877252120997582,
    "num_requests": 16,
    "total_num_tokens": 8448,
    "requests_per_second": 4.126633889333806,
    "tokens_per_second": 2178.8626935682496
}