{
    "elapsed_time": 8.470592542002123,
    "num_requests": 16,
    "total_num_tokens": 8448,
    "requests_per_second": 1.8888879285200766,
    "tokens_per_second": 997.3328262586004
}