{
    "elapsed_time": 2.0684835469983227,
    "num_requests": 16,
    "total_num_tokens": 8448,
    "requests_per_second": 7.7351352507581606,
    "tokens_per_second": 4084.151412400309
}