{
  "interrupted": true,
  "signal": 2,
  "results": {
    "0": {
      "success": true,
      "duration": 93.07799077033997,
      "skipped": false
    },
    "1": {
      "success": true,
      "duration": 3553.43594121933,
      "skipped": false
    }
  },
  "timestamp": "2026-01-26T05:53:24.409820"
}