{
    "elapsed_time": 6.73238170100376,
    "num_requests": 128,
    "total_num_tokens": 131200,
    "requests_per_second": 19.012588068337823,
    "tokens_per_second": 19487.902770046272
}