{
    "elapsed_time": 30.59879886289127,
    "num_requests": 2048,
    "total_num_tokens": 2099200,
    "requests_per_second": 66.9307317969175,
    "tokens_per_second": 68604.00009184044
}