{
    "elapsed_time": 8.17949078604579,
    "num_requests": 512,
    "total_num_tokens": 524800,
    "requests_per_second": 62.595583685169245,
    "tokens_per_second": 64160.47327729848
}