{
    "elapsed_time": 6.498646683990955,
    "num_requests": 256,
    "total_num_tokens": 262400,
    "requests_per_second": 39.39281706615031,
    "tokens_per_second": 40377.63749280406
}