{
    "elapsed_time": 6.736843522870913,
    "num_requests": 128,
    "total_num_tokens": 65664,
    "requests_per_second": 18.99999600190397,
    "tokens_per_second": 9746.997948976736
}