{
    "elapsed_time": 60.69442220800556,
    "num_requests": 4096,
    "total_num_tokens": 4198400,
    "requests_per_second": 67.48560824852436,
    "tokens_per_second": 69172.74845473746
}