{
    "elapsed_time": 15.620279385941103,
    "num_requests": 1024,
    "total_num_tokens": 1049600,
    "requests_per_second": 65.55580567410608,
    "tokens_per_second": 67194.70081595873
}