{
    "elapsed_time": 6.4028418170055375,
    "num_requests": 128,
    "total_num_tokens": 2176,
    "requests_per_second": 19.991123263429717,
    "tokens_per_second": 339.8490954783052
}