{
    "elapsed_time": 8.43459662492387,
    "num_requests": 1024,
    "total_num_tokens": 1049600,
    "requests_per_second": 121.40473878432124,
    "tokens_per_second": 124439.85725392927
}