{
    "elapsed_time": 6.1851030950201675,
    "num_requests": 128,
    "total_num_tokens": 65664,
    "requests_per_second": 20.69488544225836,
    "tokens_per_second": 10616.47623187854
}