{
    "elapsed_time": 143.2893715989776,
    "num_requests": 8192,
    "total_num_tokens": 8396800,
    "requests_per_second": 57.171023283756604,
    "tokens_per_second": 58600.29886585052
}