{
    "elapsed_time": 7.0405886670341715,
    "num_requests": 512,
    "total_num_tokens": 524800,
    "requests_per_second": 72.72119196471658,
    "tokens_per_second": 74539.22176383449
}