{
    "elapsed_time": 6.055869453004561,
    "num_requests": 256,
    "total_num_tokens": 262400,
    "requests_per_second": 42.27303808092958,
    "tokens_per_second": 43329.86403295282
}