{
    "elapsed_time": 6.22141220793128,
    "num_requests": 128,
    "total_num_tokens": 131200,
    "requests_per_second": 20.57410692653044,
    "tokens_per_second": 21088.459599693702
}