{
    "elapsed_time": 6.144566855975427,
    "num_requests": 128,
    "total_num_tokens": 65664,
    "requests_per_second": 20.831411391597673,
    "tokens_per_second": 10686.514043889607
}