{
    "elapsed_time": 9.426148678991012,
    "num_requests": 512,
    "total_num_tokens": 524800,
    "requests_per_second": 54.31698750319364,
    "tokens_per_second": 55674.91219077347
}