{
    "elapsed_time": 6.307751548010856,
    "num_requests": 128,
    "total_num_tokens": 32896,
    "requests_per_second": 20.29249234465563,
    "tokens_per_second": 5215.170532576497
}