{
    "elapsed_time": 61.147293000947684,
    "num_requests": 8192,
    "total_num_tokens": 8396800,
    "requests_per_second": 133.9715888955712,
    "tokens_per_second": 137320.87861796046
}