{
    "elapsed_time": 18.34420628193766,
    "num_requests": 1024,
    "total_num_tokens": 1049600,
    "requests_per_second": 55.82143943770769,
    "tokens_per_second": 57216.97542365039
}