{
    "elapsed_time": 6.378104586037807,
    "num_requests": 128,
    "total_num_tokens": 16512,
    "requests_per_second": 20.068658058728367,
    "tokens_per_second": 2588.8568895759595
}