{
    "elapsed_time": 6.7508633780526,
    "num_requests": 256,
    "total_num_tokens": 262400,
    "requests_per_second": 37.92107552232045,
    "tokens_per_second": 38869.102410378466
}