{
    "elapsed_time": 35.95240550499875,
    "num_requests": 2048,
    "total_num_tokens": 2099200,
    "requests_per_second": 56.9641995085767,
    "tokens_per_second": 58388.304496291115
}