{
    "elapsed_time": 7.475891801994294,
    "num_requests": 128,
    "total_num_tokens": 131200,
    "requests_per_second": 17.12170312120546,
    "tokens_per_second": 17549.745699235595
}