{
    "elapsed_time": 71.33631526702084,
    "num_requests": 4096,
    "total_num_tokens": 4198400,
    "requests_per_second": 57.41816050728377,
    "tokens_per_second": 58853.614519965864
}