{
    "elapsed_time": 30.62164600903634,
    "num_requests": 4096,
    "total_num_tokens": 4198400,
    "requests_per_second": 133.76158808678295,
    "tokens_per_second": 137105.62778895252
}