{
    "elapsed_time": 15.59481516701635,
    "num_requests": 2048,
    "total_num_tokens": 2099200,
    "requests_per_second": 131.32569883428954,
    "tokens_per_second": 134608.84130514678
}