{
    "elapsed_time": 9.911635902011767,
    "num_requests": 256,
    "total_num_tokens": 262400,
    "requests_per_second": 25.82822881417987,
    "tokens_per_second": 26473.934534534365
}