{
    "elapsed_time": 34.94795740803238,
    "num_requests": 512,
    "total_num_tokens": 524800,
    "requests_per_second": 14.650355499240787,
    "tokens_per_second": 15016.614386721807
}