{
    "elapsed_time": 36.09273628203664,
    "num_requests": 1024,
    "total_num_tokens": 1049600,
    "requests_per_second": 28.371359599844055,
    "tokens_per_second": 29080.643589840154
}