{
    "elapsed_time": 17.95389432203956,
    "num_requests": 256,
    "total_num_tokens": 262400,
    "requests_per_second": 14.258744950155107,
    "tokens_per_second": 14615.213573908984
}