{
    "elapsed_time": 138.0956534560537,
    "num_requests": 2048,
    "total_num_tokens": 2099200,
    "requests_per_second": 14.830300221228446,
    "tokens_per_second": 15201.057726759158
}