{
    "elapsed_time": 10.31307359598577,
    "num_requests": 128,
    "total_num_tokens": 131200,
    "requests_per_second": 12.411430870601208,
    "tokens_per_second": 12721.716642366238
}