{
    "elapsed_time": 556.3223604980158,
    "num_requests": 8192,
    "total_num_tokens": 8396800,
    "requests_per_second": 14.725275454803903,
    "tokens_per_second": 15093.407341174001
}