{
    "elapsed_time": 71.33203903702088,
    "num_requests": 2048,
    "total_num_tokens": 2099200,
    "requests_per_second": 28.710801312396256,
    "tokens_per_second": 29428.571345206165
}