{
    "elapsed_time": 276.5405517349718,
    "num_requests": 4096,
    "total_num_tokens": 4198400,
    "requests_per_second": 14.811570940689682,
    "tokens_per_second": 15181.860214206923
}