{
    "elapsed_time": 143.47561431198847,
    "num_requests": 4096,
    "total_num_tokens": 4198400,
    "requests_per_second": 28.548405383323377,
    "tokens_per_second": 29262.115517906463
}