{
    "elapsed_time": 5.882805322995409,
    "num_requests": 128,
    "total_num_tokens": 65664,
    "requests_per_second": 21.75832667786207,
    "tokens_per_second": 11162.021585743241
}