{
    "elapsed_time": 9.827883722959086,
    "num_requests": 128,
    "total_num_tokens": 65664,
    "requests_per_second": 13.024167115548694,
    "tokens_per_second": 6681.39773027648
}