{
    "elapsed_time": 18.601315514999442,
    "num_requests": 512,
    "total_num_tokens": 524800,
    "requests_per_second": 27.52493497500977,
    "tokens_per_second": 28213.058349385014
}