{
    "elapsed_time": 69.08588929707184,
    "num_requests": 1024,
    "total_num_tokens": 1049600,
    "requests_per_second": 14.822129532078,
    "tokens_per_second": 15192.68277037995
}