{
    "elapsed_time": 5.810268674977124,
    "num_requests": 128,
    "total_num_tokens": 131200,
    "requests_per_second": 22.029962323644863,
    "tokens_per_second": 22580.711381735986
}