{
    "elapsed_time": 6.502511291997507,
    "num_requests": 512,
    "total_num_tokens": 139264,
    "requests_per_second": 78.73880982415314,
    "tokens_per_second": 21416.956272169653
}