{
    "elapsed_time": 3.4110355679877102,
    "num_requests": 256,
    "total_num_tokens": 69632,
    "requests_per_second": 75.05052201816336,
    "tokens_per_second": 20413.741988940434
}