{
    "elapsed_time": 2.0126472171396017,
    "num_requests": 64,
    "total_num_tokens": 17408,
    "requests_per_second": 31.79891610162936,
    "tokens_per_second": 8649.305179643185
}