{
    "elapsed_time": 2.434323474066332,
    "num_requests": 128,
    "total_num_tokens": 34816,
    "requests_per_second": 52.58134400116793,
    "tokens_per_second": 14302.125568317677
}