{
    "elapsed_time": 2.251849643071182,
    "num_requests": 64,
    "total_num_tokens": 17408,
    "requests_per_second": 28.4210805090493,
    "tokens_per_second": 7730.53389846141
}