{
    "elapsed_time": 3.9729281220352277,
    "num_requests": 256,
    "total_num_tokens": 69632,
    "requests_per_second": 64.43610156955415,
    "tokens_per_second": 17526.61962691873
}