{
    "elapsed_time": 1.7256697369739413,
    "num_requests": 128,
    "total_num_tokens": 34816,
    "requests_per_second": 74.17410021019154,
    "tokens_per_second": 20175.355257172097
}