{
    "elapsed_time": 4.5180632079718634,
    "num_requests": 512,
    "total_num_tokens": 139264,
    "requests_per_second": 113.3228944421595,
    "tokens_per_second": 30823.827288267385
}