{
    "elapsed_time": 1.242756261024624,
    "num_requests": 64,
    "total_num_tokens": 17408,
    "requests_per_second": 51.4984329648305,
    "tokens_per_second": 14007.573766433896
}