{
    "elapsed_time": 2.4543691080762073,
    "num_requests": 256,
    "total_num_tokens": 69632,
    "requests_per_second": 104.30378998726026,
    "tokens_per_second": 28370.63087653479
}