{
    "elapsed_time": 7.568514346960001,
    "num_requests": 512,
    "total_num_tokens": 139264,
    "requests_per_second": 67.64867932180798,
    "tokens_per_second": 18400.44077553177
}