{
    "elapsed_time": 2.6871528699994087,
    "num_requests": 128,
    "total_num_tokens": 34816,
    "requests_per_second": 47.6340596134481,
    "tokens_per_second": 12956.464214857884
}