{
    "elapsed_time": 0.9826742289587855,
    "num_requests": 16,
    "total_num_tokens": 4352,
    "requests_per_second": 16.282099935553575,
    "tokens_per_second": 4428.731182470572
}