{
    "elapsed_time": 8.607269341940992,
    "num_requests": 256,
    "total_num_tokens": 69632,
    "requests_per_second": 29.742301516298365,
    "tokens_per_second": 8089.906012433155
}