{
    "elapsed_time": 4.251852991990745,
    "num_requests": 64,
    "total_num_tokens": 17408,
    "requests_per_second": 15.052260772081583,
    "tokens_per_second": 4094.2149300061906
}