{
    "elapsed_time": 2.740118979010731,
    "num_requests": 64,
    "total_num_tokens": 17408,
    "requests_per_second": 23.35665001784193,
    "tokens_per_second": 6353.008804853005
}