{
    "elapsed_time": 5.531051296973601,
    "num_requests": 128,
    "total_num_tokens": 34816,
    "requests_per_second": 23.142074287041442,
    "tokens_per_second": 6294.644206075272
}