{
    "elapsed_time": 16.415547522017732,
    "num_requests": 512,
    "total_num_tokens": 139264,
    "requests_per_second": 31.18994351624691,
    "tokens_per_second": 8483.66463641916
}