{
    "elapsed_time": 3.1739885160932317,
    "num_requests": 128,
    "total_num_tokens": 34816,
    "requests_per_second": 40.327808166600235,
    "tokens_per_second": 10969.163821315264
}