{
    "elapsed_time": 9.35782247199677,
    "num_requests": 512,
    "total_num_tokens": 139264,
    "requests_per_second": 54.71358337178944,
    "tokens_per_second": 14882.094677126728
}