{
    "elapsed_time": 4.882909421925433,
    "num_requests": 256,
    "total_num_tokens": 69632,
    "requests_per_second": 52.4277593294069,
    "tokens_per_second": 14260.350537598679
}