{
  "interrupted": true,
  "signal": 2,
  "results": {
    "0": {
      "success": true,
      "duration": 2217.8237011432648,
      "skipped": false
    },
    "1": {
      "success": true,
      "duration": 235.53396201133728,
      "skipped": false
    },
    "2": {
      "success": true,
      "duration": 12750.23729467392,
      "skipped": false
    },
    "3": {
      "success": true,
      "duration": 1830.5260331630707,
      "skipped": false
    }
  },
  "timestamp": "2026-01-28T03:06:00.743571"
}