{
    "elapsed_time": 7.471597801999451,
    "num_requests": 128,
    "total_num_tokens": 131200,
    "requests_per_second": 17.131543130673645,
    "tokens_per_second": 17559.831708940488
}