{
    "elapsed_time": 9.737086323999392,
    "num_requests": 512,
    "total_num_tokens": 524800,
    "requests_per_second": 52.5824649143813,
    "tokens_per_second": 53897.02653724083
}