{
    "elapsed_time": 8.369419685999674,
    "num_requests": 256,
    "total_num_tokens": 262400,
    "requests_per_second": 30.587544848328687,
    "tokens_per_second": 31352.233469536903
}