{
    "elapsed_time": 39.529434641999615,
    "num_requests": 2048,
    "total_num_tokens": 2099200,
    "requests_per_second": 51.80949382524235,
    "tokens_per_second": 53104.731170873405
}