{
    "elapsed_time": 79.46783811299974,
    "num_requests": 4096,
    "total_num_tokens": 4198400,
    "requests_per_second": 51.542864349419816,
    "tokens_per_second": 52831.435958155314
}