{
    "elapsed_time": 7.68755598000007,
    "num_requests": 128,
    "total_num_tokens": 65664,
    "requests_per_second": 16.650285257499853,
    "tokens_per_second": 8541.596337097424
}