{
    "elapsed_time": 19.917114167000364,
    "num_requests": 1024,
    "total_num_tokens": 1049600,
    "requests_per_second": 51.41307075984997,
    "tokens_per_second": 52698.39752884622
}