{
    "elapsed_time": 8.183479973999056,
    "num_requests": 512,
    "total_num_tokens": 524800,
    "requests_per_second": 62.56507031565433,
    "tokens_per_second": 64129.19707354569
}