{
    "elapsed_time": 8.95956558099715,
    "num_requests": 128,
    "total_num_tokens": 131200,
    "requests_per_second": 14.28640695163641,
    "tokens_per_second": 14643.56712542732
}