{
    "elapsed_time": 11.709022094997636,
    "num_requests": 1024,
    "total_num_tokens": 1049600,
    "requests_per_second": 87.45393011406789,
    "tokens_per_second": 89640.27836691959
}