{
    "elapsed_time": 8.009574640997016,
    "num_requests": 256,
    "total_num_tokens": 262400,
    "requests_per_second": 31.96174721809367,
    "tokens_per_second": 32760.790898546013
}