{
    "elapsed_time": 45.87959963200046,
    "num_requests": 4096,
    "total_num_tokens": 4198400,
    "requests_per_second": 89.27715221697554,
    "tokens_per_second": 91509.08102239991
}