{
    "elapsed_time": 27.38576200699754,
    "num_requests": 1024,
    "total_num_tokens": 1049600,
    "requests_per_second": 37.39169279782502,
    "tokens_per_second": 38326.48511777065
}