{
    "elapsed_time": 476.0503920070041,
    "num_requests": 8192,
    "total_num_tokens": 8396800,
    "requests_per_second": 17.208262271275416,
    "tokens_per_second": 17638.4688280573
}