{
    "elapsed_time": 8.60071786500339,
    "num_requests": 128,
    "total_num_tokens": 65664,
    "requests_per_second": 14.882478649931805,
    "tokens_per_second": 7634.711547415016
}