{
    "elapsed_time": 13.410664225004439,
    "num_requests": 512,
    "total_num_tokens": 524800,
    "requests_per_second": 38.17857127802561,
    "tokens_per_second": 39133.03555997625
}