{
    "elapsed_time": 8.645541999998386,
    "num_requests": 256,
    "total_num_tokens": 262400,
    "requests_per_second": 29.610636325640172,
    "tokens_per_second": 30350.902233781177
}