{
    "elapsed_time": 305.9595361850006,
    "num_requests": 8192,
    "total_num_tokens": 8396800,
    "requests_per_second": 26.774782385101567,
    "tokens_per_second": 27444.151944729107
}