{
    "elapsed_time": 7.9117672579996,
    "num_requests": 128,
    "total_num_tokens": 65664,
    "requests_per_second": 16.178433442993285,
    "tokens_per_second": 8299.536356255554
}