{
    "elapsed_time": 55.42695488600293,
    "num_requests": 2048,
    "total_num_tokens": 2099200,
    "requests_per_second": 36.94953122018228,
    "tokens_per_second": 37873.26950068684
}