{
    "elapsed_time": 23.290991609999764,
    "num_requests": 2048,
    "total_num_tokens": 2099200,
    "requests_per_second": 87.93099213176956,
    "tokens_per_second": 90129.26693506379
}