{
    "elapsed_time": 8.101341736000904,
    "num_requests": 128,
    "total_num_tokens": 131200,
    "requests_per_second": 15.799851946893073,
    "tokens_per_second": 16194.848245565401
}