{
    "elapsed_time": 110.32592787899921,
    "num_requests": 4096,
    "total_num_tokens": 4198400,
    "requests_per_second": 37.12635895065681,
    "tokens_per_second": 38054.51792442323
}