{
    "elapsed_time": 7.924584878999667,
    "num_requests": 128,
    "total_num_tokens": 131200,
    "requests_per_second": 16.152265633396514,
    "tokens_per_second": 16556.07227423143
}