{
    "elapsed_time": 170.36050652500126,
    "num_requests": 2048,
    "total_num_tokens": 2099200,
    "requests_per_second": 12.021565571592415,
    "tokens_per_second": 12322.104710882226
}