{
    "elapsed_time": 27.29207287400095,
    "num_requests": 512,
    "total_num_tokens": 524800,
    "requests_per_second": 18.760026120542236,
    "tokens_per_second": 19229.02677355579
}