{
    "elapsed_time": 14.322919482998259,
    "num_requests": 256,
    "total_num_tokens": 262400,
    "requests_per_second": 17.873451030977293,
    "tokens_per_second": 18320.287306751725
}