{
    "elapsed_time": 13.70375394200164,
    "num_requests": 128,
    "total_num_tokens": 131200,
    "requests_per_second": 9.34050629788991,
    "tokens_per_second": 9574.018955337158
}