{
    "elapsed_time": 50.83074527899953,
    "num_requests": 512,
    "total_num_tokens": 524800,
    "requests_per_second": 10.072643971473113,
    "tokens_per_second": 10324.46007075994
}