{
    "elapsed_time": 54.12859223099986,
    "num_requests": 1024,
    "total_num_tokens": 1049600,
    "requests_per_second": 18.91791302515249,
    "tokens_per_second": 19390.8608507813
}