{
    "elapsed_time": 13.431966387001012,
    "num_requests": 128,
    "total_num_tokens": 65664,
    "requests_per_second": 9.529505681601014,
    "tokens_per_second": 4888.6364146613205
}