{
    "elapsed_time": 7.946298230999673,
    "num_requests": 128,
    "total_num_tokens": 65664,
    "requests_per_second": 16.108129380376546,
    "tokens_per_second": 8263.470372133168
}