{
    "elapsed_time": 101.78870750200076,
    "num_requests": 1024,
    "total_num_tokens": 1049600,
    "requests_per_second": 10.06005504078016,
    "tokens_per_second": 10311.556416799664
}