{
    "elapsed_time": 767.9765682379984,
    "num_requests": 4096,
    "total_num_tokens": 4198400,
    "requests_per_second": 5.333496058867562,
    "tokens_per_second": 5466.833460339251
}