{
    "elapsed_time": 25.580927122999128,
    "num_requests": 256,
    "total_num_tokens": 262400,
    "requests_per_second": 10.00745589747751,
    "tokens_per_second": 10257.642294914447
}