{
    "elapsed_time": 1.06662678392604,
    "num_requests": 128,
    "total_num_tokens": 4224,
    "requests_per_second": 120.00448697608886,
    "tokens_per_second": 3960.148070210932
}