{
    "elapsed_time": 1.2201027189985325,
    "num_requests": 16,
    "total_num_tokens": 4352,
    "requests_per_second": 13.113649982792346,
    "tokens_per_second": 3566.912795319518
}