{
    "elapsed_time": 3.5742990680009825,
    "num_requests": 256,
    "total_num_tokens": 69632,
    "requests_per_second": 71.62243425343098,
    "tokens_per_second": 19481.302116933228
}