{
    "elapsed_time": 2.239288222999676,
    "num_requests": 128,
    "total_num_tokens": 34816,
    "requests_per_second": 57.16102049093773,
    "tokens_per_second": 15547.797573535063
}