{
    "elapsed_time": 6.726048129843548,
    "num_requests": 512,
    "total_num_tokens": 139264,
    "requests_per_second": 76.12196495119481,
    "tokens_per_second": 20705.17446672499
}