{
    "elapsed_time": 3.4340137699618936,
    "num_requests": 256,
    "total_num_tokens": 69632,
    "requests_per_second": 74.54833240311694,
    "tokens_per_second": 20277.14641364781
}