{
    "elapsed_time": 2.6435089400038123,
    "num_requests": 128,
    "total_num_tokens": 34816,
    "requests_per_second": 48.42049068304471,
    "tokens_per_second": 13170.373465788161
}