{
    "elapsed_time": 2.1461070589721203,
    "num_requests": 64,
    "total_num_tokens": 17408,
    "requests_per_second": 29.821438652111258,
    "tokens_per_second": 8111.431313374262
}