{
    "elapsed_time": 3.0561515480512753,
    "num_requests": 128,
    "total_num_tokens": 34816,
    "requests_per_second": 41.882739775001646,
    "tokens_per_second": 11392.105218800447
}