{
    "elapsed_time": 1.3292489249724895,
    "num_requests": 64,
    "total_num_tokens": 17408,
    "requests_per_second": 48.147490509593275,
    "tokens_per_second": 13096.11741860937
}