{
    "elapsed_time": 3.8693166950251907,
    "num_requests": 256,
    "total_num_tokens": 69632,
    "requests_per_second": 66.16155258863694,
    "tokens_per_second": 17995.942304109245
}