{
    "elapsed_time": 2.436759929987602,
    "num_requests": 256,
    "total_num_tokens": 69632,
    "requests_per_second": 105.05753843436784,
    "tokens_per_second": 28575.650454148054
}