{
    "elapsed_time": 1.0083006269996986,
    "num_requests": 16,
    "total_num_tokens": 4352,
    "requests_per_second": 15.86828329920773,
    "tokens_per_second": 4316.1730573845025
}