{
    "elapsed_time": 2.3731926990440115,
    "num_requests": 64,
    "total_num_tokens": 17408,
    "requests_per_second": 26.967890144690312,
    "tokens_per_second": 7335.266119355765
}