{
    "elapsed_time": 4.662382100010291,
    "num_requests": 512,
    "total_num_tokens": 139264,
    "requests_per_second": 109.81510931909033,
    "tokens_per_second": 29869.70973479257
}