{
    "elapsed_time": 2.393883566954173,
    "num_requests": 256,
    "total_num_tokens": 69632,
    "requests_per_second": 106.93920269719646,
    "tokens_per_second": 29087.463133637437
}