{
    "elapsed_time": 1.8994895979994908,
    "num_requests": 128,
    "total_num_tokens": 34816,
    "requests_per_second": 67.38652327172908,
    "tokens_per_second": 18329.13432991031
}