{
    "elapsed_time": 7.710256684920751,
    "num_requests": 512,
    "total_num_tokens": 139264,
    "requests_per_second": 66.40505250640207,
    "tokens_per_second": 18062.17428174136
}