{
    "elapsed_time": 0.9589416360249743,
    "num_requests": 16,
    "total_num_tokens": 4352,
    "requests_per_second": 16.685061320648824,
    "tokens_per_second": 4538.33667921648
}