{
    "elapsed_time": 1.8689927230589092,
    "num_requests": 128,
    "total_num_tokens": 34816,
    "requests_per_second": 68.48608794501204,
    "tokens_per_second": 18628.215921043276
}