{
    "elapsed_time": 3.5060260170139372,
    "num_requests": 128,
    "total_num_tokens": 34816,
    "requests_per_second": 36.50857106560119,
    "tokens_per_second": 9930.331329843522
}