{
    "elapsed_time": 3.041333496919833,
    "num_requests": 64,
    "total_num_tokens": 17408,
    "requests_per_second": 21.043400884782017,
    "tokens_per_second": 5723.805040660708
}