{
    "elapsed_time": 6.1401971890591085,
    "num_requests": 128,
    "total_num_tokens": 34816,
    "requests_per_second": 20.846236050541897,
    "tokens_per_second": 5670.176205747395
}