{
    "elapsed_time": 8.39899953699205,
    "num_requests": 256,
    "total_num_tokens": 69632,
    "requests_per_second": 30.479820706322094,
    "tokens_per_second": 8290.51123211961
}