{
    "elapsed_time": 9.502079552970827,
    "num_requests": 512,
    "total_num_tokens": 139264,
    "requests_per_second": 53.88294184928426,
    "tokens_per_second": 14656.160183005319
}