{
    "elapsed_time": 4.7538788330275565,
    "num_requests": 256,
    "total_num_tokens": 69632,
    "requests_per_second": 53.85076250186288,
    "tokens_per_second": 14647.407400506703
}