{
    "elapsed_time": 5.255194038967602,
    "num_requests": 64,
    "total_num_tokens": 17408,
    "requests_per_second": 12.178427575734764,
    "tokens_per_second": 3312.532300599856
}