{
    "elapsed_time": 17.24088048900012,
    "num_requests": 512,
    "total_num_tokens": 139264,
    "requests_per_second": 29.69685917877929,
    "tokens_per_second": 8077.545696627967
}