{
    "elapsed_time": 71.22254740493372,
    "num_requests": 1024,
    "total_num_tokens": 1049600,
    "requests_per_second": 14.377469457503082,
    "tokens_per_second": 14736.90619394066
}