{
    "elapsed_time": 281.3521827273071,
    "num_requests": 4096,
    "total_num_tokens": 4198400,
    "requests_per_second": 14.55826629918111,
    "tokens_per_second": 14922.222956660637
}