{
    "elapsed_time": 16.475558320060372,
    "num_requests": 256,
    "total_num_tokens": 262400,
    "requests_per_second": 15.5381684205687,
    "tokens_per_second": 15926.622631082919
}