{
    "elapsed_time": 141.41771777532995,
    "num_requests": 2048,
    "total_num_tokens": 2099200,
    "requests_per_second": 14.481919466793077,
    "tokens_per_second": 14843.967453462903
}