{
    "elapsed_time": 4.666568106971681,
    "num_requests": 128,
    "total_num_tokens": 65664,
    "requests_per_second": 27.42915073044208,
    "tokens_per_second": 14071.154324716787
}