{
    "elapsed_time": 8.59354559192434,
    "num_requests": 128,
    "total_num_tokens": 131200,
    "requests_per_second": 14.894899739670452,
    "tokens_per_second": 15267.272233162214
}