{
    "elapsed_time": 35.05352444201708,
    "num_requests": 512,
    "total_num_tokens": 524800,
    "requests_per_second": 14.60623455558405,
    "tokens_per_second": 14971.390419473653
}