{
    "elapsed_time": 10.119033857248724,
    "num_requests": 128,
    "total_num_tokens": 131200,
    "requests_per_second": 12.64942896779694,
    "tokens_per_second": 12965.664691991862
}