{
    "elapsed_time": 335.55185408936813,
    "num_requests": 4096,
    "total_num_tokens": 4198400,
    "requests_per_second": 12.206757167579545,
    "tokens_per_second": 12511.926096769033
}