{
    "elapsed_time": 36.32450794707984,
    "num_requests": 1024,
    "total_num_tokens": 1049600,
    "requests_per_second": 28.19033368578143,
    "tokens_per_second": 28895.092027925966
}