{
    "elapsed_time": 2.5415020612999797,
    "num_requests": 128,
    "total_num_tokens": 65664,
    "requests_per_second": 50.36391744436671,
    "tokens_per_second": 25836.689648960124
}