{
    "elapsed_time": 5.564429032150656,
    "num_requests": 128,
    "total_num_tokens": 65664,
    "requests_per_second": 23.003258602172863,
    "tokens_per_second": 11800.67166291468
}