{
    "elapsed_time": 17.776357983238995,
    "num_requests": 512,
    "total_num_tokens": 524800,
    "requests_per_second": 28.80230025085878,
    "tokens_per_second": 29522.357757130252
}