{
    "elapsed_time": 8.748648707289249,
    "num_requests": 256,
    "total_num_tokens": 262400,
    "requests_per_second": 29.261661836610774,
    "tokens_per_second": 29993.203382526044
}