{
    "elapsed_time": 41.25347707699984,
    "num_requests": 512,
    "total_num_tokens": 524800,
    "requests_per_second": 12.411075048155315,
    "tokens_per_second": 12721.351924359198
}