{
    "elapsed_time": 670.120558815077,
    "num_requests": 8192,
    "total_num_tokens": 8396800,
    "requests_per_second": 12.22466598321545,
    "tokens_per_second": 12530.282632795837
}