{
    "elapsed_time": 83.22766012512147,
    "num_requests": 1024,
    "total_num_tokens": 1049600,
    "requests_per_second": 12.303601933065945,
    "tokens_per_second": 12611.191981392592
}