{
    "elapsed_time": 19.670796593185514,
    "num_requests": 256,
    "total_num_tokens": 262400,
    "requests_per_second": 13.014216215762467,
    "tokens_per_second": 13339.571621156529
}