{
    "elapsed_time": 284.07351278699934,
    "num_requests": 8192,
    "total_num_tokens": 8396800,
    "requests_per_second": 28.837605870500248,
    "tokens_per_second": 29558.546017262757
}