{
    "elapsed_time": 4.639645180664957,
    "num_requests": 128,
    "total_num_tokens": 131200,
    "requests_per_second": 27.58831656640928,
    "tokens_per_second": 28278.02448056951
}