{
    "elapsed_time": 72.18537722202018,
    "num_requests": 2048,
    "total_num_tokens": 2099200,
    "requests_per_second": 28.3713970725813,
    "tokens_per_second": 29080.68199939583
}