{
    "elapsed_time": 143.50748385768384,
    "num_requests": 4096,
    "total_num_tokens": 4198400,
    "requests_per_second": 28.542065472083653,
    "tokens_per_second": 29255.617108885745
}