{
    "elapsed_time": 165.34719439176843,
    "num_requests": 2048,
    "total_num_tokens": 2099200,
    "requests_per_second": 12.38605836363654,
    "tokens_per_second": 12695.709822727453
}