{
    "elapsed_time": 85.87980990624055,
    "num_requests": 512,
    "total_num_tokens": 524800,
    "requests_per_second": 5.961820369176142,
    "tokens_per_second": 6110.865878405546
}