{
    "elapsed_time": 78.793383250013,
    "num_requests": 256,
    "total_num_tokens": 262400,
    "requests_per_second": 3.2490037797679894,
    "tokens_per_second": 3330.228874262189
}