{
    "elapsed_time": 156.26990308519453,
    "num_requests": 512,
    "total_num_tokens": 524800,
    "requests_per_second": 3.276382655212054,
    "tokens_per_second": 3358.2922215923554
}