{
    "elapsed_time": 12.40726731531322,
    "num_requests": 128,
    "total_num_tokens": 65664,
    "requests_per_second": 10.316534394485128,
    "tokens_per_second": 5292.382144370871
}