{
    "elapsed_time": 687.1108228489757,
    "num_requests": 4096,
    "total_num_tokens": 4198400,
    "requests_per_second": 5.961192669061313,
    "tokens_per_second": 6110.2224857878455
}