{
    "elapsed_time": 181.25118454685435,
    "num_requests": 1024,
    "total_num_tokens": 1049600,
    "requests_per_second": 5.649618249723995,
    "tokens_per_second": 5790.8587059670945
}