{
    "elapsed_time": 21.705588267184794,
    "num_requests": 128,
    "total_num_tokens": 65664,
    "requests_per_second": 5.897098868014304,
    "tokens_per_second": 3025.211719291338
}