{
    "elapsed_time": 310.83622997580096,
    "num_requests": 1024,
    "total_num_tokens": 1049600,
    "requests_per_second": 3.294339273384315,
    "tokens_per_second": 3376.697755218923
}