{
    "elapsed_time": 21.562072203028947,
    "num_requests": 128,
    "total_num_tokens": 131200,
    "requests_per_second": 5.936349660401337,
    "tokens_per_second": 6084.75840191137
}