{
    "elapsed_time": 1245.385140139144,
    "num_requests": 4096,
    "total_num_tokens": 4198400,
    "requests_per_second": 3.2889424066376476,
    "tokens_per_second": 3371.1659668035886
}