{
    "elapsed_time": 42.037471001036465,
    "num_requests": 256,
    "total_num_tokens": 262400,
    "requests_per_second": 6.089804974083434,
    "tokens_per_second": 6242.05009843552
}