{
    "elapsed_time": 2482.8365428280085,
    "num_requests": 8192,
    "total_num_tokens": 8396800,
    "requests_per_second": 3.2994520012457693,
    "tokens_per_second": 3381.9383012769135
}