{
    "elapsed_time": 621.8882203740068,
    "num_requests": 2048,
    "total_num_tokens": 2099200,
    "requests_per_second": 3.293196321950466,
    "tokens_per_second": 3375.526229999228
}