{
    "elapsed_time": 341.60964020108804,
    "num_requests": 2048,
    "total_num_tokens": 2099200,
    "requests_per_second": 5.995146971831496,
    "tokens_per_second": 6145.025646127284
}