{
    "elapsed_time": 39.095677411183715,
    "num_requests": 128,
    "total_num_tokens": 131200,
    "requests_per_second": 3.2740192388477274,
    "tokens_per_second": 3355.8697198189207
}