{
    "elapsed_time": 0.7420043390011415,
    "num_requests": 128,
    "total_num_tokens": 2176,
    "requests_per_second": 172.50572978091856,
    "tokens_per_second": 2932.5974062756154
}