{
    "elapsed_time": 1.6919989670022915,
    "num_requests": 128,
    "total_num_tokens": 2176,
    "requests_per_second": 75.65016438915276,
    "tokens_per_second": 1286.052794615597
}