{
  "completed": true,
  "results": {
    "0": {
      "success": true,
      "duration": 170.19595003128052,
      "skipped": false
    },
    "1": {
      "success": true,
      "duration": 217.08677220344543,
      "skipped": false
    },
    "2": {
      "success": true,
      "duration": 1198.126938343048,
      "skipped": false
    },
    "3": {
      "success": true,
      "duration": 8043.749439716339,
      "skipped": false
    },
    "4": {
      "success": true,
      "duration": 1825.720951795578,
      "skipped": false
    },
    "5": {
      "success": true,
      "duration": 63.6330771446228,
      "skipped": false
    },
    "6": {
      "success": true,
      "duration": 281.97959184646606,
      "skipped": false
    },
    "7": {
      "success": true,
      "duration": 379.4546513557434,
      "skipped": false
    }
  },
  "summary": {
    "success": 8,
    "failed": 0,
    "skipped": 0,
    "total_duration": 12179.947372436523
  },
  "timestamp": "2026-01-28T10:27:55.357895"
}