{
  "interrupted": true,
  "signal": 2,
  "results": {
    "0": {
      "success": true,
      "duration": 23.976425409317017,
      "skipped": false
    },
    "1": {
      "success": true,
      "duration": 2458.226696252823,
      "skipped": false
    },
    "2": {
      "success": true,
      "duration": 2216.870456933975,
      "skipped": false
    },
    "3": {
      "success": false,
      "duration": 12893.932920694351,
      "skipped": false
    },
    "4": {
      "success": false,
      "duration": 997.1892535686493,
      "skipped": false
    }
  },
  "timestamp": "2026-01-25T22:31:02.767465"
}