{
    "elapsed_time": 43.95596123393625,
    "num_requests": 2048,
    "total_num_tokens": 2099200,
    "requests_per_second": 46.59208768295208,
    "tokens_per_second": 47756.889875025874
}