{
    "elapsed_time": 5.199316518148407,
    "num_requests": 256,
    "total_num_tokens": 262400,
    "requests_per_second": 49.237240915497736,
    "tokens_per_second": 50468.17193838518
}