{
    "elapsed_time": 10.216212772997096,
    "num_requests": 512,
    "total_num_tokens": 524800,
    "requests_per_second": 50.116419007373146,
    "tokens_per_second": 51369.32948255748
}