{
    "elapsed_time": 21.468292251927778,
    "num_requests": 1024,
    "total_num_tokens": 1049600,
    "requests_per_second": 47.69825135523057,
    "tokens_per_second": 48890.70763911133
}