{
    "elapsed_time": 88.07006307994016,
    "num_requests": 4096,
    "total_num_tokens": 4198400,
    "requests_per_second": 46.50842586864176,
    "tokens_per_second": 47671.1365153578
}