{
    "elapsed_time": 2.3294364439789206,
    "num_requests": 128,
    "total_num_tokens": 65664,
    "requests_per_second": 54.94891278568762,
    "tokens_per_second": 28188.792259057747
}