{
    "elapsed_time": 2.8133810211438686,
    "num_requests": 128,
    "total_num_tokens": 131200,
    "requests_per_second": 45.49685913071155,
    "tokens_per_second": 46634.28060897934
}