{
    "elapsed_time": 85.96242185705341,
    "num_requests": 8192,
    "total_num_tokens": 8396800,
    "requests_per_second": 95.2974546671387,
    "tokens_per_second": 97679.89103381716
}