{
    "elapsed_time": 3.332087747985497,
    "num_requests": 128,
    "total_num_tokens": 131200,
    "requests_per_second": 38.4143545071362,
    "tokens_per_second": 39374.713369814606
}