{
    "elapsed_time": 203.46145643293858,
    "num_requests": 8192,
    "total_num_tokens": 8396800,
    "requests_per_second": 40.26315422891954,
    "tokens_per_second": 41269.73308464253
}