{
    "elapsed_time": 1.931919215945527,
    "num_requests": 128,
    "total_num_tokens": 2176,
    "requests_per_second": 66.25535837291922,
    "tokens_per_second": 1126.3410923396268
}