{
    "elapsed_time": 2.000499604968354,
    "num_requests": 128,
    "total_num_tokens": 16512,
    "requests_per_second": 63.98401663369728,
    "tokens_per_second": 8253.938145746948
}