{
    "elapsed_time": 10.551424732198939,
    "num_requests": 1024,
    "total_num_tokens": 1049600,
    "requests_per_second": 97.048505390475,
    "tokens_per_second": 99474.71802523689
}