{
    "elapsed_time": 25.25118097104132,
    "num_requests": 1024,
    "total_num_tokens": 1049600,
    "requests_per_second": 40.55255875653295,
    "tokens_per_second": 41566.37272544628
}