{
    "elapsed_time": 5.211388227995485,
    "num_requests": 512,
    "total_num_tokens": 524800,
    "requests_per_second": 98.24637459353826,
    "tokens_per_second": 100702.53395837672
}