{
    "elapsed_time": 2.0291401639115065,
    "num_requests": 128,
    "total_num_tokens": 2176,
    "requests_per_second": 63.08090602930979,
    "tokens_per_second": 1072.3754024982663
}