{
    "elapsed_time": 21.517319578910246,
    "num_requests": 2048,
    "total_num_tokens": 2099200,
    "requests_per_second": 95.17914127219194,
    "tokens_per_second": 97558.61980399674
}