{
    "elapsed_time": 1.875240236055106,
    "num_requests": 128,
    "total_num_tokens": 32896,
    "requests_per_second": 68.25792105936799,
    "tokens_per_second": 17542.28571225757
}