{
    "elapsed_time": 102.09256926202215,
    "num_requests": 4096,
    "total_num_tokens": 4198400,
    "requests_per_second": 40.120451758712754,
    "tokens_per_second": 41123.46305268057
}