{
    "elapsed_time": 12.161776904948056,
    "num_requests": 512,
    "total_num_tokens": 524800,
    "requests_per_second": 42.099111338877734,
    "tokens_per_second": 43151.58912234967
}