{
    "elapsed_time": 1.8894689690787345,
    "num_requests": 128,
    "total_num_tokens": 131200,
    "requests_per_second": 67.74390164365076,
    "tokens_per_second": 69437.49918474203
}