{
    "elapsed_time": 1.9864789999555796,
    "num_requests": 128,
    "total_num_tokens": 16512,
    "requests_per_second": 64.43561699009265,
    "tokens_per_second": 8312.194591721951
}