{
    "elapsed_time": 43.192251646192744,
    "num_requests": 4096,
    "total_num_tokens": 4198400,
    "requests_per_second": 94.83182385470865,
    "tokens_per_second": 97202.61945107636
}