{
    "elapsed_time": 2.2693121638149023,
    "num_requests": 128,
    "total_num_tokens": 65664,
    "requests_per_second": 56.404756490099345,
    "tokens_per_second": 28935.640079420966
}