{
    "elapsed_time": 51.137660167878494,
    "num_requests": 2048,
    "total_num_tokens": 2099200,
    "requests_per_second": 40.04876236567481,
    "tokens_per_second": 41049.98142481668
}