{
    "elapsed_time": 5.799657796043903,
    "num_requests": 256,
    "total_num_tokens": 262400,
    "requests_per_second": 44.1405353561764,
    "tokens_per_second": 45244.04874008081
}