{
    "elapsed_time": 2.031352206133306,
    "num_requests": 128,
    "total_num_tokens": 32896,
    "requests_per_second": 63.01221403827795,
    "tokens_per_second": 16194.139007837435
}