{
    "elapsed_time": 2.7152415968012065,
    "num_requests": 256,
    "total_num_tokens": 262400,
    "requests_per_second": 94.28258623526928,
    "tokens_per_second": 96639.650891151
}