{
    "elapsed_time": 1.8041578428819776,
    "num_requests": 128,
    "total_num_tokens": 65664,
    "requests_per_second": 70.94722920447563,
    "tokens_per_second": 36395.928581896
}