{
    "elapsed_time": 1.0307737770490348,
    "num_requests": 128,
    "total_num_tokens": 16512,
    "requests_per_second": 124.17855677939984,
    "tokens_per_second": 16019.03382454258
}