{
    "elapsed_time": 1.06112554599531,
    "num_requests": 128,
    "total_num_tokens": 32896,
    "requests_per_second": 120.62663130020032,
    "tokens_per_second": 31001.04424415148
}