{
    "elapsed_time": 12.400974875083193,
    "num_requests": 256,
    "total_num_tokens": 262400,
    "requests_per_second": 20.64353831684403,
    "tokens_per_second": 21159.62677476513
}