{
    "elapsed_time": 49.56657188292593,
    "num_requests": 1024,
    "total_num_tokens": 1049600,
    "requests_per_second": 20.659084562447514,
    "tokens_per_second": 21175.5616765087
}