{
    "elapsed_time": 24.57588632684201,
    "num_requests": 512,
    "total_num_tokens": 524800,
    "requests_per_second": 20.833429695709036,
    "tokens_per_second": 21354.265438101764
}