{
    "elapsed_time": 0.9941325469408184,
    "num_requests": 128,
    "total_num_tokens": 2176,
    "requests_per_second": 128.75546665672132,
    "tokens_per_second": 2188.842933164263
}