{
    "elapsed_time": 6.390175110893324,
    "num_requests": 128,
    "total_num_tokens": 131200,
    "requests_per_second": 20.030749983955612,
    "tokens_per_second": 20531.5187335545
}