{
    "elapsed_time": 3.5380649098660797,
    "num_requests": 128,
    "total_num_tokens": 65664,
    "requests_per_second": 36.17796825690373,
    "tokens_per_second": 18559.297715791614
}