{
    "elapsed_time": 1.1067532110027969,
    "num_requests": 4,
    "total_num_tokens": 2112,
    "requests_per_second": 3.6141751930186103,
    "tokens_per_second": 1908.2845019138263
}