{
    "elapsed_time": 1.2495070819277316,
    "num_requests": 16,
    "total_num_tokens": 8448,
    "requests_per_second": 12.805049472240926,
    "tokens_per_second": 6761.0661213432095
}