{
    "elapsed_time": 1.0655217911116779,
    "num_requests": 1,
    "total_num_tokens": 528,
    "requests_per_second": 0.9385073194577112,
    "tokens_per_second": 495.53186467367146
}