{
    "elapsed_time": 3.88695319800172,
    "num_requests": 512,
    "total_num_tokens": 524800,
    "requests_per_second": 131.72270771441725,
    "tokens_per_second": 135015.7754072777
}