{
    "elapsed_time": 15.206389070022851,
    "num_requests": 4096,
    "total_num_tokens": 4198400,
    "requests_per_second": 269.3604629697828,
    "tokens_per_second": 276094.47454402735
}