{
    "elapsed_time": 3.8771409829496406,
    "num_requests": 128,
    "total_num_tokens": 65664,
    "requests_per_second": 33.01401743266517,
    "tokens_per_second": 16936.19094295723
}