{
    "elapsed_time": 7.945566855021752,
    "num_requests": 2048,
    "total_num_tokens": 2099200,
    "requests_per_second": 257.7537937026638,
    "tokens_per_second": 264197.6385452304
}