{
    "elapsed_time": 4.010937793995254,
    "num_requests": 256,
    "total_num_tokens": 262400,
    "requests_per_second": 63.82547253244759,
    "tokens_per_second": 65421.10934575878
}