{
    "elapsed_time": 3.9194695880287327,
    "num_requests": 128,
    "total_num_tokens": 131200,
    "requests_per_second": 32.657480081221046,
    "tokens_per_second": 33473.917083251574
}