{
    "elapsed_time": 4.432226912991609,
    "num_requests": 1024,
    "total_num_tokens": 1049600,
    "requests_per_second": 231.0351026926176,
    "tokens_per_second": 236810.98025993304
}