{
    "elapsed_time": 3.121276816003956,
    "num_requests": 128,
    "total_num_tokens": 32896,
    "requests_per_second": 41.008858728484455,
    "tokens_per_second": 10539.276693220505
}