{
    "elapsed_time": 3.695247234951239,
    "num_requests": 512,
    "total_num_tokens": 524800,
    "requests_per_second": 138.5563583289593,
    "tokens_per_second": 142020.2672871833
}