{
    "elapsed_time": 4.577243382052984,
    "num_requests": 2048,
    "total_num_tokens": 2099200,
    "requests_per_second": 447.4308724832175,
    "tokens_per_second": 458616.64429529797
}