{
    "elapsed_time": 3.0791472020209767,
    "num_requests": 128,
    "total_num_tokens": 131200,
    "requests_per_second": 41.56995154891851,
    "tokens_per_second": 42609.20033764147
}