{
    "elapsed_time": 3.530571681971196,
    "num_requests": 1024,
    "total_num_tokens": 1049600,
    "requests_per_second": 290.0380143048896,
    "tokens_per_second": 297288.9646625119
}