{
    "elapsed_time": 3.770088453020435,
    "num_requests": 256,
    "total_num_tokens": 262400,
    "requests_per_second": 67.90291612253915,
    "tokens_per_second": 69600.48902560264
}