{
    "elapsed_time": 9.679298079048749,
    "num_requests": 2048,
    "total_num_tokens": 2099200,
    "requests_per_second": 211.58559053295227,
    "tokens_per_second": 216875.23029627607
}