{
    "elapsed_time": 3.5544856900232844,
    "num_requests": 128,
    "total_num_tokens": 131200,
    "requests_per_second": 36.01083564895756,
    "tokens_per_second": 36911.1065401815
}