{
    "elapsed_time": 3.0929113699821755,
    "num_requests": 256,
    "total_num_tokens": 262400,
    "requests_per_second": 82.76991138012316,
    "tokens_per_second": 84839.15916462624
}