{
    "elapsed_time": 8.800962979032192,
    "num_requests": 4096,
    "total_num_tokens": 4198400,
    "requests_per_second": 465.4036165995123,
    "tokens_per_second": 477038.7070145001
}