{
    "elapsed_time": 3.0126305849989876,
    "num_requests": 128,
    "total_num_tokens": 65664,
    "requests_per_second": 42.4877848075233,
    "tokens_per_second": 21796.23360625945
}