{
    "elapsed_time": 2.8727302190382034,
    "num_requests": 128,
    "total_num_tokens": 2176,
    "requests_per_second": 44.55691632709412,
    "tokens_per_second": 757.4675775606001
}