{
    "elapsed_time": 17.78389032301493,
    "num_requests": 8192,
    "total_num_tokens": 8396800,
    "requests_per_second": 460.6416172842882,
    "tokens_per_second": 472157.6577163954
}