{
    "elapsed_time": 3.8064606499974616,
    "num_requests": 128,
    "total_num_tokens": 65664,
    "requests_per_second": 33.62703880837054,
    "tokens_per_second": 17250.670908694086
}