{
    "elapsed_time": 3.109777646022849,
    "num_requests": 512,
    "total_num_tokens": 524800,
    "requests_per_second": 164.64199639958377,
    "tokens_per_second": 168758.04630957337
}