{
    "elapsed_time": 5.2762411160510965,
    "num_requests": 1024,
    "total_num_tokens": 1049600,
    "requests_per_second": 194.0775596636102,
    "tokens_per_second": 198929.49865520047
}