{
    "elapsed_time": 3.0434154139948077,
    "num_requests": 128,
    "total_num_tokens": 16512,
    "requests_per_second": 42.05801134193059,
    "tokens_per_second": 5425.483463109046
}