{
    "elapsed_time": 36.725032618967816,
    "num_requests": 8192,
    "total_num_tokens": 8396800,
    "requests_per_second": 223.06311024946456,
    "tokens_per_second": 228639.68800570117
}