{
    "elapsed_time": 18.735724919009954,
    "num_requests": 4096,
    "total_num_tokens": 4198400,
    "requests_per_second": 218.61977680105926,
    "tokens_per_second": 224085.27122108574
}