{
    "elapsed_time": 3.3934907090151682,
    "num_requests": 128,
    "total_num_tokens": 65664,
    "requests_per_second": 37.71927227027745,
    "tokens_per_second": 19349.986674652333
}