{
    "elapsed_time": 32.489800768962596,
    "num_requests": 2048,
    "total_num_tokens": 2099200,
    "requests_per_second": 63.03516646850134,
    "tokens_per_second": 64611.04563021387
}