{
    "elapsed_time": 3.3457656870014034,
    "num_requests": 256,
    "total_num_tokens": 262400,
    "requests_per_second": 76.51462294403422,
    "tokens_per_second": 78427.48851763508
}