{
    "elapsed_time": 4.851669759023935,
    "num_requests": 512,
    "total_num_tokens": 524800,
    "requests_per_second": 105.53067818511309,
    "tokens_per_second": 108168.94513974091
}