{
    "elapsed_time": 63.10340142296627,
    "num_requests": 4096,
    "total_num_tokens": 4198400,
    "requests_per_second": 64.90933781121464,
    "tokens_per_second": 66532.071256495
}