{
    "elapsed_time": 124.83771641098429,
    "num_requests": 8192,
    "total_num_tokens": 8396800,
    "requests_per_second": 65.62119394294847,
    "tokens_per_second": 67261.72379152218
}