{
    "elapsed_time": 16.53750206902623,
    "num_requests": 1024,
    "total_num_tokens": 1049600,
    "requests_per_second": 61.919871315867695,
    "tokens_per_second": 63467.86809876439
}