{
    "elapsed_time": 17.291118171007838,
    "num_requests": 2048,
    "total_num_tokens": 2099200,
    "requests_per_second": 118.44231123432483,
    "tokens_per_second": 121403.36901518297
}