{
    "elapsed_time": 3.220368537993636,
    "num_requests": 128,
    "total_num_tokens": 131200,
    "requests_per_second": 39.74700363944897,
    "tokens_per_second": 40740.67873043519
}