{
    "elapsed_time": 8.99825583701022,
    "num_requests": 512,
    "total_num_tokens": 524800,
    "requests_per_second": 56.8999158585958,
    "tokens_per_second": 58322.41375506069
}