{
    "elapsed_time": 33.728562961972784,
    "num_requests": 4096,
    "total_num_tokens": 4198400,
    "requests_per_second": 121.44009825197797,
    "tokens_per_second": 124476.10070827742
}