{
    "elapsed_time": 5.472426190972328,
    "num_requests": 128,
    "total_num_tokens": 131200,
    "requests_per_second": 23.38999111786234,
    "tokens_per_second": 23974.7408958089
}