{
    "elapsed_time": 8.91855201200815,
    "num_requests": 1024,
    "total_num_tokens": 1049600,
    "requests_per_second": 114.8168445529344,
    "tokens_per_second": 117687.26566675775
}