{
    "elapsed_time": 5.417374942975584,
    "num_requests": 256,
    "total_num_tokens": 262400,
    "requests_per_second": 47.25535941202321,
    "tokens_per_second": 48436.74339732379
}