{
    "elapsed_time": 5.557850765995681,
    "num_requests": 128,
    "total_num_tokens": 65664,
    "requests_per_second": 23.030485234172886,
    "tokens_per_second": 11814.63892513069
}