{
    "elapsed_time": 0.9535510449204594,
    "num_requests": 128,
    "total_num_tokens": 32896,
    "requests_per_second": 134.2350791620989,
    "tokens_per_second": 34498.41534465942
}