{
    "elapsed_time": 0.971734473016113,
    "num_requests": 128,
    "total_num_tokens": 16512,
    "requests_per_second": 131.72322641051096,
    "tokens_per_second": 16992.29620695591
}