{
    "elapsed_time": 1.7778877220116556,
    "num_requests": 128,
    "total_num_tokens": 2176,
    "requests_per_second": 71.99554753388462,
    "tokens_per_second": 1223.9243080760386
}