{
    "elapsed_time": 1.8613691660575569,
    "num_requests": 128,
    "total_num_tokens": 16512,
    "requests_per_second": 68.7665844766884,
    "tokens_per_second": 8870.889397492801
}