{
    "elapsed_time": 0.9624567171558738,
    "num_requests": 128,
    "total_num_tokens": 2176,
    "requests_per_second": 132.99299357403714,
    "tokens_per_second": 2260.8808907586313
}