{
    "elapsed_time": 1.7150783420074731,
    "num_requests": 128,
    "total_num_tokens": 32896,
    "requests_per_second": 74.63215928094453,
    "tokens_per_second": 19180.464935202745
}