{
    "elapsed_time": 29.18281950801611,
    "num_requests": 512,
    "total_num_tokens": 139264,
    "requests_per_second": 17.544569326461442,
    "tokens_per_second": 4772.122856797512
}