{
    "elapsed_time": 7.068023901898414,
    "num_requests": 64,
    "total_num_tokens": 17408,
    "requests_per_second": 9.054864681882318,
    "tokens_per_second": 2462.9231934719905
}