{
    "elapsed_time": 14.46153158787638,
    "num_requests": 256,
    "total_num_tokens": 69632,
    "requests_per_second": 17.7021360735134,
    "tokens_per_second": 4814.9810119956455
}