{
    "elapsed_time": 9.38681379891932,
    "num_requests": 128,
    "total_num_tokens": 34816,
    "requests_per_second": 13.636149895157855,
    "tokens_per_second": 3709.032771482937
}