{
    "elapsed_time": 61.40987985115498,
    "num_requests": 64,
    "total_num_tokens": 17408,
    "requests_per_second": 1.042177580466253,
    "tokens_per_second": 283.4723018868208
}