{
    "elapsed_time": 34.707117499317974,
    "num_requests": 512,
    "total_num_tokens": 139264,
    "requests_per_second": 14.752017363875328,
    "tokens_per_second": 4012.5487229740893
}