{
    "elapsed_time": 5.5889239511452615,
    "num_requests": 128,
    "total_num_tokens": 34816,
    "requests_per_second": 22.90244081309618,
    "tokens_per_second": 6229.463901162161
}