{
    "elapsed_time": 11.325789188034832,
    "num_requests": 128,
    "total_num_tokens": 34816,
    "requests_per_second": 11.301640695840076,
    "tokens_per_second": 3074.046269268501
}