{
    "elapsed_time": 3.0245800903066993,
    "num_requests": 16,
    "total_num_tokens": 4352,
    "requests_per_second": 5.289990518445013,
    "tokens_per_second": 1438.8774210170436
}