{
    "elapsed_time": 4.123526512179524,
    "num_requests": 64,
    "total_num_tokens": 17408,
    "requests_per_second": 15.520695649940729,
    "tokens_per_second": 4221.629216783878
}