{
    "elapsed_time": 17.423674693331122,
    "num_requests": 512,
    "total_num_tokens": 139264,
    "requests_per_second": 29.38530528212668,
    "tokens_per_second": 7992.803036738457
}