{
    "elapsed_time": 17.561415675096214,
    "num_requests": 256,
    "total_num_tokens": 69632,
    "requests_per_second": 14.577412478370565,
    "tokens_per_second": 3965.056194116794
}