{
    "elapsed_time": 8.860421831719577,
    "num_requests": 256,
    "total_num_tokens": 69632,
    "requests_per_second": 28.892529595322557,
    "tokens_per_second": 7858.768049927736
}