{
    "elapsed_time": 96.49224189203233,
    "num_requests": 512,
    "total_num_tokens": 139264,
    "requests_per_second": 5.3061260673463275,
    "tokens_per_second": 1443.266290318201
}