{
    "elapsed_time": 28.206473539117724,
    "num_requests": 64,
    "total_num_tokens": 17408,
    "requests_per_second": 2.2689826826895807,
    "tokens_per_second": 617.1632896915659
}