{
    "elapsed_time": 50.38594810059294,
    "num_requests": 256,
    "total_num_tokens": 69632,
    "requests_per_second": 5.080781639533888,
    "tokens_per_second": 1381.9726059532177
}