{
    "elapsed_time": 34.04807782685384,
    "num_requests": 128,
    "total_num_tokens": 34816,
    "requests_per_second": 3.759389903034289,
    "tokens_per_second": 1022.5540536253267
}