{
    "elapsed_time": 51.42810850311071,
    "num_requests": 512,
    "total_num_tokens": 139264,
    "requests_per_second": 9.95564516958719,
    "tokens_per_second": 2707.9354861277156
}