{
    "elapsed_time": 15.312688093166798,
    "num_requests": 64,
    "total_num_tokens": 17408,
    "requests_per_second": 4.179540496783164,
    "tokens_per_second": 1136.8350151250206
}