{
    "elapsed_time": 27.27228352194652,
    "num_requests": 256,
    "total_num_tokens": 69632,
    "requests_per_second": 9.386819398309349,
    "tokens_per_second": 2553.214876340143
}