{
    "elapsed_time": 17.926914770156145,
    "num_requests": 128,
    "total_num_tokens": 34816,
    "requests_per_second": 7.14010199976452,
    "tokens_per_second": 1942.1077439359494
}