{
  "meta": {
    "gpu_name": "NVIDIA A100 80GB PCIe",
    "gpu_short_name": "A100",
    "compute_capability": "cc80",
    "model_name": "SQUARE",
    "mode": "square",
    "backend": "cuSPARSELt",
    "dtype": "fp16",
    "alg_count": 4,
    "warmup": 25,
    "repeat": 50,
    "torch_version": "2.9.0+cu129",
    "time": "2026-01-27T14:54:47.158980",
    "M_list": [
      64,
      128,
      256,
      512,
      1024,
      2048,
      4096,
      8192,
      16384,
      32768,
      65536
    ],
    "NK_list": [
      [
        64,
        96
      ],
      [
        128,
        192
      ],
      [
        256,
        384
      ],
      [
        512,
        768
      ],
      [
        1024,
        1536
      ],
      [
        2048,
        3072
      ],
      [
        4096,
        6144
      ],
      [
        8192,
        12288
      ],
      [
        16384,
        24576
      ],
      [
        32768,
        49152
      ],
      [
        65536,
        98304
      ]
    ],
    "search_stats": {
      "total": 10,
      "success": 10,
      "failed": 0,
      "errors": 0
    },
    "sparsity": "2_8",
    "config_count": 3
  },
  "results": [
    {
      "nk_id": 0,
      "N": 64,
      "K": 96,
      "m_results": {
        "64": {
          "results": [
            {
              "alg_id": 1,
              "split_k": 1,
              "lat_us": 6.246400356292725,
              "tops": 0.12590163946151733,
              "workspace": 1024
            },
            {
              "alg_id": 3,
              "split_k": 1,
              "lat_us": 9.25696086883545,
              "tops": 0.08495574444532394,
              "workspace": 1024
            },
            {
              "alg_id": 2,
              "split_k": 1,
              "lat_us": 11.018240928649902,
              "tops": 0.07137545943260193,
              "workspace": 1024
            }
          ],
          "num_valid": 4,
          "alg_count": 4,
          "config_count": 3,
          "api_result": {
            "alg_id": 1,
            "split_k": 1,
            "lat_us": 6.246400356292725,
            "rank": 1
          }
        }
      },
      "skipped": false,
      "skip_reason": null
    },
    {
      "nk_id": 1,
      "N": 128,
      "K": 192,
      "m_results": {
        "128": {
          "results": [
            {
              "alg_id": 1,
              "split_k": 1,
              "lat_us": 6.7788801193237305,
              "tops": 0.9280966520309448,
              "workspace": 3072
            },
            {
              "alg_id": 3,
              "split_k": 1,
              "lat_us": 10.01471996307373,
              "tops": 0.6282208561897278,
              "workspace": 3072
            },
            {
              "alg_id": 2,
              "split_k": 1,
              "lat_us": 11.980799674987793,
              "tops": 0.5251282453536987,
              "workspace": 3072
            }
          ],
          "num_valid": 4,
          "alg_count": 4,
          "config_count": 3,
          "api_result": {
            "alg_id": 1,
            "split_k": 1,
            "lat_us": 6.7788801193237305,
            "rank": 1
          }
        }
      },
      "skipped": false,
      "skip_reason": null
    },
    {
      "nk_id": 2,
      "N": 256,
      "K": 384,
      "m_results": {
        "256": {
          "results": [
            {
              "alg_id": 1,
              "split_k": 1,
              "lat_us": 7.659519672393799,
              "tops": 6.571123123168945,
              "workspace": 12288
            },
            {
              "alg_id": 3,
              "split_k": 1,
              "lat_us": 11.161600112915039,
              "tops": 4.509357929229736,
              "workspace": 12288
            },
            {
              "alg_id": 2,
              "split_k": 1,
              "lat_us": 14.929920196533203,
              "tops": 3.3711934089660645,
              "workspace": 12288
            }
          ],
          "num_valid": 4,
          "alg_count": 4,
          "config_count": 3,
          "api_result": {
            "alg_id": 1,
            "split_k": 1,
            "lat_us": 7.659519672393799,
            "rank": 1
          }
        }
      },
      "skipped": false,
      "skip_reason": null
    },
    {
      "nk_id": 3,
      "N": 512,
      "K": 768,
      "m_results": {
        "512": {
          "results": [
            {
              "alg_id": 1,
              "split_k": 1,
              "lat_us": 9.687039375305176,
              "tops": 41.56617736816406,
              "workspace": 49152
            },
            {
              "alg_id": 3,
              "split_k": 1,
              "lat_us": 13.905919075012207,
              "tops": 28.955524444580078,
              "workspace": 49152
            },
            {
              "alg_id": 2,
              "split_k": 1,
              "lat_us": 19.619840621948242,
              "tops": 20.522754669189453,
              "workspace": 49152
            }
          ],
          "num_valid": 4,
          "alg_count": 4,
          "config_count": 3,
          "api_result": {
            "alg_id": 1,
            "split_k": 1,
            "lat_us": 9.687039375305176,
            "rank": 1
          }
        }
      },
      "skipped": false,
      "skip_reason": null
    },
    {
      "nk_id": 4,
      "N": 1024,
      "K": 1536,
      "m_results": {
        "1024": {
          "results": [
            {
              "alg_id": 3,
              "split_k": 1,
              "lat_us": 19.722240447998047,
              "tops": 163.32958984375,
              "workspace": 196608
            },
            {
              "alg_id": 1,
              "split_k": 1,
              "lat_us": 21.340160369873047,
              "tops": 150.94664001464844,
              "workspace": 196608
            },
            {
              "alg_id": 2,
              "split_k": 1,
              "lat_us": 29.3887996673584,
              "tops": 109.60724639892578,
              "workspace": 196608
            }
          ],
          "num_valid": 4,
          "alg_count": 4,
          "config_count": 3,
          "api_result": {
            "alg_id": 3,
            "split_k": 1,
            "lat_us": 19.722240447998047,
            "rank": 1
          }
        }
      },
      "skipped": false,
      "skip_reason": null
    },
    {
      "nk_id": 5,
      "N": 2048,
      "K": 3072,
      "m_results": {
        "2048": {
          "results": [
            {
              "alg_id": 3,
              "split_k": 1,
              "lat_us": 90.00959777832031,
              "tops": 286.3006286621094,
              "workspace": 786432
            },
            {
              "alg_id": 2,
              "split_k": 1,
              "lat_us": 96.05120086669922,
              "tops": 268.2923583984375,
              "workspace": 786432
            },
            {
              "alg_id": 0,
              "split_k": 1,
              "lat_us": 96.91136932373047,
              "tops": 265.9110412597656,
              "workspace": 786432
            }
          ],
          "num_valid": 4,
          "alg_count": 4,
          "config_count": 3,
          "api_result": {
            "alg_id": 3,
            "split_k": 1,
            "lat_us": 90.00959777832031,
            "rank": 1
          }
        }
      },
      "skipped": false,
      "skip_reason": null
    },
    {
      "nk_id": 6,
      "N": 4096,
      "K": 6144,
      "m_results": {
        "4096": {
          "results": [
            {
              "alg_id": 2,
              "split_k": 1,
              "lat_us": 518.1849365234375,
              "tops": 397.8471984863281,
              "workspace": 3145728
            },
            {
              "alg_id": 0,
              "split_k": 1,
              "lat_us": 564.9817504882812,
              "tops": 364.8939514160156,