{
  "64_96_64": {
    "N": 64,
    "K": 96,
    "M": 64,
    "best_alg_id": 1,
    "split_k": 1,
    "lat_us": 6.246400356292725,
    "tops": 0.12590163946151733
  },
  "128_192_128": {
    "N": 128,
    "K": 192,
    "M": 128,
    "best_alg_id": 1,
    "split_k": 1,
    "lat_us": 6.7788801193237305,
    "tops": 0.9280966520309448
  },
  "256_384_256": {
    "N": 256,
    "K": 384,
    "M": 256,
    "best_alg_id": 1,
    "split_k": 1,
    "lat_us": 7.659519672393799,
    "tops": 6.571123123168945
  },
  "512_768_512": {
    "N": 512,
    "K": 768,
    "M": 512,
    "best_alg_id": 1,
    "split_k": 1,
    "lat_us": 9.687039375305176,
    "tops": 41.56617736816406
  },
  "1024_1536_1024": {
    "N": 1024,
    "K": 1536,
    "M": 1024,
    "best_alg_id": 3,
    "split_k": 1,
    "lat_us": 19.722240447998047,
    "tops": 163.32958984375
  },
  "2048_3072_2048": {
    "N": 2048,
    "K": 3072,
    "M": 2048,
    "best_alg_id": 3,
    "split_k": 1,
    "lat_us": 90.00959777832031,
    "tops": 286.3006286621094
  },
  "4096_6144_4096": {
    "N": 4096,
    "K": 6144,
    "M": 4096,
    "best_alg_id": 2,
    "split_k": 1,
    "lat_us": 518.1849365234375,
    "tops": 397.8471984863281
  },
  "8192_12288_8192": {
    "N": 8192,
    "K": 12288,
    "M": 8192,
    "best_alg_id": 0,
    "split_k": 1,
    "lat_us": 4489.78955078125,
    "tops": 367.3373718261719
  },
  "16384_24576_16384": {
    "N": 16384,
    "K": 24576,
    "M": 16384,
    "best_alg_id": 0,
    "split_k": 1,
    "lat_us": 45923.46875,
    "tops": 287.30712890625
  },
  "32768_49152_32768": {
    "N": 32768,
    "K": 49152,
    "M": 32768,
    "best_alg_id": 0,
    "split_k": 1,
    "lat_us": 424936.03125,
    "tops": 248.3976593017578
  }
}