{
    "elapsed_time": 2.5345570760000555,
    "num_requests": 64,
    "total_num_tokens": 17408,
    "requests_per_second": 25.250960258903476,
    "tokens_per_second": 6868.261190421746
}