{
    "elapsed_time": 3.1334595580001405,
    "num_requests": 128,
    "total_num_tokens": 34816,
    "requests_per_second": 40.84941823270031,
    "tokens_per_second": 11111.041759294485
}