{
    "elapsed_time": 4.210489802999291,
    "num_requests": 256,
    "total_num_tokens": 69632,
    "requests_per_second": 60.80052724926243,
    "tokens_per_second": 16537.74341179938
}