{
    "elapsed_time": 8.379268097999557,
    "num_requests": 512,
    "total_num_tokens": 139264,
    "requests_per_second": 61.103188728647254,
    "tokens_per_second": 16620.067334192052
}