{
    "elapsed_time": 1.761715289001586,
    "num_requests": 64,
    "total_num_tokens": 17408,
    "requests_per_second": 36.32823101414453,
    "tokens_per_second": 9881.278835847312
}