{
    "elapsed_time": 6.657146462999663,
    "num_requests": 512,
    "total_num_tokens": 139264,
    "requests_per_second": 76.90982958624835,
    "tokens_per_second": 20919.473647459552
}