{
    "elapsed_time": 3.566956657999981,
    "num_requests": 256,
    "total_num_tokens": 69632,
    "requests_per_second": 71.7698656152276,
    "tokens_per_second": 19521.40344734191
}