{
    "elapsed_time": 11.006544132000272,
    "num_requests": 512,
    "total_num_tokens": 139264,
    "requests_per_second": 46.51778013694766,
    "tokens_per_second": 12652.836197249762
}