{
    "elapsed_time": 2.4735958589990332,
    "num_requests": 128,
    "total_num_tokens": 34816,
    "requests_per_second": 51.746529059842686,
    "tokens_per_second": 14075.05590427721
}