{
    "elapsed_time": 3.1695241919987893,
    "num_requests": 64,
    "total_num_tokens": 17408,
    "requests_per_second": 20.1923052556478,
    "tokens_per_second": 5492.307029536201
}