{
    "elapsed_time": 3.6938034769991646,
    "num_requests": 128,
    "total_num_tokens": 34816,
    "requests_per_second": 34.65262859733589,
    "tokens_per_second": 9425.514978475363
}