{
    "elapsed_time": 1.4305626709992794,
    "num_requests": 16,
    "total_num_tokens": 4352,
    "requests_per_second": 11.184410389251699,
    "tokens_per_second": 3042.159625876462
}