{
    "elapsed_time": 5.492354770998645,
    "num_requests": 256,
    "total_num_tokens": 69632,
    "requests_per_second": 46.61024472631671,
    "tokens_per_second": 12677.986565558143
}