{
    "elapsed_time": 14.094304133999685,
    "num_requests": 512,
    "total_num_tokens": 139264,
    "requests_per_second": 36.326731361281084,
    "tokens_per_second": 9880.870930268455
}