{
    "elapsed_time": 12.843203154996445,
    "num_requests": 128,
    "total_num_tokens": 34816,
    "requests_per_second": 9.96636107482296,
    "tokens_per_second": 2710.850212351845
}