{
    "elapsed_time": 9.997285220000776,
    "num_requests": 64,
    "total_num_tokens": 17408,
    "requests_per_second": 6.401737931009538,
    "tokens_per_second": 1741.2727172345942
}