{
    "elapsed_time": 3.8824405250052223,
    "num_requests": 64,
    "total_num_tokens": 17408,
    "requests_per_second": 16.4844766037759,
    "tokens_per_second": 4483.777636227044
}