{
    "elapsed_time": 4.647078773006797,
    "num_requests": 128,
    "total_num_tokens": 34816,
    "requests_per_second": 27.544185552331456,
    "tokens_per_second": 7492.018470234156
}