{
    "elapsed_time": 7.090312334999908,
    "num_requests": 256,
    "total_num_tokens": 69632,
    "requests_per_second": 36.105602673708354,
    "tokens_per_second": 9820.723927248673
}