{
    "elapsed_time": 25.544278646004386,
    "num_requests": 256,
    "total_num_tokens": 69632,
    "requests_per_second": 10.021813633795578,
    "tokens_per_second": 2725.933308392397
}