{
    "elapsed_time": 82.48162162700464,
    "num_requests": 512,
    "total_num_tokens": 139264,
    "requests_per_second": 6.2074434267957,
    "tokens_per_second": 1688.4246120884304
}