{
    "elapsed_time": 1.3525842420058325,
    "num_requests": 128,
    "total_num_tokens": 34816,
    "requests_per_second": 94.633662011455,
    "tokens_per_second": 25740.356067115757
}