{
    "elapsed_time": 2.1349281090078875,
    "num_requests": 256,
    "total_num_tokens": 69632,
    "requests_per_second": 119.91036087813025,
    "tokens_per_second": 32615.61815885143
}