{
    "elapsed_time": 0.9066446128999814,
    "num_requests": 16,
    "total_num_tokens": 4352,
    "requests_per_second": 17.64748808115962,
    "tokens_per_second": 4800.116758075416
}