{
    "elapsed_time": 2.1860029089730233,
    "num_requests": 256,
    "total_num_tokens": 69632,
    "requests_per_second": 117.10871881696988,
    "tokens_per_second": 31853.57151821581
}