{
    "elapsed_time": 0.88395978405606,
    "num_requests": 16,
    "total_num_tokens": 4352,
    "requests_per_second": 18.10037095418958,
    "tokens_per_second": 4923.300899539565
}