{
    "elapsed_time": 1.3175074720056728,
    "num_requests": 128,
    "total_num_tokens": 34816,
    "requests_per_second": 97.1531492000896,
    "tokens_per_second": 26425.656582424373
}