{
    "elapsed_time": 3.8421237400034443,
    "num_requests": 512,
    "total_num_tokens": 524800,
    "requests_per_second": 133.25963312143116,
    "tokens_per_second": 136591.12394946694
}