{
    "elapsed_time": 4.28438568697311,
    "num_requests": 1024,
    "total_num_tokens": 1049600,
    "requests_per_second": 239.00742715893284,
    "tokens_per_second": 244982.61283790617
}