{
    "elapsed_time": 3.86439598799916,
    "num_requests": 128,
    "total_num_tokens": 65664,
    "requests_per_second": 33.122899515862926,
    "tokens_per_second": 16992.04745163768
}