{
    "elapsed_time": 3.645912296953611,
    "num_requests": 256,
    "total_num_tokens": 262400,
    "requests_per_second": 70.21562208556253,
    "tokens_per_second": 71971.0126377016
}