{
    "elapsed_time": 14.265468613011762,
    "num_requests": 4096,
    "total_num_tokens": 4198400,
    "requests_per_second": 287.1269154287699,
    "tokens_per_second": 294305.08831448917
}