{
    "elapsed_time": 7.534673830028623,
    "num_requests": 2048,
    "total_num_tokens": 2099200,
    "requests_per_second": 271.8100406467389,
    "tokens_per_second": 278605.2916629074
}