{
    "elapsed_time": 3.8785863330122083,
    "num_requests": 128,
    "total_num_tokens": 131200,
    "requests_per_second": 33.001714802772476,
    "tokens_per_second": 33826.757672841784
}