{
    "elapsed_time": 3.3858448219834827,
    "num_requests": 1024,
    "total_num_tokens": 1049600,
    "requests_per_second": 302.43559697461984,
    "tokens_per_second": 309996.48689898534
}