{
    "elapsed_time": 8.75107287504943,
    "num_requests": 2048,
    "total_num_tokens": 2099200,
    "requests_per_second": 234.02844762487842,
    "tokens_per_second": 239879.15881550038
}