{
    "elapsed_time": 3.7541842209757306,
    "num_requests": 128,
    "total_num_tokens": 65664,
    "requests_per_second": 34.09529007256127,
    "tokens_per_second": 17490.883807223934
}