{
    "elapsed_time": 17.578636266000103,
    "num_requests": 8192,
    "total_num_tokens": 8396800,
    "requests_per_second": 466.0202234142952,
    "tokens_per_second": 477670.72899965255
}