{
    "elapsed_time": 3.405270025948994,
    "num_requests": 256,
    "total_num_tokens": 262400,
    "requests_per_second": 75.17759180599985,
    "tokens_per_second": 77057.03160114985
}