{
    "elapsed_time": 3.674789725046139,
    "num_requests": 128,
    "total_num_tokens": 131200,
    "requests_per_second": 34.83192497453521,
    "tokens_per_second": 35702.72309889859
}