{
    "elapsed_time": 8.753651793987956,
    "num_requests": 4096,
    "total_num_tokens": 4198400,
    "requests_per_second": 467.91900070929825,
    "tokens_per_second": 479616.97572703066
}