{
    "elapsed_time": 4.453417485987302,
    "num_requests": 2048,
    "total_num_tokens": 2099200,
    "requests_per_second": 459.87154953337324,
    "tokens_per_second": 471368.3382717076
}