{
    "elapsed_time": 4.8461520000128075,
    "num_requests": 1024,
    "total_num_tokens": 1049600,
    "requests_per_second": 211.3016677969023,
    "tokens_per_second": 216584.20949182488
}