{
    "elapsed_time": 3.687375220004469,
    "num_requests": 512,
    "total_num_tokens": 524800,
    "requests_per_second": 138.8521561956419,
    "tokens_per_second": 142323.46010053295
}