{
    "elapsed_time": 3.232657737971749,
    "num_requests": 128,
    "total_num_tokens": 65664,
    "requests_per_second": 39.59590231173388,
    "tokens_per_second": 20312.697885919482
}