{
    "elapsed_time": 3.414276074967347,
    "num_requests": 128,
    "total_num_tokens": 131200,
    "requests_per_second": 37.48964559089562,
    "tokens_per_second": 38426.88673066801
}