{
    "elapsed_time": 3.213479684025515,
    "num_requests": 512,
    "total_num_tokens": 524800,
    "requests_per_second": 159.32884298139373,
    "tokens_per_second": 163312.06405592858
}