{
    "elapsed_time": 32.95408416399732,
    "num_requests": 8192,
    "total_num_tokens": 8396800,
    "requests_per_second": 248.58830727117717,
    "tokens_per_second": 254803.0149529566
}