{
    "elapsed_time": 16.798594582010992,
    "num_requests": 4096,
    "total_num_tokens": 4198400,
    "requests_per_second": 243.82992160464772,
    "tokens_per_second": 249925.6696447639
}