{
    "elapsed_time": 3.809785021992866,
    "num_requests": 256,
    "total_num_tokens": 262400,
    "requests_per_second": 67.19539252797225,
    "tokens_per_second": 68875.27734117155
}