{
    "elapsed_time": 8.194166850997135,
    "num_requests": 512,
    "total_num_tokens": 524800,
    "requests_per_second": 62.48347261048212,
    "tokens_per_second": 64045.55942574417
}