{
    "elapsed_time": 3.311577960033901,
    "num_requests": 256,
    "total_num_tokens": 262400,
    "requests_per_second": 77.30453671620018,
    "tokens_per_second": 79237.15013410519
}