{
    "elapsed_time": 113.71911905100569,
    "num_requests": 8192,
    "total_num_tokens": 8396800,
    "requests_per_second": 72.03713912280394,
    "tokens_per_second": 73838.06760087403
}