{
    "elapsed_time": 16.073401655012276,
    "num_requests": 2048,
    "total_num_tokens": 2099200,
    "requests_per_second": 127.4154683592666,
    "tokens_per_second": 130600.85506824826
}