{
    "elapsed_time": 5.477416691021062,
    "num_requests": 128,
    "total_num_tokens": 131200,
    "requests_per_second": 23.368680387202588,
    "tokens_per_second": 23952.897396882654
}