{
    "elapsed_time": 8.265786801988725,
    "num_requests": 1024,
    "total_num_tokens": 1049600,
    "requests_per_second": 123.88415338194163,
    "tokens_per_second": 126981.25721649018
}