{
    "elapsed_time": 29.521906548994593,
    "num_requests": 2048,
    "total_num_tokens": 2099200,
    "requests_per_second": 69.37221336302032,
    "tokens_per_second": 71106.51869709583
}