{
    "elapsed_time": 5.377547208976466,
    "num_requests": 128,
    "total_num_tokens": 65664,
    "requests_per_second": 23.802673417043387,
    "tokens_per_second": 12210.771462943258
}