{
    "elapsed_time": 15.038325448986143,
    "num_requests": 1024,
    "total_num_tokens": 1049600,
    "requests_per_second": 68.09268781113101,
    "tokens_per_second": 69795.00500640928
}