{
    "elapsed_time": 3.225391148997005,
    "num_requests": 128,
    "total_num_tokens": 131200,
    "requests_per_second": 39.68510921219709,
    "tokens_per_second": 40677.236942502015
}