{
    "elapsed_time": 57.490000163030345,
    "num_requests": 4096,
    "total_num_tokens": 4198400,
    "requests_per_second": 71.24717321942161,
    "tokens_per_second": 73028.35254990715
}