{
    "elapsed_time": 4.454402411007322,
    "num_requests": 512,
    "total_num_tokens": 524800,
    "requests_per_second": 114.9424665213882,
    "tokens_per_second": 117816.0281844229
}