{
    "elapsed_time": 5.6376767689944245,
    "num_requests": 256,
    "total_num_tokens": 262400,
    "requests_per_second": 45.40877572263902,
    "tokens_per_second": 46543.995115704995
}