{
    "elapsed_time": 31.170608246990014,
    "num_requests": 4096,
    "total_num_tokens": 4198400,
    "requests_per_second": 131.4058412830468,
    "tokens_per_second": 134690.987315123
}