{
    "elapsed_time": 3.4315014740568586,
    "num_requests": 128,
    "total_num_tokens": 65664,
    "requests_per_second": 37.3014556361747,
    "tokens_per_second": 19135.64674135762
}