{
    "elapsed_time": 4.6352610280009685,
    "num_requests": 1,
    "total_num_tokens": 528,
    "requests_per_second": 0.21573758067973708,
    "tokens_per_second": 113.90944259890118
}