{
    "elapsed_time": 2.5141551189990423,
    "num_requests": 1,
    "total_num_tokens": 528,
    "requests_per_second": 0.3977479322748108,
    "tokens_per_second": 210.0109082411001
}