{
    "elapsed_time": 8.189811272000952,
    "num_requests": 1,
    "total_num_tokens": 528,
    "requests_per_second": 0.12210293580497586,
    "tokens_per_second": 64.47035010502725
}