{
    "elapsed_time": 2.6870270930230618,
    "num_requests": 256,
    "total_num_tokens": 69632,
    "requests_per_second": 95.27257862963529,
    "tokens_per_second": 25914.1413872608
}