{
    "elapsed_time": 1.6752158049494028,
    "num_requests": 128,
    "total_num_tokens": 34816,
    "requests_per_second": 76.4080661260631,
    "tokens_per_second": 20782.993986289162
}