{
    "elapsed_time": 1.1005048870574683,
    "num_requests": 16,
    "total_num_tokens": 4352,
    "requests_per_second": 14.53878141584707,
    "tokens_per_second": 3954.548545110403
}