{
    "elapsed_time": 1.580864598043263,
    "num_requests": 128,
    "total_num_tokens": 34816,
    "requests_per_second": 80.968351216438,
    "tokens_per_second": 22023.391530871137
}