{
    "elapsed_time": 1.0609157280996442,
    "num_requests": 16,
    "total_num_tokens": 4352,
    "requests_per_second": 15.081310962049603,
    "tokens_per_second": 4102.116581677492
}