{
    "elapsed_time": 2.3771207500249147,
    "num_requests": 256,
    "total_num_tokens": 69632,
    "requests_per_second": 107.69330922601085,
    "tokens_per_second": 29292.580109474955
}