{
    "elapsed_time": 1.5864404830008425,
    "num_requests": 128,
    "total_num_tokens": 32896,
    "requests_per_second": 80.68377059937396,
    "tokens_per_second": 20735.729044039108
}