{
    "elapsed_time": 1.5734076370008552,
    "num_requests": 128,
    "total_num_tokens": 2176,
    "requests_per_second": 81.35209019576561,
    "tokens_per_second": 1382.9855333280152
}