{
    "elapsed_time": 1.7300475320007536,
    "num_requests": 128,
    "total_num_tokens": 16512,
    "requests_per_second": 73.98640651911536,
    "tokens_per_second": 9544.246440965882
}