{
    "elapsed_time": 72.43688492709771,
    "num_requests": 1024,
    "total_num_tokens": 1049600,
    "requests_per_second": 14.136444451339662,
    "tokens_per_second": 14489.855562623154
}