{
    "elapsed_time": 4.6445990349166095,
    "num_requests": 128,
    "total_num_tokens": 65664,
    "requests_per_second": 27.558891313919016,
    "tokens_per_second": 14137.711244040456
}