{
    "elapsed_time": 292.0739497547038,
    "num_requests": 4096,
    "total_num_tokens": 4198400,
    "requests_per_second": 14.023845685108158,
    "tokens_per_second": 14374.441827235863
}