{
    "elapsed_time": 142.3376977541484,
    "num_requests": 2048,
    "total_num_tokens": 2099200,
    "requests_per_second": 14.388317587779106,
    "tokens_per_second": 14748.025527473585
}