{
    "elapsed_time": 8.73977503972128,
    "num_requests": 128,
    "total_num_tokens": 131200,
    "requests_per_second": 14.645685892171665,
    "tokens_per_second": 15011.828039475955
}