{
    "elapsed_time": 36.38920029671863,
    "num_requests": 512,
    "total_num_tokens": 524800,
    "requests_per_second": 14.07010859884627,
    "tokens_per_second": 14421.861313817426
}