{
    "elapsed_time": 17.250234458129853,
    "num_requests": 256,
    "total_num_tokens": 262400,
    "requests_per_second": 14.840378003056642,
    "tokens_per_second": 15211.387453133058
}