{
    "elapsed_time": 142.59472954506055,
    "num_requests": 4096,
    "total_num_tokens": 4198400,
    "requests_per_second": 28.724764323814973,
    "tokens_per_second": 29442.883431910348
}