{
    "elapsed_time": 4.732894882094115,
    "num_requests": 128,
    "total_num_tokens": 131200,
    "requests_per_second": 27.044758691823123,
    "tokens_per_second": 27720.8776591187
}