{
    "elapsed_time": 5.458335896022618,
    "num_requests": 128,
    "total_num_tokens": 65664,
    "requests_per_second": 23.450370669432616,
    "tokens_per_second": 12030.040153418933
}