{
    "elapsed_time": 684.3873169659637,
    "num_requests": 8192,
    "total_num_tokens": 8396800,
    "requests_per_second": 11.969830236359288,
    "tokens_per_second": 12269.07599226827
}