{
    "elapsed_time": 43.24348324071616,
    "num_requests": 512,
    "total_num_tokens": 524800,
    "requests_per_second": 11.839934289056607,
    "tokens_per_second": 12135.932646283023
}