{
    "elapsed_time": 18.083796175196767,
    "num_requests": 512,
    "total_num_tokens": 524800,
    "requests_per_second": 28.312639394943247,
    "tokens_per_second": 29020.455379816827
}