{
    "elapsed_time": 10.378180684987456,
    "num_requests": 128,
    "total_num_tokens": 131200,
    "requests_per_second": 12.333568270319116,
    "tokens_per_second": 12641.907477077095
}