{
    "elapsed_time": 2.6563940960913897,
    "num_requests": 128,
    "total_num_tokens": 65664,
    "requests_per_second": 48.18562132340936,
    "tokens_per_second": 24719.223738909
}