{
    "elapsed_time": 36.848376689013094,
    "num_requests": 1024,
    "total_num_tokens": 1049600,
    "requests_per_second": 27.789555253469857,
    "tokens_per_second": 28484.2941348066
}