{
    "elapsed_time": 88.3348193387501,
    "num_requests": 1024,
    "total_num_tokens": 1049600,
    "requests_per_second": 11.592257817080279,
    "tokens_per_second": 11882.064262507287
}