{
    "elapsed_time": 20.75783848715946,
    "num_requests": 256,
    "total_num_tokens": 262400,
    "requests_per_second": 12.332690619900449,
    "tokens_per_second": 12641.00788539796
}