{
    "elapsed_time": 287.3566882619634,
    "num_requests": 8192,
    "total_num_tokens": 8396800,
    "requests_per_second": 28.508123647819584,
    "tokens_per_second": 29220.826739015076
}