{
    "elapsed_time": 356.37774468492717,
    "num_requests": 4096,
    "total_num_tokens": 4198400,
    "requests_per_second": 11.493422530133763,
    "tokens_per_second": 11780.758093387107
}