{
    "elapsed_time": 72.51707550883293,
    "num_requests": 2048,
    "total_num_tokens": 2099200,
    "requests_per_second": 28.241624274417184,
    "tokens_per_second": 28947.664881277615
}