{
    "elapsed_time": 171.8371204067953,
    "num_requests": 2048,
    "total_num_tokens": 2099200,
    "requests_per_second": 11.918263033922512,
    "tokens_per_second": 12216.219609770575
}