{
    "elapsed_time": 9.220243282150477,
    "num_requests": 256,
    "total_num_tokens": 262400,
    "requests_per_second": 27.764994064266382,
    "tokens_per_second": 28459.118915873045
}