{
    "elapsed_time": 161.7874185051769,
    "num_requests": 512,
    "total_num_tokens": 524800,
    "requests_per_second": 3.164646575924054,
    "tokens_per_second": 3243.7627403221554
}