{
    "elapsed_time": 20.013061597943306,
    "num_requests": 128,
    "total_num_tokens": 65664,
    "requests_per_second": 6.395823016562056,
    "tokens_per_second": 3281.0572074963347
}