{
    "elapsed_time": 81.31923058303073,
    "num_requests": 256,
    "total_num_tokens": 262400,
    "requests_per_second": 3.1480868444594057,
    "tokens_per_second": 3226.7890155708906
}