{
    "elapsed_time": 700.9728173362091,
    "num_requests": 4096,
    "total_num_tokens": 4198400,
    "requests_per_second": 5.843307898251105,
    "tokens_per_second": 5989.390595707383
}