{
    "elapsed_time": 21.92642936296761,
    "num_requests": 128,
    "total_num_tokens": 131200,
    "requests_per_second": 5.837703799424093,
    "tokens_per_second": 5983.646394409695
}