{
    "elapsed_time": 321.46592010278255,
    "num_requests": 1024,
    "total_num_tokens": 1049600,
    "requests_per_second": 3.185407646548025,
    "tokens_per_second": 3265.0428377117255
}