{
    "elapsed_time": 1330.9294258668087,
    "num_requests": 4096,
    "total_num_tokens": 4198400,
    "requests_per_second": 3.077548606555418,
    "tokens_per_second": 3154.4873217193035
}