{
    "elapsed_time": 89.77092280378565,
    "num_requests": 512,
    "total_num_tokens": 524800,
    "requests_per_second": 5.703405780055197,
    "tokens_per_second": 5845.990924556577
}