{
    "elapsed_time": 44.00969909131527,
    "num_requests": 256,
    "total_num_tokens": 262400,
    "requests_per_second": 5.816899576359935,
    "tokens_per_second": 5962.3220657689335
}