{
    "elapsed_time": 2629.8096145270392,
    "num_requests": 8192,
    "total_num_tokens": 8396800,
    "requests_per_second": 3.115054395857207,
    "tokens_per_second": 3192.9307557536367
}