{
    "elapsed_time": 11.560888804029673,
    "num_requests": 128,
    "total_num_tokens": 65664,
    "requests_per_second": 11.071813090649588,
    "tokens_per_second": 5679.840115503239
}