{
    "elapsed_time": 174.94936131173745,
    "num_requests": 1024,
    "total_num_tokens": 1049600,
    "requests_per_second": 5.853122253903875,
    "tokens_per_second": 5999.450310251472
}