{
    "elapsed_time": 639.8566303681582,
    "num_requests": 2048,
    "total_num_tokens": 2099200,
    "requests_per_second": 3.2007170087799666,
    "tokens_per_second": 3280.7349339994657
}