{
    "elapsed_time": 40.48771970300004,
    "num_requests": 128,
    "total_num_tokens": 131200,
    "requests_per_second": 3.1614524339466694,
    "tokens_per_second": 3240.488744795336
}