{
    "elapsed_time": 349.3734898143448,
    "num_requests": 2048,
    "total_num_tokens": 2099200,
    "requests_per_second": 5.861921581652621,
    "tokens_per_second": 6008.469621193937
}