{
    "elapsed_time": 16.578209788072854,
    "num_requests": 256,
    "total_num_tokens": 262400,
    "requests_per_second": 15.441956838076598,
    "tokens_per_second": 15828.005759028512
}