{
    "elapsed_time": 137.18522097496316,
    "num_requests": 2048,
    "total_num_tokens": 2099200,
    "requests_per_second": 14.928721807240214,
    "tokens_per_second": 15301.93985242122
}