{
    "elapsed_time": 70.00957784987986,
    "num_requests": 1024,
    "total_num_tokens": 1049600,
    "requests_per_second": 14.626570127243772,
    "tokens_per_second": 14992.234380424865
}