{
    "elapsed_time": 277.0751585722901,
    "num_requests": 4096,
    "total_num_tokens": 4198400,
    "requests_per_second": 14.782992532083442,
    "tokens_per_second": 15152.567345385529
}