{
    "elapsed_time": 4.622412641067058,
    "num_requests": 128,
    "total_num_tokens": 65664,
    "requests_per_second": 27.691166916342613,
    "tokens_per_second": 14205.568628083762
}