{
    "elapsed_time": 8.474814329762012,
    "num_requests": 128,
    "total_num_tokens": 131200,
    "requests_per_second": 15.103575726784621,
    "tokens_per_second": 15481.165119954238
}