{
    "elapsed_time": 35.25162193039432,
    "num_requests": 512,
    "total_num_tokens": 524800,
    "requests_per_second": 14.524154406596201,
    "tokens_per_second": 14887.258266761108
}