{
    "elapsed_time": 2.488826321903616,
    "num_requests": 128,
    "total_num_tokens": 65664,
    "requests_per_second": 51.42986429928838,
    "tokens_per_second": 26383.52038553494
}