{
    "elapsed_time": 5.4093318791128695,
    "num_requests": 128,
    "total_num_tokens": 65664,
    "requests_per_second": 23.662811389748192,
    "tokens_per_second": 12139.022242940822
}