{
    "elapsed_time": 40.57658260175958,
    "num_requests": 512,
    "total_num_tokens": 524800,
    "requests_per_second": 12.618115355475929,
    "tokens_per_second": 12933.568239362827
}