{
    "elapsed_time": 1.9591200039722025,
    "num_requests": 128,
    "total_num_tokens": 32896,
    "requests_per_second": 65.33545660320671,
    "tokens_per_second": 16791.212347024124
}