{
    "elapsed_time": 271.67314729793,
    "num_requests": 8192,
    "total_num_tokens": 8396800,
    "requests_per_second": 30.153881903595924,
    "tokens_per_second": 30907.72895118582
}