{
    "elapsed_time": 1.534898933954537,
    "num_requests": 128,
    "total_num_tokens": 2176,
    "requests_per_second": 83.39311284178096,
    "tokens_per_second": 1417.6829183102764
}