{
    "elapsed_time": 1.7289745709858835,
    "num_requests": 128,
    "total_num_tokens": 16512,
    "requests_per_second": 74.03232074547675,
    "tokens_per_second": 9550.169376166501
}