{
    "elapsed_time": 322.96980836009607,
    "num_requests": 4096,
    "total_num_tokens": 4198400,
    "requests_per_second": 12.682299998249848,
    "tokens_per_second": 12999.357498206095
}