{
    "elapsed_time": 160.96369821531698,
    "num_requests": 2048,
    "total_num_tokens": 2099200,
    "requests_per_second": 12.723365719768958,
    "tokens_per_second": 13041.449862763182
}