{
    "elapsed_time": 69.38098979694769,
    "num_requests": 2048,
    "total_num_tokens": 2099200,
    "requests_per_second": 29.51817213899273,
    "tokens_per_second": 30256.126442467546
}