{
    "elapsed_time": 8.65836326405406,
    "num_requests": 256,
    "total_num_tokens": 262400,
    "requests_per_second": 29.566789033073494,
    "tokens_per_second": 30305.95875890033
}