{
    "elapsed_time": 9.83123832801357,
    "num_requests": 128,
    "total_num_tokens": 131200,
    "requests_per_second": 13.019723022609583,
    "tokens_per_second": 13345.216098174822
}