{
    "elapsed_time": 720.7665678188205,
    "num_requests": 8192,
    "total_num_tokens": 8396800,
    "requests_per_second": 11.365676996909807,
    "tokens_per_second": 11649.818921832551
}