{
    "elapsed_time": 4.60391109995544,
    "num_requests": 128,
    "total_num_tokens": 131200,
    "requests_per_second": 27.80244822738625,
    "tokens_per_second": 28497.509433070907
}