{
    "elapsed_time": 17.770893312990665,
    "num_requests": 512,
    "total_num_tokens": 524800,
    "requests_per_second": 28.81115715357561,
    "tokens_per_second": 29531.436082415003
}