{
    "elapsed_time": 81.41205395385623,
    "num_requests": 1024,
    "total_num_tokens": 1049600,
    "requests_per_second": 12.5779899937225,
    "tokens_per_second": 12892.439743565563
}