{
    "elapsed_time": 35.75810332596302,
    "num_requests": 1024,
    "total_num_tokens": 1049600,
    "requests_per_second": 28.63686562638518,
    "tokens_per_second": 29352.78726704481
}