{
    "elapsed_time": 19.400315540842712,
    "num_requests": 256,
    "total_num_tokens": 262400,
    "requests_per_second": 13.195661661329858,
    "tokens_per_second": 13525.553202863104
}