{
    "elapsed_time": 136.36176856933162,
    "num_requests": 4096,
    "total_num_tokens": 4198400,
    "requests_per_second": 30.037744765076397,
    "tokens_per_second": 30788.688384203306
}