{
    "elapsed_time": 148.97996951593086,
    "num_requests": 512,
    "total_num_tokens": 524800,
    "requests_per_second": 3.4367036163559583,
    "tokens_per_second": 3522.621206764857
}