{
    "elapsed_time": 11.0384288309142,
    "num_requests": 128,
    "total_num_tokens": 65664,
    "requests_per_second": 11.595853174459346,
    "tokens_per_second": 5948.672678497645
}