{
    "elapsed_time": 300.765189204365,
    "num_requests": 1024,
    "total_num_tokens": 1049600,
    "requests_per_second": 3.404649330292705,
    "tokens_per_second": 3489.7655635500223
}