{
    "elapsed_time": 42.41947520058602,
    "num_requests": 256,
    "total_num_tokens": 262400,
    "requests_per_second": 6.034963864816116,
    "tokens_per_second": 6185.8379614365185
}