{
    "elapsed_time": 19.39465686492622,
    "num_requests": 128,
    "total_num_tokens": 65664,
    "requests_per_second": 6.599755844687223,
    "tokens_per_second": 3385.674748324546
}