{
    "elapsed_time": 38.18940153112635,
    "num_requests": 128,
    "total_num_tokens": 131200,
    "requests_per_second": 3.3517152630861036,
    "tokens_per_second": 3435.508144663256
}