{
    "elapsed_time": 335.07563100289553,
    "num_requests": 2048,
    "total_num_tokens": 2099200,
    "requests_per_second": 6.112052953150456,
    "tokens_per_second": 6264.854276979217
}