{
    "elapsed_time": 169.53033252898604,
    "num_requests": 1024,
    "total_num_tokens": 1049600,
    "requests_per_second": 6.040217020307667,
    "tokens_per_second": 6191.222445815359
}