{
    "elapsed_time": 2403.2357021719217,
    "num_requests": 8192,
    "total_num_tokens": 8396800,
    "requests_per_second": 3.4087376417537776,
    "tokens_per_second": 3493.956082797622
}