{
    "elapsed_time": 86.7056992398575,
    "num_requests": 512,
    "total_num_tokens": 524800,
    "requests_per_second": 5.905032823547546,
    "tokens_per_second": 6052.658644136234
}