{
    "elapsed_time": 21.156551555730402,
    "num_requests": 128,
    "total_num_tokens": 131200,
    "requests_per_second": 6.05013532866278,
    "tokens_per_second": 6201.388711879349
}