{
    "elapsed_time": 1218.6738325441256,
    "num_requests": 4096,
    "total_num_tokens": 4198400,
    "requests_per_second": 3.361030565043902,
    "tokens_per_second": 3445.0563291699996
}