{
    "elapsed_time": 78.15540871303529,
    "num_requests": 256,
    "total_num_tokens": 262400,
    "requests_per_second": 3.2755250623787293,
    "tokens_per_second": 3357.413188938198
}