{
    "elapsed_time": 599.7349942079745,
    "num_requests": 2048,
    "total_num_tokens": 2099200,
    "requests_per_second": 3.4148415879994487,
    "tokens_per_second": 3500.212627699435
}