{
    "elapsed_time": 661.0675922231749,
    "num_requests": 4096,
    "total_num_tokens": 4198400,
    "requests_per_second": 6.1960381180162285,
    "tokens_per_second": 6350.939070966634
}