{
    "elapsed_time": 1.548384615976829,
    "num_requests": 64,
    "total_num_tokens": 17408,
    "requests_per_second": 41.33339955694686,
    "tokens_per_second": 11242.684679489546
}