{
    "elapsed_time": 1.7474451719899662,
    "num_requests": 128,
    "total_num_tokens": 34816,
    "requests_per_second": 73.24979464404905,
    "tokens_per_second": 19923.944143181343
}