{
    "elapsed_time": 4.01202258100966,
    "num_requests": 512,
    "total_num_tokens": 139264,
    "requests_per_second": 127.61643028219218,
    "tokens_per_second": 34711.66903675628
}