{
    "elapsed_time": 2.3993705980246887,
    "num_requests": 256,
    "total_num_tokens": 69632,
    "requests_per_second": 106.69464742576872,
    "tokens_per_second": 29020.94409980909
}