{
    "elapsed_time": 2.948231165006291,
    "num_requests": 512,
    "total_num_tokens": 139264,
    "requests_per_second": 173.6634515220951,
    "tokens_per_second": 47236.458814009864
}