{
    "elapsed_time": 0.6697722399840131,
    "num_requests": 16,
    "total_num_tokens": 4352,
    "requests_per_second": 23.888717753339414,
    "tokens_per_second": 6497.73122890832
}