{
    "elapsed_time": 0.8795767739647999,
    "num_requests": 64,
    "total_num_tokens": 17408,
    "requests_per_second": 72.76226691561234,
    "tokens_per_second": 19791.336601046558
}