{
    "elapsed_time": 2.232795730989892,
    "num_requests": 256,
    "total_num_tokens": 69632,
    "requests_per_second": 114.65446500406217,
    "tokens_per_second": 31186.01448110491
}