{
    "elapsed_time": 1.2294974899850786,
    "num_requests": 128,
    "total_num_tokens": 34816,
    "requests_per_second": 104.107573250559,
    "tokens_per_second": 28317.259924152047
}