{
    "elapsed_time": 1.7156787760322914,
    "num_requests": 128,
    "total_num_tokens": 34816,
    "requests_per_second": 74.60604035448584,
    "tokens_per_second": 20292.842976420146
}