{
    "elapsed_time": 1.5982182930456474,
    "num_requests": 256,
    "total_num_tokens": 69632,
    "requests_per_second": 160.1783693215982,
    "tokens_per_second": 43568.51645547472
}