{
    "elapsed_time": 4.115707605960779,
    "num_requests": 512,
    "total_num_tokens": 139264,
    "requests_per_second": 124.40145146814376,
    "tokens_per_second": 33837.194799335106
}