{
    "elapsed_time": 1.8603479950106703,
    "num_requests": 256,
    "total_num_tokens": 69632,
    "requests_per_second": 137.60866283435948,
    "tokens_per_second": 37429.55629094578
}