{
    "elapsed_time": 1.4077793369651772,
    "num_requests": 64,
    "total_num_tokens": 17408,
    "requests_per_second": 45.461670248668455,
    "tokens_per_second": 12365.57430763782
}