{
    "elapsed_time": 1.244057892006822,
    "num_requests": 128,
    "total_num_tokens": 34816,
    "requests_per_second": 102.88910252682847,
    "tokens_per_second": 27985.835887297344
}