{
    "elapsed_time": 2.907705500954762,
    "num_requests": 128,
    "total_num_tokens": 34816,
    "requests_per_second": 44.02096428196406,
    "tokens_per_second": 11973.702284694225
}