{
    "elapsed_time": 4.678214282961562,
    "num_requests": 512,
    "total_num_tokens": 139264,
    "requests_per_second": 109.44346903149471,
    "tokens_per_second": 29768.623576566562
}