{
    "elapsed_time": 7.17065783997532,
    "num_requests": 512,
    "total_num_tokens": 139264,
    "requests_per_second": 71.40209607348413,
    "tokens_per_second": 19421.370131987685
}