{
    "elapsed_time": 2.0879870839999057,
    "num_requests": 128,
    "total_num_tokens": 34816,
    "requests_per_second": 61.30306120227216,
    "tokens_per_second": 16674.432647018028
}