{
    "elapsed_time": 4.068266784015577,
    "num_requests": 256,
    "total_num_tokens": 69632,
    "requests_per_second": 62.92606006219571,
    "tokens_per_second": 17115.888336917233
}