{
    "elapsed_time": 2.3107688979944214,
    "num_requests": 64,
    "total_num_tokens": 17408,
    "requests_per_second": 27.696408782179528,
    "tokens_per_second": 7533.423188752831
}