{
    "elapsed_time": 2.7067305529490113,
    "num_requests": 256,
    "total_num_tokens": 69632,
    "requests_per_second": 94.57904840992958,
    "tokens_per_second": 25725.501167500846
}