{
    "elapsed_time": 1.4803662459598854,
    "num_requests": 64,
    "total_num_tokens": 17408,
    "requests_per_second": 43.232544766988866,
    "tokens_per_second": 11759.252176620972
}