{
    "elapsed_time": 2.2686682359781116,
    "num_requests": 128,
    "total_num_tokens": 65664,
    "requests_per_second": 56.42076614380515,
    "tokens_per_second": 28943.853031772043
}