{
    "elapsed_time": 2.858182610012591,
    "num_requests": 128,
    "total_num_tokens": 131200,
    "requests_per_second": 44.7837026058444,
    "tokens_per_second": 45903.2951709905
}