{
    "elapsed_time": 89.18573660193942,
    "num_requests": 4096,
    "total_num_tokens": 4198400,
    "requests_per_second": 45.926626342523576,
    "tokens_per_second": 47074.792001086666
}