{
    "elapsed_time": 10.36870276904665,
    "num_requests": 512,
    "total_num_tokens": 524800,
    "requests_per_second": 49.37936899189134,
    "tokens_per_second": 50613.85321668862
}