{
    "elapsed_time": 44.3707153678406,
    "num_requests": 2048,
    "total_num_tokens": 2099200,
    "requests_per_second": 46.156569327804156,
    "tokens_per_second": 47310.48356099926
}