{
    "elapsed_time": 5.295055028051138,
    "num_requests": 256,
    "total_num_tokens": 262400,
    "requests_per_second": 48.346995195292926,
    "tokens_per_second": 49555.67007517524
}