{
    "elapsed_time": 21.79292537807487,
    "num_requests": 1024,
    "total_num_tokens": 1049600,
    "requests_per_second": 46.9877257061694,
    "tokens_per_second": 48162.41884882363
}