{
    "elapsed_time": 1.800063258036971,
    "num_requests": 128,
    "total_num_tokens": 65664,
    "requests_per_second": 71.10861211599212,
    "tokens_per_second": 36478.71801550395
}