{
    "elapsed_time": 216.02816882985644,
    "num_requests": 8192,
    "total_num_tokens": 8396800,
    "requests_per_second": 37.9209806034694,
    "tokens_per_second": 38869.00511855614
}