{
    "elapsed_time": 6.289109099889174,
    "num_requests": 256,
    "total_num_tokens": 262400,
    "requests_per_second": 40.705288449283096,
    "tokens_per_second": 41722.92066051517
}