{
    "elapsed_time": 1.9793815209995955,
    "num_requests": 128,
    "total_num_tokens": 32896,
    "requests_per_second": 64.6666641281765,
    "tokens_per_second": 16619.332680941363
}