{
    "elapsed_time": 1.8398522569332272,
    "num_requests": 128,
    "total_num_tokens": 2176,
    "requests_per_second": 69.57080358906526,
    "tokens_per_second": 1182.7036610141097
}