{
    "elapsed_time": 44.83410728210583,
    "num_requests": 4096,
    "total_num_tokens": 4198400,
    "requests_per_second": 91.35901768328046,
    "tokens_per_second": 93642.99312536247
}