{
    "elapsed_time": 1.8984908398706466,
    "num_requests": 128,
    "total_num_tokens": 16512,
    "requests_per_second": 67.4219739762986,
    "tokens_per_second": 8697.434642942519
}