{
    "elapsed_time": 1.8631125369574875,
    "num_requests": 128,
    "total_num_tokens": 32896,
    "requests_per_second": 68.70223749823906,
    "tokens_per_second": 17656.47503704744
}