{
    "elapsed_time": 26.797272530850023,
    "num_requests": 1024,
    "total_num_tokens": 1049600,
    "requests_per_second": 38.21284419230102,
    "tokens_per_second": 39168.16529710855
}