{
    "elapsed_time": 13.00204119994305,
    "num_requests": 512,
    "total_num_tokens": 524800,
    "requests_per_second": 39.378432365084535,
    "tokens_per_second": 40362.89317421165
}