{
    "elapsed_time": 2.7805984390433878,
    "num_requests": 256,
    "total_num_tokens": 262400,
    "requests_per_second": 92.06651215990466,
    "tokens_per_second": 94368.17496390229
}