{
    "elapsed_time": 54.26804727502167,
    "num_requests": 2048,
    "total_num_tokens": 2099200,
    "requests_per_second": 37.738597624879844,
    "tokens_per_second": 38682.06256550184
}