{
    "elapsed_time": 108.47342007001862,
    "num_requests": 4096,
    "total_num_tokens": 4198400,
    "requests_per_second": 37.76040247791642,
    "tokens_per_second": 38704.41253986433
}