{
    "elapsed_time": 3.4941704431548715,
    "num_requests": 128,
    "total_num_tokens": 131200,
    "requests_per_second": 36.63244311700758,
    "tokens_per_second": 37548.25419493277
}