{
    "elapsed_time": 22.295207869028673,
    "num_requests": 2048,
    "total_num_tokens": 2099200,
    "requests_per_second": 91.85830479943512,
    "tokens_per_second": 94154.762419421
}