{
    "elapsed_time": 10.951300618937239,
    "num_requests": 1024,
    "total_num_tokens": 1049600,
    "requests_per_second": 93.5048754144577,
    "tokens_per_second": 95842.49729981914
}