{
    "elapsed_time": 1.968829910038039,
    "num_requests": 128,
    "total_num_tokens": 2176,
    "requests_per_second": 65.01323417903934,
    "tokens_per_second": 1105.2249810436688
}