{
    "elapsed_time": 1.867483140900731,
    "num_requests": 128,
    "total_num_tokens": 131200,
    "requests_per_second": 68.54144875346108,
    "tokens_per_second": 70254.9849722976
}