{
    "elapsed_time": 1.8758482241537422,
    "num_requests": 128,
    "total_num_tokens": 16512,
    "requests_per_second": 68.23579773238055,
    "tokens_per_second": 8802.417907477091
}