{
    "elapsed_time": 2.231900541111827,
    "num_requests": 128,
    "total_num_tokens": 65664,
    "requests_per_second": 57.350225801834554,
    "tokens_per_second": 29420.665836341126
}