{
    "elapsed_time": 89.05514983600006,
    "num_requests": 8192,
    "total_num_tokens": 8396800,
    "requests_per_second": 91.98794247256916,
    "tokens_per_second": 94287.64103438338
}