{
    "elapsed_time": 5.435788223985583,
    "num_requests": 512,
    "total_num_tokens": 524800,
    "requests_per_second": 94.1905716158669,
    "tokens_per_second": 96545.33590626359
}