{
    "elapsed_time": 0.7485182390082628,
    "num_requests": 128,
    "total_num_tokens": 65664,
    "requests_per_second": 171.00451709712718,
    "tokens_per_second": 87725.31727082624
}