{
    "elapsed_time": 1.871340167010203,
    "num_requests": 128,
    "total_num_tokens": 16512,
    "requests_per_second": 68.40017772103008,
    "tokens_per_second": 8823.62292601288
}