{
    "elapsed_time": 3.567411403171718,
    "num_requests": 128,
    "total_num_tokens": 65664,
    "requests_per_second": 35.8803584823992,
    "tokens_per_second": 18406.62390147079
}