{
    "elapsed_time": 212.6296785979066,
    "num_requests": 4096,
    "total_num_tokens": 4198400,
    "requests_per_second": 19.263538500407282,
    "tokens_per_second": 19745.126962917464
}