{
    "elapsed_time": 52.807228095130995,
    "num_requests": 1024,
    "total_num_tokens": 1049600,
    "requests_per_second": 19.39128480963416,
    "tokens_per_second": 19876.066929875014
}