{
    "elapsed_time": 6.607533114030957,
    "num_requests": 128,
    "total_num_tokens": 131200,
    "requests_per_second": 19.371828758329595,
    "tokens_per_second": 19856.124477287834
}