{
    "elapsed_time": 1.14232615288347,
    "num_requests": 128,
    "total_num_tokens": 32896,
    "requests_per_second": 112.052061205901,
    "tokens_per_second": 28797.379729916556
}