{
    "elapsed_time": 12.908162649953738,
    "num_requests": 256,
    "total_num_tokens": 262400,
    "requests_per_second": 19.832412012635857,
    "tokens_per_second": 20328.22231295175
}