{
    "elapsed_time": 26.225104270968586,
    "num_requests": 512,
    "total_num_tokens": 524800,
    "requests_per_second": 19.52327795191222,
    "tokens_per_second": 20011.359900710027
}