{
    "elapsed_time": 1.076723808888346,
    "num_requests": 128,
    "total_num_tokens": 16512,
    "requests_per_second": 118.87913961162657,
    "tokens_per_second": 15335.409009899828
}