{
    "elapsed_time": 1.7479883539490402,
    "num_requests": 128,
    "total_num_tokens": 32896,
    "requests_per_second": 73.22703249756985,
    "tokens_per_second": 18819.34735187545
}