{
    "elapsed_time": 1.0494083280209452,
    "num_requests": 128,
    "total_num_tokens": 16512,
    "requests_per_second": 121.97349361748655,
    "tokens_per_second": 15734.580676655765
}