{
    "elapsed_time": 1.0685499599203467,
    "num_requests": 128,
    "total_num_tokens": 32896,
    "requests_per_second": 119.78850292553616,
    "tokens_per_second": 30785.645251862792
}