{
    "elapsed_time": 0.9345922879874706,
    "num_requests": 128,
    "total_num_tokens": 2176,
    "requests_per_second": 136.95811707972922,
    "tokens_per_second": 2328.2879903553967
}