{
    "elapsed_time": 1.0289521550294012,
    "num_requests": 128,
    "total_num_tokens": 2176,
    "requests_per_second": 124.39839828737473,
    "tokens_per_second": 2114.7727708853704
}