{
    "elapsed_time": 106.14582697697915,
    "num_requests": 2048,
    "total_num_tokens": 2099200,
    "requests_per_second": 19.294211165213014,
    "tokens_per_second": 19776.56644434334
}