{
    "elapsed_time": 1.8777882389258593,
    "num_requests": 128,
    "total_num_tokens": 2176,
    "requests_per_second": 68.16530072273704,
    "tokens_per_second": 1158.8101122865298
}