{
    "elapsed_time": 0.588773534167558,
    "num_requests": 128,
    "total_num_tokens": 16512,
    "requests_per_second": 217.40107625756954,
    "tokens_per_second": 28044.738837226472
}