{
    "elapsed_time": 0.5811339840292931,
    "num_requests": 128,
    "total_num_tokens": 2176,
    "requests_per_second": 220.25901688370016,
    "tokens_per_second": 3744.4032870229025
}