{
    "elapsed_time": 0.6687658809823915,
    "num_requests": 128,
    "total_num_tokens": 2176,
    "requests_per_second": 191.39732399621357,
    "tokens_per_second": 3253.754507935631
}