{
    "elapsed_time": 0.6972634579287842,
    "num_requests": 128,
    "total_num_tokens": 16512,
    "requests_per_second": 183.57480023436625,
    "tokens_per_second": 23681.149230233248
}