{
    "elapsed_time": 0.6721284999512136,
    "num_requests": 128,
    "total_num_tokens": 2176,
    "requests_per_second": 190.43977455098374,
    "tokens_per_second": 3237.4761673667235
}