{
    "elapsed_time": 0.7094685939373448,
    "num_requests": 128,
    "total_num_tokens": 32896,
    "requests_per_second": 180.41672470607492,
    "tokens_per_second": 46367.098249461254
}