{
    "elapsed_time": 0.7387585469987243,
    "num_requests": 128,
    "total_num_tokens": 32896,
    "requests_per_second": 173.2636468573013,
    "tokens_per_second": 44528.757242326436
}