{
    "elapsed_time": 0.7394911809824407,
    "num_requests": 128,
    "total_num_tokens": 16512,
    "requests_per_second": 173.09198985976732,
    "tokens_per_second": 22328.866691909985
}