{
  "interrupted": true,
  "signal": 2,
  "results": {
    "0": {
      "success": true,
      "duration": 3899.3044757843018,
      "skipped": false
    },
    "1": {
      "success": true,
      "duration": 833.3450980186462,
      "skipped": false
    },
    "2": {
      "success": true,
      "duration": 12301.779834508896,
      "skipped": false
    },
    "3": {
      "success": true,
      "duration": 2561.909294128418,
      "skipped": false
    }
  },
  "timestamp": "2026-01-27T19:10:52.000874"
}