{
    "elapsed_time": 6.46635907003656,
    "num_requests": 512,
    "total_num_tokens": 139264,
    "requests_per_second": 79.17902400014808,
    "tokens_per_second": 21536.694528040276
}