{
    "elapsed_time": 3.436251124832779,
    "num_requests": 256,
    "total_num_tokens": 69632,
    "requests_per_second": 74.49979372868388,
    "tokens_per_second": 20263.943894202013
}