{
    "elapsed_time": 2.0462313489988446,
    "num_requests": 64,
    "total_num_tokens": 17408,
    "requests_per_second": 31.277010799054146,
    "tokens_per_second": 8507.346937342729
}