{
    "elapsed_time": 2.448375432053581,
    "num_requests": 128,
    "total_num_tokens": 34816,
    "requests_per_second": 52.279563960760576,
    "tokens_per_second": 14220.041397326877
}