{
    "elapsed_time": 2.2197666600113735,
    "num_requests": 64,
    "total_num_tokens": 17408,
    "requests_per_second": 28.83185929086442,
    "tokens_per_second": 7842.265727115122
}