{
    "elapsed_time": 1.776324883918278,
    "num_requests": 128,
    "total_num_tokens": 34816,
    "requests_per_second": 72.05889032959627,
    "tokens_per_second": 19600.018169650182
}