{
    "elapsed_time": 2.4237206070683897,
    "num_requests": 256,
    "total_num_tokens": 69632,
    "requests_per_second": 105.62273524985403,
    "tokens_per_second": 28729.383987960297
}