{
    "elapsed_time": 7.422663355944678,
    "num_requests": 512,
    "total_num_tokens": 139264,
    "requests_per_second": 68.9779362807756,
    "tokens_per_second": 18761.998668370965
}