{
    "elapsed_time": 1.07440136896912,
    "num_requests": 16,
    "total_num_tokens": 4352,
    "requests_per_second": 14.892013787502782,
    "tokens_per_second": 4050.6277502007565
}