{
    "elapsed_time": 1.7156999820144847,
    "num_requests": 128,
    "total_num_tokens": 34816,
    "requests_per_second": 74.60511822685288,
    "tokens_per_second": 20292.592157703984
}