{
    "elapsed_time": 4.510806948994286,
    "num_requests": 512,
    "total_num_tokens": 139264,
    "requests_per_second": 113.5051900445781,
    "tokens_per_second": 30873.411692125243
}