{
    "elapsed_time": 1.2751809330657125,
    "num_requests": 64,
    "total_num_tokens": 17408,
    "requests_per_second": 50.18895620257989,
    "tokens_per_second": 13651.39608710173
}