{
    "elapsed_time": 2.6410797080025077,
    "num_requests": 128,
    "total_num_tokens": 34816,
    "requests_per_second": 48.46502724327412,
    "tokens_per_second": 13182.48741017056
}