{
    "elapsed_time": 4.083988721016794,
    "num_requests": 256,
    "total_num_tokens": 69632,
    "requests_per_second": 62.68381660374993,
    "tokens_per_second": 17049.998116219984
}