{
    "elapsed_time": 0.938318183994852,
    "num_requests": 16,
    "total_num_tokens": 4352,
    "requests_per_second": 17.051785069197575,
    "tokens_per_second": 4638.085538821741
}