{
    "elapsed_time": 2.441575280041434,
    "num_requests": 256,
    "total_num_tokens": 69632,
    "requests_per_second": 104.85034071759428,
    "tokens_per_second": 28519.292675185643
}