{
    "elapsed_time": 3.20625943003688,
    "num_requests": 128,
    "total_num_tokens": 34816,
    "requests_per_second": 39.92190987443823,
    "tokens_per_second": 10858.759485847197
}