{
    "elapsed_time": 16.221948374062777,
    "num_requests": 512,
    "total_num_tokens": 139264,
    "requests_per_second": 31.562176638327564,
    "tokens_per_second": 8584.912045625098
}