{
    "elapsed_time": 4.236901246011257,
    "num_requests": 64,
    "total_num_tokens": 17408,
    "requests_per_second": 15.105379210868197,
    "tokens_per_second": 4108.6631453561495
}