{
    "elapsed_time": 9.234307979000732,
    "num_requests": 512,
    "total_num_tokens": 139264,
    "requests_per_second": 55.44541087045321,
    "tokens_per_second": 15081.151756763273
}