{
    "elapsed_time": 2.7671602179761976,
    "num_requests": 64,
    "total_num_tokens": 17408,
    "requests_per_second": 23.128404197284723,
    "tokens_per_second": 6290.925941661445
}