{
    "elapsed_time": 8.79247258999385,
    "num_requests": 256,
    "total_num_tokens": 69632,
    "requests_per_second": 29.115814394614915,
    "tokens_per_second": 7919.501515335257
}