{
    "elapsed_time": 5.41999412199948,
    "num_requests": 128,
    "total_num_tokens": 34816,
    "requests_per_second": 23.616261774243355,
    "tokens_per_second": 6423.623202594193
}