{
    "elapsed_time": 4.865522637963295,
    "num_requests": 256,
    "total_num_tokens": 69632,
    "requests_per_second": 52.61510819054815,
    "tokens_per_second": 14311.309427829097
}