{
    "elapsed_time": 7.45035231905058,
    "num_requests": 512,
    "total_num_tokens": 139264,
    "requests_per_second": 68.72158229226476,
    "tokens_per_second": 18692.270383496012
}