{
    "elapsed_time": 2.116681983927265,
    "num_requests": 64,
    "total_num_tokens": 17408,
    "requests_per_second": 30.23600166958251,
    "tokens_per_second": 8224.192454126443
}