{
    "elapsed_time": 2.7868233770132065,
    "num_requests": 128,
    "total_num_tokens": 34816,
    "requests_per_second": 45.93043142087631,
    "tokens_per_second": 12493.077346478356
}