{
    "elapsed_time": 3.839501324109733,
    "num_requests": 256,
    "total_num_tokens": 69632,
    "requests_per_second": 66.67532535865418,
    "tokens_per_second": 18135.688497553936
}