{
    "elapsed_time": 2.37979204102885,
    "num_requests": 64,
    "total_num_tokens": 17408,
    "requests_per_second": 26.893106160793376,
    "tokens_per_second": 7314.924875735798
}