{
    "elapsed_time": 2.843347690999508,
    "num_requests": 256,
    "total_num_tokens": 69632,
    "requests_per_second": 90.03471534992246,
    "tokens_per_second": 24489.44257517891
}