{
    "elapsed_time": 4.317248589009978,
    "num_requests": 256,
    "total_num_tokens": 69632,
    "requests_per_second": 59.297025575890075,
    "tokens_per_second": 16128.7909566421
}