{
    "elapsed_time": 5.576818733010441,
    "num_requests": 512,
    "total_num_tokens": 139264,
    "requests_per_second": 91.80861428566024,
    "tokens_per_second": 24971.943085699586
}