{
    "elapsed_time": 1.4126052060164511,
    "num_requests": 64,
    "total_num_tokens": 17408,
    "requests_per_second": 45.30635999882805,
    "tokens_per_second": 12323.32991968123
}