{
    "elapsed_time": 2.955206388956867,
    "num_requests": 128,
    "total_num_tokens": 34816,
    "requests_per_second": 43.31338768023631,
    "tokens_per_second": 11781.241449024275
}