{
    "elapsed_time": 8.312882623053156,
    "num_requests": 512,
    "total_num_tokens": 139264,
    "requests_per_second": 61.59114993156882,
    "tokens_per_second": 16752.792781386717
}