{
    "elapsed_time": 0.9597276659915224,
    "num_requests": 16,
    "total_num_tokens": 4352,
    "requests_per_second": 16.67139602927872,
    "tokens_per_second": 4534.619719963812
}