{
    "elapsed_time": 2.0891462999861687,
    "num_requests": 128,
    "total_num_tokens": 34816,
    "requests_per_second": 61.269045638808265,
    "tokens_per_second": 16665.18041375585
}