{
    "elapsed_time": 8.93791435600724,
    "num_requests": 256,
    "total_num_tokens": 69632,
    "requests_per_second": 28.642028755616845,
    "tokens_per_second": 7790.6318215277815
}