{
    "elapsed_time": 5.354399973992258,
    "num_requests": 256,
    "total_num_tokens": 69632,
    "requests_per_second": 47.811146205636476,
    "tokens_per_second": 13004.63176793312
}