{
    "elapsed_time": 2.7907241909997538,
    "num_requests": 64,
    "total_num_tokens": 17408,
    "requests_per_second": 22.93311542803251,
    "tokens_per_second": 6237.807396424843
}