{
    "elapsed_time": 4.408598834997974,
    "num_requests": 64,
    "total_num_tokens": 17408,
    "requests_per_second": 14.517084088470801,
    "tokens_per_second": 3948.646872064058
}