{
    "elapsed_time": 3.5228217280237004,
    "num_requests": 128,
    "total_num_tokens": 34816,
    "requests_per_second": 36.33450962953152,
    "tokens_per_second": 9882.986619232572
}