{
    "elapsed_time": 5.786705969949253,
    "num_requests": 128,
    "total_num_tokens": 34816,
    "requests_per_second": 22.11966543050787,
    "tokens_per_second": 6016.548997098141
}