{
    "elapsed_time": 18.455291877966374,
    "num_requests": 512,
    "total_num_tokens": 139264,
    "requests_per_second": 27.742720266119047,
    "tokens_per_second": 7546.019912384381
}