{
    "elapsed_time": 10.823423944064416,
    "num_requests": 512,
    "total_num_tokens": 139264,
    "requests_per_second": 47.30480877825927,
    "tokens_per_second": 12866.907987686522
}