{
    "elapsed_time": 1.8791881990619004,
    "num_requests": 64,
    "total_num_tokens": 17408,
    "requests_per_second": 34.05725942295141,
    "tokens_per_second": 9263.574563042785
}