{
    "elapsed_time": 3.873209502082318,
    "num_requests": 256,
    "total_num_tokens": 69632,
    "requests_per_second": 66.09505627371023,
    "tokens_per_second": 17977.855306449183
}