{
    "elapsed_time": 8.52916196314618,
    "num_requests": 512,
    "total_num_tokens": 139264,
    "requests_per_second": 60.02934429106994,
    "tokens_per_second": 16327.981647171024
}