{
    "elapsed_time": 2.2241453318856657,
    "num_requests": 128,
    "total_num_tokens": 34816,
    "requests_per_second": 57.550196097788074,
    "tokens_per_second": 15653.653338598357
}