{
    "elapsed_time": 2.5604853029362857,
    "num_requests": 128,
    "total_num_tokens": 34816,
    "requests_per_second": 49.99052322355201,
    "tokens_per_second": 13597.422316806147
}