{
    "elapsed_time": 1.0488882141653448,
    "num_requests": 64,
    "total_num_tokens": 17408,
    "requests_per_second": 61.01698840321907,
    "tokens_per_second": 16596.620845675585
}