{
    "elapsed_time": 2.72364163515158,
    "num_requests": 256,
    "total_num_tokens": 69632,
    "requests_per_second": 93.99180740081201,
    "tokens_per_second": 25565.77161302087
}