{
    "elapsed_time": 0.7652046049479395,
    "num_requests": 16,
    "total_num_tokens": 4352,
    "requests_per_second": 20.90944029419237,
    "tokens_per_second": 5687.367760020325
}