{
    "elapsed_time": 0.7539655510336161,
    "num_requests": 16,
    "total_num_tokens": 4352,
    "requests_per_second": 21.22112870815583,
    "tokens_per_second": 5772.147008618386
}