{
    "elapsed_time": 1.503475944045931,
    "num_requests": 128,
    "total_num_tokens": 34816,
    "requests_per_second": 85.13604790745465,
    "tokens_per_second": 23157.005030827666
}