{
    "elapsed_time": 2.76657443982549,
    "num_requests": 256,
    "total_num_tokens": 69632,
    "requests_per_second": 92.53320507658125,
    "tokens_per_second": 25169.031780830104
}