{
    "elapsed_time": 1.9310300699435174,
    "num_requests": 64,
    "total_num_tokens": 17408,
    "requests_per_second": 33.14293288134658,
    "tokens_per_second": 9014.87774372627
}