{
    "elapsed_time": 5.591763430042192,
    "num_requests": 512,
    "total_num_tokens": 139264,
    "requests_per_second": 91.56324411888374,
    "tokens_per_second": 24905.20240033638
}