{
    "elapsed_time": 10.90216471394524,
    "num_requests": 512,
    "total_num_tokens": 139264,
    "requests_per_second": 46.96315029482976,
    "tokens_per_second": 12773.976880193695
}