{
    "elapsed_time": 1.4970565878320485,
    "num_requests": 128,
    "total_num_tokens": 34816,
    "requests_per_second": 85.50111000504147,
    "tokens_per_second": 23256.30192137128
}