{
    "elapsed_time": 4.624648411991075,
    "num_requests": 256,
    "total_num_tokens": 69632,
    "requests_per_second": 55.35555942722637,
    "tokens_per_second": 15056.712164205574
}