{
    "elapsed_time": 14.490994264837354,
    "num_requests": 512,
    "total_num_tokens": 139264,
    "requests_per_second": 35.33228918890519,
    "tokens_per_second": 9610.382659382212
}