{
    "elapsed_time": 5.727031751070172,
    "num_requests": 256,
    "total_num_tokens": 69632,
    "requests_per_second": 44.70029347264628,
    "tokens_per_second": 12158.479824559789
}