{
    "elapsed_time": 3.2351514289621264,
    "num_requests": 128,
    "total_num_tokens": 34816,
    "requests_per_second": 39.56538134632661,
    "tokens_per_second": 10761.783726200838
}