{
    "elapsed_time": 2.802917226916179,
    "num_requests": 64,
    "total_num_tokens": 17408,
    "requests_per_second": 22.833353545161224,
    "tokens_per_second": 6210.672164283853
}