{
    "elapsed_time": 27.218052588868886,
    "num_requests": 512,
    "total_num_tokens": 139264,
    "requests_per_second": 18.811044556853705,
    "tokens_per_second": 5116.604119464208
}