{
    "elapsed_time": 8.822024753317237,
    "num_requests": 128,
    "total_num_tokens": 34816,
    "requests_per_second": 14.50914088082441,
    "tokens_per_second": 3946.4863195842395
}