{
    "elapsed_time": 6.635221603792161,
    "num_requests": 64,
    "total_num_tokens": 17408,
    "requests_per_second": 9.64549548178206,
    "tokens_per_second": 2623.5747710447204
}