{
    "elapsed_time": 13.980615713167936,
    "num_requests": 256,
    "total_num_tokens": 69632,
    "requests_per_second": 18.311067641955212,
    "tokens_per_second": 4980.610398611818
}