{
    "elapsed_time": 10.571346384007484,
    "num_requests": 128,
    "total_num_tokens": 34816,
    "requests_per_second": 12.10820224315425,
    "tokens_per_second": 3293.4310101379565
}