{
    "elapsed_time": 4.104032530914992,
    "num_requests": 64,
    "total_num_tokens": 17408,
    "requests_per_second": 15.594418299050673,
    "tokens_per_second": 4241.681777341783
}