{
    "elapsed_time": 16.591698969248682,
    "num_requests": 512,
    "total_num_tokens": 139264,
    "requests_per_second": 30.858804812511902,
    "tokens_per_second": 8393.594909003237
}