{
    "elapsed_time": 5.316907463595271,
    "num_requests": 128,
    "total_num_tokens": 34816,
    "requests_per_second": 24.074144768629644,
    "tokens_per_second": 6548.167377067263
}