{
    "elapsed_time": 8.623496629763395,
    "num_requests": 256,
    "total_num_tokens": 69632,
    "requests_per_second": 29.68633386095774,
    "tokens_per_second": 8074.682810180505
}