{
    "elapsed_time": 8.260622511152178,
    "num_requests": 64,
    "total_num_tokens": 17408,
    "requests_per_second": 7.74760012500237,
    "tokens_per_second": 2107.347234000644
}