{
    "elapsed_time": 33.25982972281054,
    "num_requests": 512,
    "total_num_tokens": 139264,
    "requests_per_second": 15.393945316829324,
    "tokens_per_second": 4187.153126177576
}