{
    "elapsed_time": 17.06850674189627,
    "num_requests": 256,
    "total_num_tokens": 69632,
    "requests_per_second": 14.998382920728718,
    "tokens_per_second": 4079.560154438211
}