{
    "elapsed_time": 31.37201244290918,
    "num_requests": 128,
    "total_num_tokens": 34816,
    "requests_per_second": 4.080069782993186,
    "tokens_per_second": 1109.7789809741466
}