{
    "elapsed_time": 26.421966179739684,
    "num_requests": 64,
    "total_num_tokens": 17408,
    "requests_per_second": 2.4222270047819183,
    "tokens_per_second": 658.8457453006818
}