{
    "elapsed_time": 92.19531086692587,
    "num_requests": 512,
    "total_num_tokens": 139264,
    "requests_per_second": 5.553427773989695,
    "tokens_per_second": 1510.532354525197
}