{
    "elapsed_time": 24.832745442166924,
    "num_requests": 256,
    "total_num_tokens": 69632,
    "requests_per_second": 10.308968881278124,
    "tokens_per_second": 2804.03953570765
}