{
    "elapsed_time": 47.95095423795283,
    "num_requests": 512,
    "total_num_tokens": 139264,
    "requests_per_second": 10.677576872802998,
    "tokens_per_second": 2904.3009094024155
}