{
    "elapsed_time": 16.08093907078728,
    "num_requests": 128,
    "total_num_tokens": 34816,
    "requests_per_second": 7.959734157100656,
    "tokens_per_second": 2165.047690731378
}