{
    "elapsed_time": 46.898039773106575,
    "num_requests": 256,
    "total_num_tokens": 69632,
    "requests_per_second": 5.458650323948119,
    "tokens_per_second": 1484.7528881138885
}