{
    "elapsed_time": 13.30647329473868,
    "num_requests": 64,
    "total_num_tokens": 17408,
    "requests_per_second": 4.809689132679905,
    "tokens_per_second": 1308.2354440889342
}