{
  "completed": true,
  "results": {
    "0": {
      "skipped": true
    },
    "1": {
      "success": true,
      "duration": 162.5270655155182,
      "skipped": false
    },
    "2": {
      "success": true,
      "duration": 6323.701971530914,
      "skipped": false
    },
    "3": {
      "success": true,
      "duration": 557.6670713424683,
      "skipped": false
    },
    "4": {
      "success": true,
      "duration": 20024.269124507904,
      "skipped": false
    },
    "5": {
      "success": true,
      "duration": 2813.7218639850616,
      "skipped": false
    }
  },
  "summary": {
    "success": 5,
    "failed": 0,
    "skipped": 1,
    "total_duration": 29881.887096881866
  },
  "timestamp": "2026-01-28T03:14:23.106908"
}