{
  "interrupted": true,
  "signal": 2,
  "results": {
    "0": {
      "success": true,
      "duration": 950.7365460395813,
      "skipped": false
    },
    "1": {
      "success": true,
      "duration": 1263.5922906398773,
      "skipped": false
    }
  },
  "timestamp": "2026-01-27T18:59:48.956081"
}