{
    "elapsed_time": 4.0216263839975,
    "num_requests": 128,
    "total_num_tokens": 131200,
    "requests_per_second": 31.827919298850407,
    "tokens_per_second": 32623.617281321665
}