{
    "elapsed_time": 11.416702467948198,
    "num_requests": 1024,
    "total_num_tokens": 1049600,
    "requests_per_second": 89.6931493900999,
    "tokens_per_second": 91935.4781248524
}