{
    "elapsed_time": 4.03238638699986,
    "num_requests": 128,
    "total_num_tokens": 65664,
    "requests_per_second": 31.742989811855157,
    "tokens_per_second": 16284.153773481696
}