{
    "elapsed_time": 21.910814107162878,
    "num_requests": 2048,
    "total_num_tokens": 2099200,
    "requests_per_second": 93.46982681627001,
    "tokens_per_second": 95806.57248667676
}