{
    "elapsed_time": 42.816498316824436,
    "num_requests": 4096,
    "total_num_tokens": 4198400,
    "requests_per_second": 95.66405850593593,
    "tokens_per_second": 98055.65996858432
}