{
    "elapsed_time": 4.129159803967923,
    "num_requests": 256,
    "total_num_tokens": 262400,
    "requests_per_second": 61.99808487770233,
    "tokens_per_second": 63548.036999644886
}