{
    "elapsed_time": 6.401402333052829,
    "num_requests": 512,
    "total_num_tokens": 524800,
    "requests_per_second": 79.98247467689274,
    "tokens_per_second": 81982.03654381506
}