{
    "elapsed_time": 3.7737136390060186,
    "num_requests": 128,
    "total_num_tokens": 131200,
    "requests_per_second": 33.91884288117704,
    "tokens_per_second": 34766.81395320647
}