{
    "elapsed_time": 4.331695872941054,
    "num_requests": 512,
    "total_num_tokens": 524800,
    "requests_per_second": 118.19851047215181,
    "tokens_per_second": 121153.4732339556
}