{
    "elapsed_time": 7.356449541985057,
    "num_requests": 512,
    "total_num_tokens": 524800,
    "requests_per_second": 69.5987917918679,
    "tokens_per_second": 71338.7615866646
}