{
    "elapsed_time": 6.874567150953226,
    "num_requests": 1024,
    "total_num_tokens": 1049600,
    "requests_per_second": 148.95483272106992,
    "tokens_per_second": 152678.70353909666
}