{
    "elapsed_time": 4.168146341922693,
    "num_requests": 256,
    "total_num_tokens": 262400,
    "requests_per_second": 61.41818904609565,
    "tokens_per_second": 62953.64377224804
}