{
    "elapsed_time": 13.928729484090582,
    "num_requests": 1024,
    "total_num_tokens": 1049600,
    "requests_per_second": 73.51711447692445,
    "tokens_per_second": 75355.04233884755
}