{
    "elapsed_time": 44.24941240006592,
    "num_requests": 8192,
    "total_num_tokens": 8396800,
    "requests_per_second": 185.1324018934949,
    "tokens_per_second": 189760.71194083226
}