{
    "elapsed_time": 11.65940177894663,
    "num_requests": 2048,
    "total_num_tokens": 2099200,
    "requests_per_second": 175.6522366094349,
    "tokens_per_second": 180043.5425246708
}