{
    "elapsed_time": 53.329309930908494,
    "num_requests": 4096,
    "total_num_tokens": 4198400,
    "requests_per_second": 76.80579413659446,
    "tokens_per_second": 78725.93899000932
}