{
    "elapsed_time": 3.942909618956037,
    "num_requests": 128,
    "total_num_tokens": 65664,
    "requests_per_second": 32.46333605635387,
    "tokens_per_second": 16653.691396909533
}