{
    "elapsed_time": 106.30135208601132,
    "num_requests": 8192,
    "total_num_tokens": 8396800,
    "requests_per_second": 77.06393041333689,
    "tokens_per_second": 78990.52867367031
}