{
    "elapsed_time": 4.201012858888134,
    "num_requests": 128,
    "total_num_tokens": 131200,
    "requests_per_second": 30.46884270520354,
    "tokens_per_second": 31230.56377283363
}