{
    "elapsed_time": 22.094787207897753,
    "num_requests": 4096,
    "total_num_tokens": 4198400,
    "requests_per_second": 185.38309337217288,
    "tokens_per_second": 190017.6707064772
}