{
    "elapsed_time": 4.248188760946505,
    "num_requests": 128,
    "total_num_tokens": 65664,
    "requests_per_second": 30.130487886202438,
    "tokens_per_second": 15456.94028562185
}