{
    "elapsed_time": 26.98014834302012,
    "num_requests": 2048,
    "total_num_tokens": 2099200,
    "requests_per_second": 75.90766269933525,
    "tokens_per_second": 77805.35426681863
}