{
    "elapsed_time": 4.2600566749460995,
    "num_requests": 256,
    "total_num_tokens": 262400,
    "requests_per_second": 60.093097236373985,
    "tokens_per_second": 61595.42466728333
}