{
    "elapsed_time": 26.928321401006542,
    "num_requests": 1024,
    "total_num_tokens": 1049600,
    "requests_per_second": 38.02687827254336,
    "tokens_per_second": 38977.550229356944
}