{
    "elapsed_time": 13.538290162105113,
    "num_requests": 256,
    "total_num_tokens": 262400,
    "requests_per_second": 18.90933027248647,
    "tokens_per_second": 19382.063529298634
}