{
    "elapsed_time": 7.009113875916228,
    "num_requests": 256,
    "total_num_tokens": 262400,
    "requests_per_second": 36.5238751334363,
    "tokens_per_second": 37436.9720117722
}