{
    "elapsed_time": 396.5245044080075,
    "num_requests": 8192,
    "total_num_tokens": 8396800,
    "requests_per_second": 20.659505046807315,
    "tokens_per_second": 21175.992672977496
}