{
    "elapsed_time": 50.11958047596272,
    "num_requests": 1024,
    "total_num_tokens": 1049600,
    "requests_per_second": 20.43113669898153,
    "tokens_per_second": 20941.915116456064
}