{
    "elapsed_time": 3.5321684930240735,
    "num_requests": 128,
    "total_num_tokens": 65664,
    "requests_per_second": 36.238361859802595,
    "tokens_per_second": 18590.27963407873
}