{
    "elapsed_time": 4.1131279449909925,
    "num_requests": 128,
    "total_num_tokens": 131200,
    "requests_per_second": 31.119868312358154,
    "tokens_per_second": 31897.865020167108
}