{
    "elapsed_time": 104.98713293299079,
    "num_requests": 4096,
    "total_num_tokens": 4198400,
    "requests_per_second": 39.01430475879666,
    "tokens_per_second": 39989.66237776657
}