{
    "elapsed_time": 13.586584297940135,
    "num_requests": 512,
    "total_num_tokens": 524800,
    "requests_per_second": 37.68423238485514,
    "tokens_per_second": 38626.33819447652
}