{
    "elapsed_time": 5.364940086030401,
    "num_requests": 128,
    "total_num_tokens": 65664,
    "requests_per_second": 23.85860754219701,
    "tokens_per_second": 12239.465669147065
}