{
    "elapsed_time": 51.861622749012895,
    "num_requests": 2048,
    "total_num_tokens": 2099200,
    "requests_per_second": 39.489701467912134,
    "tokens_per_second": 40476.94400460994
}