{
    "elapsed_time": 100.66424998105504,
    "num_requests": 2048,
    "total_num_tokens": 2099200,
    "requests_per_second": 20.344859276112746,
    "tokens_per_second": 20853.480758015565
}