{
    "elapsed_time": 7.502168726990931,
    "num_requests": 128,
    "total_num_tokens": 131200,
    "requests_per_second": 17.06173303454079,
    "tokens_per_second": 17488.27636040431
}