{
    "elapsed_time": 25.952700529946014,
    "num_requests": 512,
    "total_num_tokens": 524800,
    "requests_per_second": 19.728197433990314,
    "tokens_per_second": 20221.40236984007
}