{
    "elapsed_time": 199.4067826839164,
    "num_requests": 4096,
    "total_num_tokens": 4198400,
    "requests_per_second": 20.540926165448695,
    "tokens_per_second": 21054.449319584914
}