{
    "elapsed_time": 3.9061738059972413,
    "num_requests": 512,
    "total_num_tokens": 524800,
    "requests_per_second": 131.07455669635445,
    "tokens_per_second": 134351.4206137633
}