{
    "elapsed_time": 3.7659066490014084,
    "num_requests": 256,
    "total_num_tokens": 262400,
    "requests_per_second": 67.97831806794323,
    "tokens_per_second": 69677.77601964181
}