{
    "elapsed_time": 4.151254742988385,
    "num_requests": 1024,
    "total_num_tokens": 1049600,
    "requests_per_second": 246.67240711487818,
    "tokens_per_second": 252839.21729275014
}