{
    "elapsed_time": 3.8756294259801507,
    "num_requests": 128,
    "total_num_tokens": 65664,
    "requests_per_second": 33.02689342328664,
    "tokens_per_second": 16942.796326146043
}