{
    "elapsed_time": 6.563440194004215,
    "num_requests": 2048,
    "total_num_tokens": 2099200,
    "requests_per_second": 312.0314864559707,
    "tokens_per_second": 319832.27361736994
}