{
    "elapsed_time": 12.48133997496916,
    "num_requests": 4096,
    "total_num_tokens": 4198400,
    "requests_per_second": 328.1698926729316,
    "tokens_per_second": 336374.1399897549
}