{
    "elapsed_time": 3.909350256959442,
    "num_requests": 128,
    "total_num_tokens": 131200,
    "requests_per_second": 32.74201378403837,
    "tokens_per_second": 33560.56412863933
}