{
    "elapsed_time": 17.49398042599205,
    "num_requests": 8192,
    "total_num_tokens": 8396800,
    "requests_per_second": 468.2753610395358,
    "tokens_per_second": 479982.24506552424
}