{
    "elapsed_time": 7.68124165001791,
    "num_requests": 2048,
    "total_num_tokens": 2099200,
    "requests_per_second": 266.6235607878871,
    "tokens_per_second": 273289.14980758424
}