{
    "elapsed_time": 3.409730840998236,
    "num_requests": 1024,
    "total_num_tokens": 1049600,
    "requests_per_second": 300.31695982789444,
    "tokens_per_second": 307824.8838235918
}