{
    "elapsed_time": 28.266626366996206,
    "num_requests": 8192,
    "total_num_tokens": 8396800,
    "requests_per_second": 289.8117339381146,
    "tokens_per_second": 297057.0272865675
}