{
    "elapsed_time": 3.02204949001316,
    "num_requests": 128,
    "total_num_tokens": 16512,
    "requests_per_second": 42.35536195651204,
    "tokens_per_second": 5463.841692390053
}