{
    "elapsed_time": 3.6590420739958063,
    "num_requests": 128,
    "total_num_tokens": 65664,
    "requests_per_second": 34.9818333354717,
    "tokens_per_second": 17945.68050109698
}