{
    "elapsed_time": 3.7715356570552103,
    "num_requests": 512,
    "total_num_tokens": 524800,
    "requests_per_second": 135.753721177799,
    "tokens_per_second": 139147.564207244
}