{
    "elapsed_time": 3.56984932301566,
    "num_requests": 128,
    "total_num_tokens": 131200,
    "requests_per_second": 35.85585508462607,
    "tokens_per_second": 36752.251461741726
}