{
    "elapsed_time": 3.015120518975891,
    "num_requests": 256,
    "total_num_tokens": 262400,
    "requests_per_second": 84.90539545230264,
    "tokens_per_second": 87028.0303386102
}