{
    "elapsed_time": 4.24969757796498,
    "num_requests": 1024,
    "total_num_tokens": 1049600,
    "requests_per_second": 240.95832261324227,
    "tokens_per_second": 246982.28067857333
}