{
    "elapsed_time": 4.551946329011116,
    "num_requests": 2048,
    "total_num_tokens": 2099200,
    "requests_per_second": 449.9174313518139,
    "tokens_per_second": 461165.3671356092
}