{
    "elapsed_time": 3.1658891700208187,
    "num_requests": 128,
    "total_num_tokens": 32896,
    "requests_per_second": 40.430979458184346,
    "tokens_per_second": 10390.761720753377
}