{
    "elapsed_time": 8.835384674021043,
    "num_requests": 4096,
    "total_num_tokens": 4198400,
    "requests_per_second": 463.5904548721683,
    "tokens_per_second": 475180.21624397254
}