{
    "elapsed_time": 3.2107726949616335,
    "num_requests": 512,
    "total_num_tokens": 524800,
    "requests_per_second": 159.4631724641965,
    "tokens_per_second": 163449.75177580141
}