{
    "elapsed_time": 3.822983571968507,
    "num_requests": 256,
    "total_num_tokens": 262400,
    "requests_per_second": 66.96340572245307,
    "tokens_per_second": 68637.4908655144
}