{
    "elapsed_time": 2.946592401014641,
    "num_requests": 128,
    "total_num_tokens": 2176,
    "requests_per_second": 43.440008857663514,
    "tokens_per_second": 738.4801505802798
}