{
    "elapsed_time": 2.9502245859475806,
    "num_requests": 128,
    "total_num_tokens": 65664,
    "requests_per_second": 43.38652745614204,
    "tokens_per_second": 22257.288585000868
}