{
    "elapsed_time": 3.1112119629979134,
    "num_requests": 128,
    "total_num_tokens": 131200,
    "requests_per_second": 41.141523471342424,
    "tokens_per_second": 42170.061558125984
}