{
    "elapsed_time": 14.35887959698448,
    "num_requests": 4096,
    "total_num_tokens": 4198400,
    "requests_per_second": 285.25902542286127,
    "tokens_per_second": 292390.50105843286
}