{
    "elapsed_time": 13.115184445981868,
    "num_requests": 1024,
    "total_num_tokens": 1049600,
    "requests_per_second": 78.07743796647294,
    "tokens_per_second": 80029.37391563476
}