{
    "elapsed_time": 5.530997869034763,
    "num_requests": 128,
    "total_num_tokens": 65664,
    "requests_per_second": 23.142297833200537,
    "tokens_per_second": 11871.998788431876
}