{
    "elapsed_time": 3.3428248300333507,
    "num_requests": 128,
    "total_num_tokens": 65664,
    "requests_per_second": 38.29096841988067,
    "tokens_per_second": 19643.266799398785
}