{
    "elapsed_time": 24.484768227965105,
    "num_requests": 2048,
    "total_num_tokens": 2099200,
    "requests_per_second": 83.64383852573664,
    "tokens_per_second": 85734.93448888006
}