{
    "elapsed_time": 3.763251369004138,
    "num_requests": 512,
    "total_num_tokens": 524800,
    "requests_per_second": 136.05256460332853,
    "tokens_per_second": 139453.87871841175
}