{
    "elapsed_time": 3.5185265859472565,
    "num_requests": 256,
    "total_num_tokens": 262400,
    "requests_per_second": 72.75772791441898,
    "tokens_per_second": 74576.67111227945
}