{
    "elapsed_time": 5.3103248290135525,
    "num_requests": 256,
    "total_num_tokens": 262400,
    "requests_per_second": 48.20797375733315,
    "tokens_per_second": 49413.17310126648
}