{
    "elapsed_time": 6.933907349011861,
    "num_requests": 1024,
    "total_num_tokens": 1049600,
    "requests_per_second": 147.68008115163644,
    "tokens_per_second": 151372.08318042738
}