{
    "elapsed_time": 25.275752856978215,
    "num_requests": 4096,
    "total_num_tokens": 4198400,
    "requests_per_second": 162.05254194314384,
    "tokens_per_second": 166103.85549172244
}