{
    "elapsed_time": 47.59550943196518,
    "num_requests": 4096,
    "total_num_tokens": 4198400,
    "requests_per_second": 86.05853890176293,
    "tokens_per_second": 88210.002374307
}