{
    "elapsed_time": 5.47572157200193,
    "num_requests": 128,
    "total_num_tokens": 131200,
    "requests_per_second": 23.375914629129518,
    "tokens_per_second": 23960.312494857753
}