{
    "elapsed_time": 13.067215221992228,
    "num_requests": 2048,
    "total_num_tokens": 2099200,
    "requests_per_second": 156.72811423150048,
    "tokens_per_second": 160646.31708728801
}