{
    "elapsed_time": 93.39039638300892,
    "num_requests": 8192,
    "total_num_tokens": 8396800,
    "requests_per_second": 87.71779880238756,
    "tokens_per_second": 89910.74377244725
}