{
    "elapsed_time": 6.787869051040616,
    "num_requests": 512,
    "total_num_tokens": 524800,
    "requests_per_second": 75.42867962685693,
    "tokens_per_second": 77314.39661752836
}