{
    "elapsed_time": 3.2144593650009483,
    "num_requests": 128,
    "total_num_tokens": 131200,
    "requests_per_second": 39.820070956150424,
    "tokens_per_second": 40815.572730054184
}